customer_id,company_name,country,region,is_eu,industry,company_size_bucket,annual_contract_value,product_tier,sales_segment,acquisition_channel,contract_start_date,contract_end_date,renewed_flag,discount_pct,initial_onboarding_score,is_churned,total_logins,avg_daily_logins,active_days,total_feature_events,avg_feature_events,total_session_minutes,avg_session_minutes,q1q2_logins,q1q2_session_minutes,q3q4_logins,q3q4_session_minutes,tickets_product_performance,tickets_product_usability,tickets_billing_admin,tickets_sales_expectation,total_tickets,avg_sentiment,avg_first_response_hours,avg_resolution_hours,resolved_tickets
C100000,Company_0,Canada,North America,0,Healthcare,51-200,12999.25,Growth,MidMarket,Partner,2023-05-02,,1,0.03,7.0,0,1459.0,3.986338797814207,366,525.0,1.4344262295081966,9925.17120997267,27.11795412560839,695,4897.11,764.0,5028.06120997267,1.0,0.0,0.0,0.0,1.0,0.44,0.11,14.88,1.0
C100001,Company_1,UK,Europe,1,Wholesale,10-Jan,1799.72,Starter,SMB_Field,Inbound,2023-02-18,,1,0.15,4.9,0,327.0,0.9732142857142856,336,109.0,0.3244047619047619,4462.991577598722,13.282713028567624,177,2493.68,150.0,1969.311577598722,1.0,0.0,0.0,0.0,1.0,-0.5,8.12,9.37,1.0
C100002,Company_2,US,North America,0,Manufacturing,10-Jan,1770.83,Starter,SMB_Field,Inbound,2023-11-12,2024-05-13,0,0.37,4.8,1,140.0,0.3825136612021858,366,60.0,0.1639344262295081,1660.61,4.537185792349726,140,1660.61,0.0,0.0,0.0,1.0,0.0,0.0,1.0,-0.5,2.97,31.65,1.0
C100003,Company_3,France,Europe,1,Unknown,10-Jan,1790.3,Starter,SMB_Field,Outbound,2023-08-06,,1,0.1,8.0,0,308.0,0.9166666666666666,336,96.0,0.2857142857142857,4544.824618036918,13.526263744157491,185,2630.72,123.0,1914.1046180369176,0.0,0.0,1.0,0.0,1.0,-0.11,0.1,12.49,1.0
C100004,Company_4,Netherlands,Europe,1,Professional Services,10-Jan,1552.0,Starter,SMB_Inside,Inbound,2023-09-09,2024-03-10,0,0.11,3.8,1,57.0,0.1696428571428571,336,18.0,0.0535714285714285,976.99,2.9077083333333333,57,976.99,0.0,0.0,1.0,0.0,0.0,0.0,1.0,0.2,5.19,35.67,1.0
C100005,Company_5,Germany,Europe,1,Manufacturing,51-200,13476.07,Enterprise,MidMarket,Outbound,2023-08-19,2024-08-19,0,0.17,8.2,0,2304.0,6.857142857142857,336,762.0,2.267857142857143,6944.624483536889,20.668525248621695,1792,5452.91,512.0,1491.714483536889,1.0,1.0,1.0,1.0,4.0,-0.035,1.2875,15.25,4.0
C100006,Company_6,Canada,North America,0,Wholesale,51-200,21487.81,Enterprise,MidMarket,Partner,2023-02-04,,1,0.07,5.9,0,3654.0,9.98360655737705,366,1287.0,3.5163934426229506,10763.901022080248,29.40956563409904,1849,5213.91,1805.0,5549.9910220802485,3.0,1.0,2.0,1.0,7.0,-0.0542857142857142,2.54,8.217142857142857,6.0
C100007,Company_7,Germany,Europe,1,Healthcare,10-Jan,2079.68,Starter,SMB_Inside,Inbound,2024-02-11,2024-08-12,0,0.21,6.8,0,177.0,0.5267857142857143,336,58.0,0.1726190476190476,2514.803089673403,7.484533004980366,126,1866.64,51.0,648.1630896734031,0.0,1.0,0.0,0.0,1.0,0.29,1.5,7.19,1.0
C100008,Company_8,France,Europe,1,Unknown,201-1000,60522.71,Growth,Enterprise,SelfServe,2023-01-28,,1,0.14,5.5,0,1342.0,3.994047619047619,336,499.0,1.4851190476190477,8975.591060611017,26.713068632770884,718,4827.6,624.0,4147.991060611018,0.0,0.0,1.0,0.0,1.0,-0.06,6.18,19.12,1.0
C100009,Company_9,Netherlands,Europe,1,Wholesale,10-Jan,1239.73,Starter,SMB_Inside,Inbound,2023-11-14,,1,0.15,6.7,0,303.0,0.9017857142857144,336,105.0,0.3125,4170.162677284804,12.411198444300013,166,2277.89,137.0,1892.272677284804,2.0,0.0,1.0,0.0,3.0,0.4000000000000001,2.603333333333333,7.586666666666666,3.0
C100010,Company_10,US,North America,0,Ecommerce,10-Jan,1073.77,Starter,SMB_Inside,Inbound,2023-04-11,2023-07-11,0,0.09,5.9,1,0.0,0.0,366,0.0,0.0,0.0,0.0,0,0.0,0.0,0.0,0.0,0.0,0.0,0.0,0.0,0.0,0.0,0.0,0.0
C100011,Company_11,France,Europe,1,Unknown,Nov-50,8621.98,Growth,SMB_Inside,Partner,2024-02-05,2025-02-05,0,0.22,6.7,0,1219.0,3.6279761904761902,336,442.0,1.3154761904761905,8069.739639332816,24.017082259919096,591,3974.01,628.0,4095.729639332817,0.0,0.0,0.0,1.0,1.0,-0.12,7.18,13.61,1.0
C100012,Company_12,Australia,North America,0,Logistics,51-200,30326.93,Enterprise,MidMarket,Partner,2023-05-28,,1,0.2,7.2,0,3523.0,9.62568306010929,366,1236.0,3.377049180327869,10787.418406468145,29.47382078269985,1776,5163.71,1747.0,5623.708406468145,0.0,0.0,0.0,2.0,2.0,0.015,1.285,14.185,2.0
C100013,Company_13,UK,Europe,1,Manufacturing,51-200,30873.53,Growth,MidMarket,Partner,2024-02-19,2025-02-19,0,0.08,8.2,0,1163.0,3.4613095238095237,336,408.0,1.2142857142857142,7978.93619111195,23.7468339021189,537,3740.94,626.0,4237.996191111951,1.0,0.0,2.0,1.0,4.0,0.0475,3.5975,14.815,4.0
C100014,Company_14,Canada,North America,0,Manufacturing,10-Jan,2701.86,Growth,SMB_Inside,Outbound,2023-04-30,,1,0.16,7.7,0,1463.0,3.9972677595628414,366,514.0,1.4043715846994536,9801.723649423222,26.780665708806616,750,4727.89,713.0,5073.833649423223,1.0,2.0,1.0,0.0,4.0,0.2,3.2375,4.8175,4.0
C100015,Company_15,US,North America,0,Unknown,51-200,29558.84,Growth,MidMarket,Outbound,2023-11-06,2024-11-06,0,0.35,7.1,0,1213.0,3.314207650273224,366,424.0,1.1584699453551912,8360.874267365634,22.843918763294084,716,4987.85,497.0,3373.024267365635,0.0,0.0,1.0,0.0,1.0,0.65,1.08,2.49,1.0
C100016,Company_16,Canada,North America,0,Professional Services,51-200,17319.69,Starter,MidMarket,Partner,2024-01-10,2025-01-10,0,0.27,5.8,0,359.0,0.9808743169398908,366,126.0,0.3442622950819672,4924.962368927607,13.45618133586778,168,2340.11,191.0,2584.8523689276067,0.0,0.0,0.0,0.0,0.0,0.0,0.0,0.0,0.0
C100017,Company_17,UK,Europe,1,Retail,Nov-50,7004.03,Growth,SMB_Field,Inbound,2023-10-31,2024-10-31,0,0.17,7.4,0,1109.0,3.300595238095238,336,385.0,1.1458333333333333,7366.16857483048,21.923120758424048,725,4819.19,384.0,2546.97857483048,2.0,0.0,1.0,1.0,4.0,0.07,8.325,10.855,4.0
C100018,Company_18,Canada,North America,0,Unknown,1000+,319847.96,Growth,Enterprise,SelfServe,2023-06-10,,1,0.02,6.4,0,1524.0,4.163934426229508,366,554.0,1.5136612021857925,9905.408055270856,27.06395643516627,744,4805.93,780.0,5099.4780552708535,1.0,2.0,1.0,0.0,4.0,-0.1475,5.234999999999999,16.1375,4.0
C100019,Company_19,UK,Europe,1,Hospitality,Nov-50,7879.11,Starter,SMB_Field,Outbound,2023-09-30,2024-09-30,0,0.06,7.3,0,238.0,0.7083333333333334,336,81.0,0.2410714285714285,3270.9318103969827,9.734916102371972,187,2565.49,51.0,705.4418103969824,0.0,0.0,0.0,2.0,2.0,-0.09,5.205,10.005,2.0
C100020,Company_20,Spain,Europe,1,Healthcare,10-Jan,2773.23,Growth,SMB_Inside,SelfServe,2024-02-04,,1,0.33,8.5,0,1254.0,3.732142857142857,336,467.0,1.3898809523809523,8383.218841956537,24.9500560772516,640,4148.26,614.0,4234.958841956538,1.0,0.0,0.0,0.0,1.0,0.07,10.67,38.43,1.0
C100021,Company_21,UK,Europe,1,Wholesale,Nov-50,5521.33,Growth,SMB_Field,Outbound,2023-11-22,2024-11-22,0,0.26,5.1,0,1246.0,3.7083333333333335,336,410.0,1.2202380952380951,8140.635049435083,24.22808050427108,769,5051.71,477.0,3088.925049435083,2.0,2.0,0.0,0.0,4.0,0.0474999999999999,6.6675,19.0475,3.0
C100022,Company_22,Spain,Europe,1,Hospitality,10-Jan,1645.91,Starter,SMB_Inside,Inbound,2024-01-05,2024-07-06,0,0.23,3.3,0,201.0,0.5982142857142857,336,75.0,0.2232142857142857,2600.011507775018,7.738129487425648,194,2509.93,7.0,90.08150777501773,1.0,0.0,0.0,1.0,2.0,-0.215,2.03,5.09,2.0
C100023,Company_23,Spain,Europe,1,Hospitality,10-Jan,1500.49,Starter,SMB_Inside,Outbound,2023-05-02,,1,0.37,8.6,0,337.0,1.0029761904761905,336,128.0,0.3809523809523809,4843.9994254852145,14.416664956801233,189,2639.95,148.0,2204.049425485214,1.0,0.0,0.0,2.0,3.0,-0.0533333333333333,3.723333333333333,12.86,3.0
C100024,Company_24,France,Europe,1,Manufacturing,Nov-50,5179.89,Starter,SMB_Field,Inbound,2023-02-16,,1,0.26,7.1,0,350.0,1.0416666666666667,336,131.0,0.3898809523809524,4823.833396512103,14.356647013428878,181,2721.51,169.0,2102.3233965121026,0.0,0.0,0.0,0.0,0.0,0.0,0.0,0.0,0.0
C100025,Company_25,Spain,Europe,1,Ecommerce,Nov-50,6521.95,Growth,SMB_Field,Outbound,2023-09-07,2024-09-07,0,0.18,6.2,0,1007.0,2.9970238095238093,336,345.0,1.0267857142857142,6758.837923622375,20.115589058399923,747,5007.2,260.0,1751.6379236223745,0.0,1.0,0.0,0.0,1.0,-0.23,5.18,11.26,1.0
C100026,Company_26,Australia,North America,0,Logistics,Nov-50,8744.48,Starter,SMB_Inside,Inbound,2024-03-20,2025-03-21,0,0.16,8.1,0,322.0,0.8797814207650273,366,124.0,0.3387978142076502,3999.201540570056,10.926780165491955,116,1362.51,206.0,2636.691540570056,0.0,1.0,0.0,0.0,1.0,0.13,5.62,13.4,1.0
C100027,Company_27,Spain,Europe,1,Healthcare,10-Jan,1770.79,Starter,SMB_Inside,Partner,2023-12-03,,1,0.05,4.8,0,333.0,0.9910714285714286,336,111.0,0.3303571428571428,4592.171779561618,13.667177915361956,181,2598.41,152.0,1993.761779561618,0.0,0.0,0.0,0.0,0.0,0.0,0.0,0.0,0.0
C100028,Company_28,Australia,North America,0,Wholesale,51-200,34205.04,Growth,MidMarket,Inbound,2024-04-01,2025-04-02,0,0.05,9.2,0,1051.0,2.871584699453552,366,373.0,1.0191256830601092,7554.500386798969,20.640711439341445,360,2473.13,691.0,5081.37038679897,1.0,0.0,0.0,0.0,1.0,0.16,16.73,32.82,1.0
C100029,Company_29,US,North America,0,Hospitality,10-Jan,1778.4,Starter,SMB_Inside,Outbound,2024-02-01,2025-02-01,0,0.12,5.9,0,331.0,0.9043715846994536,366,120.0,0.3278688524590163,4455.374901469561,12.17315546849607,141,2030.74,190.0,2424.634901469561,0.0,0.0,0.0,0.0,0.0,0.0,0.0,0.0,0.0
C100030,Company_30,Germany,Europe,1,Professional Services,Nov-50,8469.07,Starter,SMB_Inside,Partner,2023-02-22,,1,0.22,6.5,0,349.0,1.0386904761904765,336,129.0,0.3839285714285714,4500.429056406906,13.394134096449124,194,2571.72,155.0,1928.709056406906,0.0,0.0,0.0,0.0,0.0,0.0,0.0,0.0,0.0
C100031,Company_31,Australia,North America,0,Ecommerce,10-Jan,2726.28,Starter,SMB_Inside,Outbound,2023-12-05,,1,0.13,8.1,0,375.0,1.024590163934426,366,126.0,0.3442622950819672,4780.219147122597,13.060708052247533,179,2216.23,196.0,2563.989147122597,0.0,0.0,0.0,0.0,0.0,0.0,0.0,0.0,0.0
C100032,Company_32,France,Europe,1,Unknown,Nov-50,6280.62,Starter,SMB_Inside,Inbound,2023-05-21,,1,0.06,8.0,0,319.0,0.949404761904762,336,92.0,0.2738095238095238,4540.121674317163,13.512266887848698,164,2377.68,155.0,2162.4416743171623,0.0,0.0,0.0,1.0,1.0,0.22,1.6,4.63,1.0
C100033,Company_33,Canada,North America,0,Retail,Nov-50,6892.04,Starter,SMB_Inside,SelfServe,2023-06-22,,1,0.15,7.8,0,353.0,0.96448087431694,366,118.0,0.3224043715846995,5081.487278093958,13.883845022114638,170,2505.41,183.0,2576.0772780939583,0.0,0.0,1.0,0.0,1.0,0.03,2.03,6.57,1.0
C100034,Company_34,Canada,North America,0,Unknown,Nov-50,3318.12,Enterprise,SMB_Inside,Partner,2023-05-24,,1,0.04,5.7,0,3776.0,10.316939890710383,366,1302.0,3.557377049180328,10912.220028345397,29.81480882061583,1852,5441.73,1924.0,5470.490028345395,1.0,0.0,0.0,2.0,3.0,-0.0166666666666666,1.4766666666666666,12.173333333333332,3.0
C100035,Company_35,UK,Europe,1,Logistics,Nov-50,3226.21,Starter,SMB_Inside,SelfServe,2024-02-15,2025-02-15,0,0.19,6.2,0,258.0,0.7678571428571429,336,113.0,0.3363095238095238,3803.902590035385,11.321138660819598,125,1804.83,133.0,1999.072590035385,0.0,1.0,0.0,0.0,1.0,0.34,0.23,29.52,1.0
C100036,Company_36,Spain,Europe,1,Unknown,Nov-50,5635.24,Growth,SMB_Inside,Inbound,2023-04-29,,1,0.41,7.8,0,1394.0,4.148809523809524,336,457.0,1.3601190476190477,8954.67053582866,26.65080516615673,740,4817.2,654.0,4137.470535828659,1.0,0.0,0.0,1.0,2.0,0.265,13.235,18.925,2.0
C100037,Company_37,Spain,Europe,1,Retail,10-Jan,2993.27,Starter,SMB_Field,Outbound,2023-07-16,2024-07-16,0,0.34,5.0,0,204.0,0.6071428571428571,336,69.0,0.2053571428571428,2697.2544276800504,8.02754293952396,188,2560.39,16.0,136.86442768005048,0.0,0.0,1.0,0.0,1.0,0.51,18.18,21.78,1.0
C100038,Company_38,Netherlands,Europe,1,Wholesale,10-Jan,1227.12,Starter,SMB_Inside,SelfServe,2023-02-03,,1,0.03,6.6,0,330.0,0.9821428571428572,336,133.0,0.3958333333333333,4519.7894891536325,13.451754432004858,176,2462.38,154.0,2057.4094891536324,0.0,0.0,0.0,0.0,0.0,0.0,0.0,0.0,0.0
C100039,Company_39,Netherlands,Europe,1,Hospitality,1000+,297187.52,Growth,Enterprise,SelfServe,2023-09-12,2024-09-12,0,0.18,6.8,0,900.0,2.6785714285714284,336,305.0,0.9077380952380952,6190.028716210179,18.422704512530295,669,4713.01,231.0,1477.0187162101788,0.0,1.0,0.0,2.0,3.0,-0.1133333333333333,2.6966666666666668,8.520000000000001,3.0
C100040,Company_40,UK,Europe,1,Hospitality,Nov-50,8485.57,Starter,SMB_Inside,Inbound,2023-06-15,,1,0.14,7.1,0,330.0,0.9821428571428572,336,116.0,0.3452380952380952,4566.971361419514,13.592176670891412,168,2403.51,162.0,2163.461361419514,0.0,0.0,0.0,2.0,2.0,-0.185,3.145,10.425,2.0
C100041,Company_41,Australia,North America,0,Unknown,51-200,20422.4,Growth,MidMarket,Outbound,2023-09-19,,1,0.33,9.5,0,1426.0,3.8961748633879782,366,507.0,1.3852459016393444,9519.362033732898,26.00918588451611,702,4665.54,724.0,4853.822033732898,0.0,1.0,0.0,0.0,1.0,0.25,2.61,8.1,1.0
C100042,Company_42,Australia,North America,0,Professional Services,Nov-50,4206.24,Growth,SMB_Inside,Partner,2023-04-03,,1,0.1,5.9,0,1434.0,3.918032786885246,366,473.0,1.2923497267759565,9665.68725352521,26.40898156700877,703,4713.99,731.0,4951.697253525211,0.0,1.0,0.0,0.0,1.0,0.17,5.58,11.66,0.0
C100043,Company_43,US,North America,0,Hospitality,Nov-50,6368.02,Growth,SMB_Inside,Inbound,2023-10-09,,1,0.11,6.9,0,1469.0,4.0136612021857925,366,538.0,1.469945355191257,9574.905970648144,26.16094527499493,727,4814.65,742.0,4760.255970648144,1.0,1.0,0.0,1.0,3.0,-0.01,6.95,14.023333333333332,3.0
C100044,Company_44,Canada,North America,0,Unknown,Nov-50,3256.78,Growth,SMB_Inside,Outbound,2023-12-31,2024-12-31,0,0.08,7.2,0,1486.0,4.060109289617486,366,506.0,1.3825136612021858,9712.688837030351,26.537401194071997,741,4734.16,745.0,4978.528837030352,0.0,1.0,1.0,0.0,2.0,0.2199999999999999,2.915,6.970000000000001,2.0
C100045,Company_45,Canada,North America,0,Ecommerce,10-Jan,1040.14,Starter,SMB_Field,Inbound,2023-04-29,,1,0.1,6.5,0,371.0,1.0136612021857925,366,110.0,0.3005464480874317,5348.132180103079,14.612383005746118,162,2586.13,209.0,2762.0021801030794,0.0,0.0,0.0,1.0,1.0,-0.01,2.05,16.25,1.0
C100046,Company_46,Germany,Europe,1,Unknown,Nov-50,6951.21,Growth,SMB_Inside,SelfServe,2024-02-28,2024-08-29,0,0.24,5.8,0,761.0,2.264880952380953,336,267.0,0.7946428571428571,4759.059686989695,14.16386811604076,520,3295.24,241.0,1463.8196869896954,0.0,1.0,1.0,0.0,2.0,0.1699999999999999,3.895,7.81,2.0
C100047,Company_47,Germany,Europe,1,Wholesale,Nov-50,4721.7,Enterprise,SMB_Field,Inbound,2023-07-17,2024-07-17,0,0.16,2.8,0,1885.0,5.6101190476190474,336,660.0,1.9642857142857144,5939.110203552606,17.67592322485895,1724,5403.5199999999995,161.0,535.5902035526063,2.0,1.0,4.0,0.0,7.0,-0.1999999999999999,1.8514285714285716,9.84142857142857,5.0
C100048,Company_48,France,Europe,1,Hospitality,1000+,491273.51,Enterprise,Enterprise,SelfServe,2023-12-01,2024-12-01,0,0.21,7.2,0,3066.0,9.125,336,1071.0,3.1875,9261.501056248577,27.56399123883505,1815,5403.5,1251.0,3858.001056248576,2.0,1.0,2.0,0.0,5.0,-0.088,2.0420000000000003,7.4,4.0
C100049,Company_49,Germany,Europe,1,Manufacturing,Nov-50,6553.27,Starter,SMB_Inside,SelfServe,2023-10-02,2024-10-02,0,0.14,4.9,0,266.0,0.7916666666666666,336,80.0,0.238095238095238,3321.3150258018145,9.884866148219686,203,2540.35,63.0,780.9650258018145,0.0,0.0,0.0,0.0,0.0,0.0,0.0,0.0,0.0
C100050,Company_50,France,Europe,1,Unknown,10-Jan,1644.71,Starter,SMB_Field,Partner,2023-05-18,,1,0.17,4.3,0,349.0,1.0386904761904765,336,121.0,0.3601190476190476,4543.611324410171,13.522652751220749,197,2553.42,152.0,1990.191324410171,0.0,0.0,1.0,1.0,2.0,0.035,13.125,13.954999999999998,1.0
C100051,Company_51,Australia,North America,0,Manufacturing,Nov-50,9530.57,Enterprise,SMB_Inside,SelfServe,2024-03-09,2025-03-10,0,0.27,7.0,0,2988.0,8.163934426229508,366,1035.0,2.8278688524590163,9046.858044838506,24.71819137934018,1117,3373.99,1871.0,5672.868044838505,1.0,0.0,1.0,0.0,2.0,-0.1699999999999999,1.97,15.775,2.0
C100052,Company_52,Spain,Europe,1,Hospitality,10-Jan,1632.39,Starter,SMB_Field,Outbound,2024-02-14,2025-02-14,0,0.27,8.5,0,284.0,0.8452380952380952,336,106.0,0.3154761904761904,4146.702507968984,12.341376511812452,123,1860.39,161.0,2286.312507968984,0.0,0.0,0.0,1.0,1.0,0.1,17.59,36.49,1.0
C100053,Company_53,Australia,North America,0,Hospitality,Nov-50,5687.24,Growth,SMB_Inside,Inbound,2023-08-13,2024-08-13,0,0.28,6.4,0,881.0,2.407103825136612,366,313.0,0.855191256830601,6002.250520767731,16.39959158679708,703,4800.75,178.0,1201.5005207677314,2.0,0.0,1.0,0.0,3.0,-0.0499999999999999,5.506666666666667,9.393333333333333,3.0
C100054,Company_54,Australia,North America,0,Logistics,51-200,33657.92,Enterprise,MidMarket,SelfServe,2023-08-19,2024-08-19,0,0.33,4.8,0,2271.0,6.204918032786885,366,778.0,2.1256830601092895,6870.380579018701,18.771531636663116,1804,5361.79,467.0,1508.590579018701,1.0,2.0,1.0,0.0,4.0,-0.17,1.4925,23.6725,4.0
C100055,Company_55,Netherlands,Europe,1,Ecommerce,10-Jan,2692.9,Growth,SMB_Inside,Outbound,2024-02-01,,1,0.2,7.0,0,1217.0,3.6220238095238098,336,439.0,1.306547619047619,7944.155191928681,23.643319023597265,606,3855.74,611.0,4088.415191928681,0.0,0.0,0.0,0.0,0.0,0.0,0.0,0.0,0.0
C100056,Company_56,Canada,North America,0,Logistics,Nov-50,5397.67,Starter,SMB_Inside,Partner,2023-09-11,2024-09-11,0,0.16,5.6,0,267.0,0.7295081967213115,366,111.0,0.3032786885245901,3631.4610619413183,9.92202475940251,191,2552.62,76.0,1078.8410619413182,2.0,1.0,0.0,0.0,3.0,-0.0699999999999999,9.53,26.373333333333335,3.0
C100057,Company_57,UK,Europe,1,Unknown,Nov-50,7876.56,Starter,SMB_Inside,Partner,2023-12-22,2024-12-22,0,0.18,4.4,0,297.0,0.8839285714285714,336,97.0,0.2886904761904761,4264.290259667591,12.691340058534498,174,2359.78,123.0,1904.5102596675908,0.0,0.0,0.0,0.0,0.0,0.0,0.0,0.0,0.0
C100058,Company_58,Spain,Europe,1,Retail,10-Jan,1249.33,Starter,SMB_Field,Inbound,2023-12-12,2024-12-12,0,0.41,6.9,0,329.0,0.9791666666666666,336,120.0,0.3571428571428571,4523.431750653083,13.46259449599132,182,2573.51,147.0,1949.921750653083,1.0,0.0,0.0,0.0,1.0,0.06,7.46,9.02,1.0
C100059,Company_59,Spain,Europe,1,Wholesale,Nov-50,5901.53,Growth,SMB_Field,Inbound,2023-10-18,2024-10-18,0,0.14,7.3,0,1062.0,3.1607142857142856,336,369.0,1.0982142857142858,6973.324558929365,20.753942139670727,723,4846.62,339.0,2126.7045589293643,0.0,1.0,3.0,0.0,4.0,0.0299999999999999,1.92,9.5125,4.0
C100060,Company_60,France,Europe,1,Professional Services,Nov-50,7644.76,Growth,SMB_Field,Outbound,2023-06-05,,1,0.06,6.6,0,1374.0,4.089285714285714,336,503.0,1.4970238095238095,9033.301219383706,26.8848250576896,748,4982.14,626.0,4051.1612193837063,0.0,1.0,2.0,1.0,4.0,0.1725,3.96,10.7375,4.0
C100061,Company_61,US,North America,0,Hospitality,10-Jan,1073.1,Starter,SMB_Inside,SelfServe,2023-06-07,2023-09-06,0,0.61,6.8,1,0.0,0.0,366,0.0,0.0,0.0,0.0,0,0.0,0.0,0.0,0.0,1.0,0.0,0.0,1.0,-0.15,30.9,31.24,1.0
C100062,Company_62,UK,Europe,1,Unknown,Nov-50,4906.11,Starter,SMB_Inside,Partner,2023-05-11,,1,0.35,5.6,0,319.0,0.949404761904762,336,135.0,0.4017857142857143,4532.614795474932,13.489924986532536,192,2659.55,127.0,1873.0647954749325,0.0,0.0,0.0,0.0,0.0,0.0,0.0,0.0,0.0
C100063,Company_63,Germany,Europe,1,Manufacturing,10-Jan,2113.44,Starter,SMB_Inside,Inbound,2023-03-08,,1,0.22,6.5,0,368.0,1.0952380952380951,336,140.0,0.4166666666666667,4790.950247238356,14.258780497733202,206,2683.05,162.0,2107.900247238356,0.0,0.0,0.0,0.0,0.0,0.0,0.0,0.0,0.0
C100064,Company_64,Netherlands,Europe,1,Healthcare,10-Jan,1245.55,Starter,SMB_Inside,Inbound,2023-05-31,,1,0.17,3.7,0,334.0,0.9940476190476192,336,116.0,0.3452380952380952,4454.126046610001,13.256327519672622,167,2383.78,167.0,2070.346046610001,0.0,0.0,1.0,1.0,2.0,-0.285,11.545,18.725,2.0
C100065,Company_65,Germany,Europe,1,Logistics,Nov-50,5061.26,Starter,SMB_Inside,Inbound,2023-08-14,,1,0.37,6.5,0,338.0,1.005952380952381,336,106.0,0.3154761904761904,4644.326859665248,13.822401368051333,194,2527.2,144.0,2117.126859665248,0.0,1.0,1.0,0.0,2.0,0.51,3.17,12.36,2.0
C100066,Company_66,Netherlands,Europe,1,Professional Services,Nov-50,5817.85,Starter,SMB_Field,SelfServe,2024-03-25,2024-09-24,0,0.35,6.4,0,169.0,0.5029761904761905,336,59.0,0.175595238095238,2183.2515880062997,6.4977725833520825,103,1312.79,66.0,870.4615880062995,0.0,1.0,0.0,0.0,1.0,-0.25,2.95,22.82,1.0
C100067,Company_67,Spain,Europe,1,Ecommerce,10-Jan,1994.93,Growth,SMB_Inside,Outbound,2023-01-17,2023-07-19,0,0.32,4.2,1,0.0,0.0,336,0.0,0.0,0.0,0.0,0,0.0,0.0,0.0,0.0,2.0,1.0,0.0,3.0,0.09,4.303333333333334,11.32,3.0
C100068,Company_68,Spain,Europe,1,Healthcare,51-200,22661.08,Enterprise,MidMarket,Inbound,2023-07-09,2024-07-09,0,0.23,6.0,0,1850.0,5.505952380952381,336,635.0,1.8898809523809523,5582.677556389016,16.61511177496731,1771,5306.26,79.0,276.4175563890156,1.0,2.0,1.0,1.0,5.0,0.102,2.8739999999999997,16.47,5.0
C100069,Company_69,France,Europe,1,Healthcare,51-200,38104.89,Enterprise,MidMarket,Partner,2023-04-21,,1,0.28,3.9,0,3427.0,10.199404761904765,336,1227.0,3.6517857142857144,9960.049412894052,29.64300420504182,1828,5384.31,1599.0,4575.7394128940505,1.0,4.0,1.0,0.0,6.0,-0.0466666666666666,1.0066666666666666,14.163333333333332,6.0
C100070,Company_70,Spain,Europe,1,Retail,10-Jan,2376.8,Starter,SMB_Field,Inbound,2023-05-09,,1,0.05,4.7,0,333.0,0.9910714285714286,336,105.0,0.3125,4624.891419605887,13.764557796446091,193,2491.91,140.0,2132.981419605887,0.0,1.0,2.0,0.0,3.0,-0.1133333333333333,11.83,18.886666666666667,2.0
C100071,Company_71,Germany,Europe,1,Manufacturing,10-Jan,2916.34,Starter,SMB_Inside,Partner,2023-10-30,,1,0.21,6.9,0,347.0,1.0327380952380951,336,134.0,0.3988095238095238,4889.211081447726,14.551223456689662,185,2645.15,162.0,2244.061081447727,0.0,0.0,0.0,1.0,1.0,0.59,1.77,8.55,1.0
C100072,Company_72,Australia,North America,0,Retail,10-Jan,2176.53,Starter,SMB_Field,Outbound,2023-02-16,,1,0.03,6.1,0,376.0,1.0273224043715847,366,138.0,0.3770491803278688,4988.015062409227,13.62845645467002,193,2502.41,183.0,2485.605062409227,0.0,0.0,0.0,0.0,0.0,0.0,0.0,0.0,0.0
C100073,Company_73,Spain,Europe,1,Unknown,Nov-50,7173.89,Growth,SMB_Inside,Partner,2023-09-30,2024-09-30,0,0.22,8.2,0,953.0,2.8363095238095237,336,332.0,0.988095238095238,6390.4877715309685,19.01930884384217,730,4715.7699999999995,223.0,1674.717771530968,3.0,0.0,3.0,0.0,6.0,0.1316666666666666,2.48,11.501666666666669,6.0
C100074,Company_74,France,Europe,1,Professional Services,Nov-50,5987.72,Growth,SMB_Inside,Outbound,2023-06-10,,1,0.12,7.6,0,1355.0,4.032738095238095,336,463.0,1.3779761904761905,9007.022837877244,26.80661558892037,743,5033.36,612.0,3973.662837877245,0.0,0.0,2.0,0.0,2.0,-0.41,3.27,7.6,2.0
C100075,Company_75,Netherlands,Europe,1,Unknown,Nov-50,9888.58,Starter,SMB_Inside,SelfServe,2024-03-15,2025-03-16,0,0.27,3.5,0,281.0,0.8363095238095238,336,103.0,0.306547619047619,3822.0381978444334,11.375113684060814,122,1729.21,159.0,2092.828197844434,0.0,0.0,0.0,1.0,1.0,-0.09,3.23,5.26,1.0
C100076,Company_76,Netherlands,Europe,1,Wholesale,10-Jan,1035.75,Starter,SMB_Field,Outbound,2023-10-20,,1,0.16,7.5,0,300.0,0.8928571428571429,336,93.0,0.2767857142857143,4332.885839719271,12.895493570593068,158,2284.25,142.0,2048.635839719271,1.0,1.0,0.0,0.0,2.0,0.045,6.5,11.31,2.0
C100077,Company_77,Germany,Europe,1,Unknown,201-1000,132160.83,Enterprise,Enterprise,Partner,2023-03-13,,1,0.16,5.8,0,3402.0,10.125,336,1183.0,3.5208333333333335,9885.772123356996,29.421940843324396,1870,5296.0,1532.0,4589.772123356997,0.0,2.0,1.0,0.0,3.0,-0.2333333333333333,3.35,8.52,3.0
C100078,Company_78,Australia,North America,0,Wholesale,Nov-50,4217.27,Starter,SMB_Inside,SelfServe,2024-01-13,2024-07-14,0,0.41,4.9,0,159.0,0.4344262295081967,366,65.0,0.1775956284153005,2566.432013011026,7.012109325166738,150,2419.66,9.0,146.7720130110259,0.0,0.0,0.0,1.0,1.0,-0.31,0.14,3.6,1.0
C100079,Company_79,Australia,North America,0,Retail,51-200,21735.09,Growth,MidMarket,Outbound,2023-09-24,2024-03-25,0,0.3,6.1,1,366.0,1.0,366,150.0,0.4098360655737705,2401.44,6.561311475409836,366,2401.44,0.0,0.0,0.0,0.0,2.0,0.0,2.0,-0.145,9.665,10.19,2.0
C100080,Company_80,Canada,North America,0,Wholesale,51-200,30871.43,Growth,MidMarket,SelfServe,2023-02-07,,1,0.22,7.7,0,1458.0,3.9836065573770494,366,497.0,1.3579234972677596,10007.19328713332,27.342058161566445,729,4938.97,729.0,5068.22328713332,1.0,1.0,2.0,0.0,4.0,0.01,10.135,28.825000000000003,4.0
C100081,Company_81,Australia,North America,0,Manufacturing,51-200,29753.56,Enterprise,MidMarket,SelfServe,2023-05-27,,1,0.16,7.6,0,3563.0,9.734972677595628,366,1280.0,3.4972677595628414,10997.829785255411,30.04871526026069,1740,5402.96,1823.0,5594.8697852554105,1.0,1.0,0.0,2.0,4.0,0.2075,4.1475,12.87,4.0
C100082,Company_82,UK,Europe,1,Manufacturing,10-Jan,2651.63,Starter,SMB_Inside,Outbound,2023-09-06,,1,0.18,6.6,0,353.0,1.050595238095238,336,125.0,0.3720238095238095,4578.06823373459,13.62520307659104,193,2264.48,160.0,2313.58823373459,1.0,1.0,0.0,2.0,4.0,-0.3225,1.5275,8.717500000000001,4.0
C100083,Company_83,Canada,North America,0,Wholesale,10-Jan,2079.97,Enterprise,SMB_Inside,Partner,2023-12-20,,1,0.21,5.3,0,3701.0,10.112021857923498,366,1314.0,3.5901639344262297,11159.15706309145,30.48950017238101,1865,5508.78,1836.0,5650.3770630914505,0.0,1.0,0.0,0.0,1.0,0.61,2.13,13.31,1.0
C100084,Company_84,Canada,North America,0,Healthcare,Nov-50,5106.74,Starter,SMB_Inside,SelfServe,2023-08-30,2024-08-30,0,0.13,5.9,0,246.0,0.6721311475409836,366,92.0,0.2513661202185792,3404.5436152811517,9.30203173574085,176,2467.08,70.0,937.4636152811516,0.0,0.0,0.0,0.0,0.0,0.0,0.0,0.0,0.0
C100085,Company_85,UK,Europe,1,Healthcare,1000+,284264.29,Enterprise,Enterprise,Partner,2024-03-11,2024-09-10,0,0.22,8.0,0,1697.0,5.050595238095238,336,609.0,1.8125,5197.131197550147,15.467652373661153,1092,3352.69,605.0,1844.441197550147,0.0,0.0,2.0,3.0,5.0,-0.094,0.974,5.1259999999999994,4.0
C100086,Company_86,Germany,Europe,1,Unknown,51-200,35626.29,Growth,MidMarket,SelfServe,2023-04-09,2023-10-09,0,0.33,4.9,1,0.0,0.0,336,0.0,0.0,0.0,0.0,0,0.0,0.0,0.0,0.0,0.0,1.0,0.0,1.0,0.29,11.01,13.28,0.0
C100087,Company_87,Germany,Europe,1,Unknown,1000+,487582.17,Enterprise,Enterprise,Partner,2023-12-23,2024-12-23,0,0.44,4.8,0,3352.0,9.976190476190476,336,1159.0,3.449404761904762,9952.598047382366,29.620827521971325,1838,5482.58,1514.0,4470.018047382366,0.0,1.0,1.0,0.0,2.0,-0.0699999999999999,1.675,4.41,2.0
C100088,Company_88,Netherlands,Europe,1,Unknown,10-Jan,2086.47,Growth,SMB_Inside,Outbound,2023-09-28,2024-03-29,0,0.16,8.5,1,346.0,1.0297619047619049,336,127.0,0.3779761904761904,2380.11,7.083660714285715,346,2380.11,0.0,0.0,2.0,0.0,0.0,0.0,2.0,0.425,5.455,34.160000000000004,2.0
C100089,Company_89,Spain,Europe,1,Wholesale,10-Jan,2196.65,Enterprise,SMB_Field,Partner,2023-06-02,2023-09-01,0,0.01,4.1,1,0.0,0.0,336,0.0,0.0,0.0,0.0,0,0.0,0.0,0.0,1.0,1.0,2.0,3.0,7.0,-0.1785714285714285,2.2714285714285714,10.147142857142857,6.0
C100090,Company_90,Netherlands,Europe,1,Wholesale,Nov-50,3507.13,Growth,SMB_Inside,Inbound,2023-03-13,,1,0.3,7.3,0,1324.0,3.9404761904761902,336,455.0,1.3541666666666667,9107.85360931315,27.10670717057485,745,5038.46,579.0,4069.3936093131497,0.0,1.0,0.0,2.0,3.0,-0.2866666666666667,9.263333333333334,13.05,3.0
C100091,Company_91,Australia,North America,0,Unknown,51-200,10551.03,Growth,MidMarket,Inbound,2023-02-15,,1,0.27,4.5,0,1467.0,4.008196721311475,366,525.0,1.4344262295081966,9689.12048787408,26.473006797470163,746,4998.71,721.0,4690.410487874079,0.0,1.0,0.0,1.0,2.0,-0.105,6.34,11.66,2.0
C100092,Company_92,US,North America,0,Retail,Nov-50,3929.01,Starter,SMB_Inside,Outbound,2024-02-10,2025-02-10,0,0.35,8.0,0,346.0,0.9453551912568308,366,110.0,0.3005464480874317,4724.174228257439,12.907579858626882,151,2003.62,195.0,2720.554228257439,0.0,0.0,0.0,0.0,0.0,0.0,0.0,0.0,0.0
C100093,Company_93,Netherlands,Europe,1,Unknown,Nov-50,7377.13,Growth,SMB_Inside,SelfServe,2023-11-24,2024-11-24,0,0.32,9.7,0,1237.0,3.681547619047619,336,445.0,1.324404761904762,8176.12627997242,24.333709166584583,747,5025.71,490.0,3150.4162799724204,0.0,1.0,0.0,0.0,1.0,0.2,0.82,14.06,1.0
C100094,Company_94,Australia,North America,0,Ecommerce,Nov-50,3571.41,Growth,SMB_Field,SelfServe,2023-12-28,2024-12-28,0,0.09,10.0,0,1457.0,3.980874316939891,366,528.0,1.4426229508196722,9851.185948576269,26.9158086026674,748,4997.28,709.0,4853.905948576269,0.0,0.0,1.0,2.0,3.0,-0.15,4.363333333333334,10.446666666666667,3.0
C100095,Company_95,UK,Europe,1,Wholesale,51-200,22097.84,Enterprise,MidMarket,Partner,2024-02-16,2025-02-16,0,0.26,5.7,0,2963.0,8.818452380952381,336,1073.0,3.193452380952381,8751.128885940641,26.04502644625191,1380,4174.51,1583.0,4576.618885940641,3.0,2.0,3.0,2.0,10.0,-0.205,1.6789999999999998,5.593,9.0
C100096,Company_96,US,North America,0,Healthcare,201-1000,80814.26,Enterprise,Enterprise,Inbound,2023-01-04,,1,0.15,8.2,0,3685.0,10.068306010928962,366,1258.0,3.4371584699453552,11010.013422033247,30.082003885336743,1819,5406.86,1866.0,5603.153422033248,0.0,1.0,1.0,0.0,2.0,-0.025,1.325,13.085,1.0
C100097,Company_97,Netherlands,Europe,1,Manufacturing,51-200,23974.38,Enterprise,MidMarket,SelfServe,2023-05-11,,1,0.14,5.5,0,3317.0,9.87202380952381,336,1140.0,3.392857142857143,10195.425182911742,30.34352733009447,1815,5573.62,1502.0,4621.805182911742,2.0,1.0,0.0,0.0,3.0,-0.11,2.36,7.66,2.0
C100098,Company_98,UK,Europe,1,Hospitality,10-Jan,1810.04,Starter,SMB_Field,Inbound,2023-11-14,2024-02-13,0,0.25,3.8,1,47.0,0.1398809523809523,336,19.0,0.056547619047619,652.2,1.9410714285714288,47,652.2,0.0,0.0,0.0,0.0,0.0,1.0,1.0,-0.12,5.1,12.2,1.0
C100099,Company_99,Germany,Europe,1,Healthcare,51-200,23613.69,Growth,MidMarket,SelfServe,2023-10-28,2024-10-28,0,0.52,5.8,0,1066.0,3.172619047619047,336,352.0,1.0476190476190477,7262.322922598464,21.614056317257333,701,4882.26,365.0,2380.0629225984644,1.0,1.0,0.0,1.0,3.0,-0.28,2.3266666666666667,22.94,3.0
C100100,Company_100,US,North America,0,Professional Services,Nov-50,7238.77,Growth,SMB_Field,SelfServe,2023-10-11,,1,0.44,7.3,0,1468.0,4.0109289617486334,366,517.0,1.4125683060109289,9884.375037878535,27.006489174531517,742,4949.61,726.0,4934.765037878536,0.0,0.0,1.0,1.0,2.0,-0.295,1.545,8.28,2.0
C100101,Company_101,Germany,Europe,1,Ecommerce,10-Jan,1449.4,Starter,SMB_Field,Outbound,2023-10-12,,1,0.1,7.4,0,314.0,0.9345238095238096,336,110.0,0.3273809523809524,4648.6009314269095,13.835121819722945,175,2732.26,139.0,1916.3409314269095,0.0,1.0,0.0,0.0,1.0,0.3,4.31,10.51,0.0
C100102,Company_102,Germany,Europe,1,Ecommerce,10-Jan,2333.73,Enterprise,SMB_Inside,SelfServe,2024-03-02,2024-09-01,0,0.41,4.3,0,1893.0,5.633928571428571,336,639.0,1.9017857142857144,5311.371548566534,15.80765341835278,1253,3508.35,640.0,1803.0215485665344,0.0,1.0,0.0,0.0,1.0,-0.01,0.29,0.38,1.0
C100103,Company_103,Spain,Europe,1,Healthcare,1000+,156130.6,Enterprise,Enterprise,Outbound,2024-03-02,2025-03-03,0,0.4,6.0,0,2811.0,8.366071428571429,336,998.0,2.9702380952380953,8178.6773843104975,24.341301739019336,1224,3638.21,1587.0,4540.467384310497,1.0,1.0,1.0,1.0,4.0,-0.09,1.76,11.725,4.0
C100104,Company_104,Germany,Europe,1,Hospitality,201-1000,113366.87,Enterprise,Enterprise,Partner,2023-05-22,,1,0.02,8.1,0,3397.0,10.110119047619047,336,1194.0,3.5535714285714284,9966.113860866071,29.661053157339506,1839,5403.06,1558.0,4563.053860866074,1.0,0.0,2.0,1.0,4.0,0.0424999999999999,0.9475,6.795,4.0
C100105,Company_105,Spain,Europe,1,Unknown,51-200,19810.99,Growth,MidMarket,Outbound,2024-01-16,2025-01-16,0,0.11,7.7,0,1270.0,3.7797619047619047,336,448.0,1.3333333333333333,8492.724123053054,25.275964651943617,639,4523.85,631.0,3968.8741230530545,0.0,0.0,0.0,1.0,1.0,0.08,7.81,17.97,1.0
C100106,Company_106,Germany,Europe,1,Unknown,201-1000,109322.96,Growth,Enterprise,Inbound,2023-08-01,2024-08-01,0,0.2,8.0,0,910.0,2.7083333333333335,336,334.0,0.9940476190476192,5620.050377836622,16.72634041022804,768,4743.8,142.0,876.2503778366217,0.0,0.0,2.0,0.0,2.0,0.29,8.485,10.84,2.0
C100107,Company_107,Germany,Europe,1,Ecommerce,10-Jan,2084.73,Starter,SMB_Inside,Outbound,2024-03-05,2024-09-04,0,0.27,7.2,0,171.0,0.5089285714285714,336,66.0,0.1964285714285714,2305.0910643135517,6.860390072361761,108,1526.29,63.0,778.8010643135517,0.0,0.0,0.0,0.0,0.0,0.0,0.0,0.0,0.0
C100108,Company_108,Netherlands,Europe,1,Manufacturing,51-200,12138.41,Enterprise,MidMarket,Partner,2023-12-02,2024-12-02,0,0.04,6.2,0,3108.0,9.25,336,1062.0,3.1607142857142856,9313.700547812025,27.719346868488163,1764,5452.21,1344.0,3861.490547812022,1.0,4.0,1.0,0.0,6.0,-0.1233333333333333,1.5816666666666668,15.535000000000002,6.0
C100109,Company_109,France,Europe,1,Logistics,10-Jan,2435.27,Growth,SMB_Inside,SelfServe,2023-05-24,,1,0.19,6.0,0,1326.0,3.946428571428571,336,441.0,1.3125,8972.961185675922,26.705241624035484,683,4788.56,643.0,4184.4011856759225,0.0,0.0,0.0,0.0,0.0,0.0,0.0,0.0,0.0
C100110,Company_110,Canada,North America,0,Professional Services,51-200,24506.37,Growth,MidMarket,SelfServe,2023-02-05,,1,0.14,6.8,0,1477.0,4.03551912568306,366,486.0,1.3278688524590163,9684.08322558927,26.459243785763032,758,4819.86,719.0,4864.2232255892695,1.0,0.0,0.0,0.0,1.0,-0.02,0.25,5.91,1.0
C100111,Company_111,Netherlands,Europe,1,Unknown,Nov-50,8389.61,Growth,SMB_Inside,Inbound,2023-06-19,,1,0.31,4.5,0,1289.0,3.836309523809524,336,452.0,1.3452380952380951,8803.837810291954,26.20189824491653,709,4854.86,580.0,3948.9778102919545,0.0,0.0,2.0,2.0,4.0,0.06,7.9625,20.805,4.0
C100112,Company_112,Canada,North America,0,Ecommerce,51-200,15040.43,Growth,MidMarket,Partner,2023-08-30,,1,0.23,6.4,0,1440.0,3.9344262295081966,366,512.0,1.3989071038251366,9596.94994377686,26.221174709772843,686,4696.65,754.0,4900.299943776861,0.0,0.0,1.0,0.0,1.0,0.06,1.14,2.34,1.0
C100113,Company_113,Australia,North America,0,Retail,Nov-50,7179.33,Growth,SMB_Inside,Outbound,2023-11-16,2024-11-16,0,0.29,3.2,0,1306.0,3.568306010928962,366,485.0,1.325136612021858,8969.337928394974,24.50638778249993,707,4945.93,599.0,4023.407928394975,0.0,1.0,0.0,0.0,1.0,-0.03,7.28,29.56,1.0
C100114,Company_114,Germany,Europe,1,Logistics,1000+,245956.23,Enterprise,Enterprise,Outbound,2023-02-11,,1,0.09,5.6,0,3382.0,10.06547619047619,336,1190.0,3.5416666666666665,10111.273427803742,30.09307567798733,1819,5366.75,1563.0,4744.523427803743,0.0,2.0,1.0,1.0,4.0,-0.11,2.4875,14.175,4.0
C100115,Company_115,Germany,Europe,1,Professional Services,Nov-50,4332.27,Growth,SMB_Inside,Inbound,2023-02-27,,1,0.27,7.5,0,1316.0,3.9166666666666665,336,474.0,1.4107142857142858,8775.392964265162,26.11724096507489,691,4565.59,625.0,4209.802964265161,1.0,0.0,0.0,0.0,1.0,-0.54,23.56,40.03,1.0
C100116,Company_116,Spain,Europe,1,Healthcare,10-Jan,1002.47,Starter,SMB_Inside,Outbound,2023-05-01,2024-05-01,0,0.03,7.0,1,130.0,0.3869047619047619,336,44.0,0.1309523809523809,1846.2,5.494642857142857,130,1846.2,0.0,0.0,1.0,1.0,0.0,0.0,2.0,-0.31,0.495,8.52,2.0
C100117,Company_117,Germany,Europe,1,Wholesale,10-Jan,1514.09,Growth,SMB_Field,Outbound,2023-05-29,,1,0.21,5.4,0,1325.0,3.943452380952381,336,478.0,1.4226190476190477,8845.284180504044,26.32525053721442,728,4964.71,597.0,3880.574180504044,2.0,3.0,0.0,0.0,5.0,-0.0419999999999999,2.748,18.25,4.0
C100118,Company_118,US,North America,0,Unknown,10-Jan,2746.67,Starter,SMB_Inside,Outbound,2024-02-11,2025-02-11,0,0.12,8.2,0,313.0,0.855191256830601,366,116.0,0.3169398907103825,4386.212421429919,11.984186943797594,141,1904.99,172.0,2481.222421429919,0.0,1.0,0.0,0.0,1.0,-0.27,2.84,13.31,1.0
C100119,Company_119,France,Europe,1,Healthcare,10-Jan,2442.84,Starter,SMB_Inside,Outbound,2023-08-04,,1,0.16,7.1,0,316.0,0.9404761904761904,336,109.0,0.3244047619047619,4658.110166042052,13.863423113220392,177,2610.9,139.0,2047.210166042052,0.0,1.0,0.0,0.0,1.0,-0.26,10.2,25.01,1.0
C100120,Company_120,Spain,Europe,1,Logistics,201-1000,59232.25,Growth,Enterprise,SelfServe,2023-11-06,2024-11-06,0,0.26,5.7,0,1122.0,3.3392857142857144,336,386.0,1.1488095238095235,7374.709598235551,21.94854047093914,716,4715.87,406.0,2658.839598235551,0.0,0.0,2.0,0.0,2.0,-0.015,4.98,10.585,2.0
C100121,Company_121,Australia,North America,0,Unknown,Nov-50,7160.04,Enterprise,SMB_Inside,SelfServe,2023-05-08,,1,0.3,3.6,0,3749.0,10.243169398907105,366,1270.0,3.469945355191257,10935.40751903434,29.87816262031241,1874,5490.77,1875.0,5444.6375190343415,2.0,1.0,0.0,0.0,3.0,-0.0233333333333333,1.6666666666666667,18.046666666666667,3.0
C100122,Company_122,Spain,Europe,1,Unknown,51-200,30851.06,Growth,MidMarket,Outbound,2023-09-10,2024-09-10,0,0.38,5.2,0,916.0,2.7261904761904763,336,327.0,0.9732142857142856,6335.721860958267,18.856315062375796,679,4742.11,237.0,1593.6118609582672,0.0,1.0,0.0,1.0,2.0,-0.595,0.73,4.315,2.0
C100123,Company_123,Netherlands,Europe,1,Healthcare,10-Jan,2230.44,Starter,SMB_Inside,Partner,2023-02-09,2024-02-10,0,0.43,3.2,1,61.0,0.181547619047619,336,20.0,0.0595238095238095,729.64,2.171547619047619,61,729.64,0.0,0.0,2.0,0.0,1.0,0.0,3.0,-0.3733333333333333,4.5,14.216666666666669,3.0
C100124,Company_124,France,Europe,1,Healthcare,Nov-50,5930.06,Growth,SMB_Field,Outbound,2023-03-03,,1,0.09,7.9,0,1361.0,4.050595238095238,336,489.0,1.4553571428571428,9401.958614350697,27.982019685567543,732,5070.15,629.0,4331.808614350694,0.0,1.0,2.0,0.0,3.0,-0.0033333333333333,5.636666666666667,14.466666666666669,3.0
C100125,Company_125,Spain,Europe,1,Ecommerce,10-Jan,1531.7,Starter,SMB_Field,SelfServe,2023-06-13,,1,0.1,7.3,0,323.0,0.9613095238095238,336,101.0,0.3005952380952381,4311.343405989959,12.831379184493926,170,2302.75,153.0,2008.593405989959,0.0,0.0,0.0,1.0,1.0,0.15,0.81,9.95,1.0
C100126,Company_126,Spain,Europe,1,Hospitality,Nov-50,5207.85,Enterprise,SMB_Field,SelfServe,2023-01-17,2024-01-18,0,0.12,6.0,1,203.0,0.6041666666666666,336,64.0,0.1904761904761904,581.51,1.730684523809524,203,581.51,0.0,0.0,2.0,1.0,2.0,1.0,6.0,-0.1533333333333333,3.805,11.571666666666664,5.0
C100127,Company_127,France,Europe,1,Logistics,51-200,16808.94,Enterprise,MidMarket,Partner,2023-08-02,2024-08-02,0,0.12,6.6,0,2183.0,6.497023809523809,336,783.0,2.330357142857143,6315.537491417917,18.796242533981896,1830,5263.02,353.0,1052.5174914179174,2.0,1.0,1.0,0.0,4.0,-0.1325,3.3525,5.255,4.0
C100128,Company_128,Australia,North America,0,Retail,10-Jan,2017.16,Starter,SMB_Inside,Partner,2023-06-01,,1,0.2,5.9,0,359.0,0.9808743169398908,366,139.0,0.3797814207650273,4866.513621500284,13.296485304645584,168,2476.12,191.0,2390.3936215002836,0.0,0.0,2.0,0.0,2.0,0.29,3.29,13.48,2.0
C100129,Company_129,Germany,Europe,1,Manufacturing,10-Jan,1165.24,Starter,SMB_Inside,SelfServe,2023-11-16,,1,0.29,5.3,0,351.0,1.0446428571428572,336,120.0,0.3571428571428571,4618.334123831021,13.745042035211371,175,2434.95,176.0,2183.3841238310215,1.0,0.0,0.0,1.0,2.0,0.24,2.39,4.86,2.0
C100130,Company_130,Canada,North America,0,Ecommerce,10-Jan,2840.59,Starter,SMB_Inside,Outbound,2024-01-09,2024-07-10,0,0.23,6.4,0,158.0,0.4316939890710382,366,51.0,0.1393442622950819,2511.5520890154394,6.862164177637813,148,2366.96,10.0,144.59208901543943,0.0,0.0,1.0,0.0,1.0,0.5,17.49,30.75,1.0
C100131,Company_131,US,North America,0,Unknown,201-1000,107423.35,Growth,Enterprise,Outbound,2023-05-04,,1,0.17,7.8,0,1430.0,3.907103825136612,366,510.0,1.3934426229508197,10038.663544614656,27.428042471624742,712,5070.13,718.0,4968.533544614657,0.0,0.0,0.0,1.0,1.0,0.16,0.22,2.78,1.0
C100132,Company_132,US,North America,0,Unknown,10-Jan,2552.89,Growth,SMB_Inside,SelfServe,2023-10-29,,1,0.11,4.2,0,1464.0,4.0,366,504.0,1.3770491803278688,9693.577408473928,26.48518417615827,735,4813.28,729.0,4880.297408473928,0.0,1.0,2.0,1.0,4.0,0.1325,2.2575000000000003,8.08,4.0
C100133,Company_133,Spain,Europe,1,Unknown,51-200,24651.82,Enterprise,MidMarket,Partner,2023-02-19,,1,0.18,7.4,0,3356.0,9.988095238095235,336,1183.0,3.5208333333333335,10050.38079900102,29.911847616074468,1800,5415.59,1556.0,4634.790799001021,3.0,2.0,2.0,4.0,11.0,-0.1263636363636363,1.1754545454545455,7.205454545454546,10.0
C100134,Company_134,Canada,North America,0,Healthcare,51-200,23846.72,Enterprise,MidMarket,Inbound,2023-04-21,2024-04-21,0,0.3,4.7,1,1138.0,3.109289617486339,366,403.0,1.1010928961748634,3441.86,9.403989071038252,1138,3441.86,0.0,0.0,0.0,3.0,0.0,2.0,5.0,-0.128,2.484,8.776,4.0
C100135,Company_135,Australia,North America,0,Unknown,201-1000,107647.61,Growth,Enterprise,SelfServe,2023-10-29,2024-10-29,0,0.05,7.2,0,1191.0,3.2540983606557377,366,404.0,1.1038251366120218,8081.337099587276,22.0801560098013,695,4949.54,496.0,3131.7970995872756,0.0,0.0,0.0,0.0,0.0,0.0,0.0,0.0,0.0
C100136,Company_136,France,Europe,1,Hospitality,51-200,14466.64,Enterprise,MidMarket,SelfServe,2023-03-16,,1,0.26,3.1,0,3376.0,10.047619047619047,336,1202.0,3.577380952380953,10233.147567492982,30.455796331824352,1786,5564.12,1590.0,4669.027567492982,2.0,1.0,1.0,2.0,6.0,-0.15,3.161666666666666,7.053333333333334,6.0
C100137,Company_137,Germany,Europe,1,Hospitality,10-Jan,2588.39,Starter,SMB_Field,Outbound,2024-03-05,,1,0.26,5.9,0,283.0,0.8422619047619048,336,87.0,0.2589285714285714,3856.4250511037662,11.4774555092374,120,1654.3,163.0,2202.125051103766,0.0,1.0,0.0,0.0,1.0,-0.19,2.58,11.65,0.0
C100138,Company_138,France,Europe,1,Professional Services,10-Jan,1154.12,Growth,SMB_Field,SelfServe,2024-02-07,2024-08-08,0,0.08,5.3,0,672.0,2.0,336,245.0,0.7291666666666666,4459.338290777299,13.271840151122914,503,3383.33,169.0,1076.0082907772992,1.0,1.0,0.0,1.0,3.0,-0.3466666666666667,3.26,15.146666666666668,3.0
C100139,Company_139,Canada,North America,0,Manufacturing,51-200,17075.73,Growth,MidMarket,Partner,2023-04-23,,1,0.12,5.3,0,1417.0,3.871584699453552,366,482.0,1.3169398907103824,9859.901741802094,26.939622245360912,686,4960.63,731.0,4899.271741802094,0.0,0.0,1.0,0.0,1.0,0.03,1.16,2.17,1.0
C100140,Company_140,Netherlands,Europe,1,Unknown,Nov-50,7003.11,Growth,SMB_Inside,SelfServe,2023-03-16,2024-03-16,0,0.35,4.3,1,291.0,0.8660714285714286,336,109.0,0.3244047619047619,1866.88,5.556190476190476,291,1866.88,0.0,0.0,0.0,1.0,1.0,2.0,4.0,0.055,5.202500000000001,7.300000000000001,4.0
C100141,Company_141,US,North America,0,Unknown,Nov-50,8969.1,Growth,SMB_Field,Inbound,2024-02-07,2025-02-07,0,0.18,7.5,0,1288.0,3.519125683060109,366,431.0,1.1775956284153006,8726.953534060229,23.844135338962374,590,3953.35,698.0,4773.603534060228,0.0,0.0,1.0,0.0,1.0,-0.22,0.81,10.92,1.0
C100142,Company_142,France,Europe,1,Unknown,10-Jan,1114.56,Growth,SMB_Inside,SelfServe,2023-11-09,,1,0.18,4.5,0,1356.0,4.035714285714286,336,471.0,1.4017857142857142,9132.821785749364,27.181017219492155,726,4865.21,630.0,4267.611785749364,0.0,0.0,0.0,2.0,2.0,-0.345,6.67,19.695,2.0
C100143,Company_143,Spain,Europe,1,Unknown,10-Jan,2949.67,Starter,SMB_Field,Partner,2023-08-08,2024-02-07,0,0.15,6.3,1,36.0,0.1071428571428571,336,13.0,0.0386904761904761,561.2,1.6702380952380953,36,561.2,0.0,0.0,0.0,0.0,0.0,0.0,0.0,0.0,0.0,0.0,0.0
C100144,Company_144,UK,Europe,1,Retail,201-1000,138981.67,Growth,Enterprise,Partner,2023-01-07,,1,0.15,6.7,0,1407.0,4.1875,336,500.0,1.488095238095238,9058.64300857499,26.96024704933033,749,4815.15,658.0,4243.49300857499,0.0,0.0,0.0,2.0,2.0,0.15,2.395,8.31,2.0
C100145,Company_145,UK,Europe,1,Unknown,51-200,14348.95,Enterprise,MidMarket,Outbound,2023-01-21,,1,0.08,5.9,0,3409.0,10.145833333333334,336,1201.0,3.574404761904762,10185.277941967526,30.31332720823669,1836,5545.71,1573.0,4639.567941967526,2.0,0.0,2.0,2.0,6.0,-0.0533333333333333,1.2583333333333333,4.0249999999999995,6.0
C100146,Company_146,Netherlands,Europe,1,Retail,Nov-50,7954.85,Starter,SMB_Inside,Partner,2023-06-18,2024-06-18,0,0.39,4.6,1,192.0,0.5714285714285714,336,53.0,0.1577380952380952,2379.37,7.081458333333333,192,2379.37,0.0,0.0,0.0,0.0,1.0,0.0,1.0,-0.21,8.16,21.9,1.0
C100147,Company_147,UK,Europe,1,Retail,51-200,32478.51,Growth,MidMarket,SelfServe,2024-03-10,2024-09-09,0,0.35,2.7,0,701.0,2.0863095238095237,336,256.0,0.7619047619047619,4785.884509413826,14.243703897064956,439,3013.98,262.0,1771.9045094138262,0.0,0.0,0.0,0.0,0.0,0.0,0.0,0.0,0.0
C100148,Company_148,Spain,Europe,1,Healthcare,10-Jan,1323.24,Growth,SMB_Field,SelfServe,2023-08-01,,1,0.17,6.9,0,1408.0,4.190476190476191,336,485.0,1.443452380952381,9455.518556113737,28.141424274148022,788,5092.88,620.0,4362.638556113736,0.0,0.0,0.0,0.0,0.0,0.0,0.0,0.0,0.0
C100149,Company_149,UK,Europe,1,Hospitality,10-Jan,1903.39,Starter,SMB_Inside,Partner,2023-09-19,2023-12-19,0,0.1,8.1,1,0.0,0.0,336,0.0,0.0,0.0,0.0,0,0.0,0.0,0.0,1.0,0.0,1.0,0.0,2.0,-0.145,0.78,9.36,2.0
C100150,Company_150,Australia,North America,0,Unknown,51-200,30876.97,Enterprise,MidMarket,Outbound,2023-02-11,,1,0.08,6.1,0,3727.0,10.183060109289617,366,1308.0,3.5737704918032787,11159.53864723031,30.490542751995385,1843,5394.99,1884.0,5764.54864723031,1.0,0.0,0.0,0.0,1.0,0.13,1.41,13.68,1.0
C100151,Company_151,Australia,North America,0,Unknown,Nov-50,5192.13,Starter,SMB_Inside,SelfServe,2023-06-25,,1,0.07,7.4,0,370.0,1.010928961748634,366,133.0,0.3633879781420765,5045.502266626909,13.785525318652756,171,2439.12,199.0,2606.3822666269093,0.0,0.0,1.0,1.0,2.0,-0.27,6.630000000000001,10.465,1.0
C100152,Company_152,France,Europe,1,Healthcare,201-1000,98013.96,Growth,Enterprise,Inbound,2023-01-25,,1,0.15,7.4,0,1385.0,4.122023809523809,336,481.0,1.431547619047619,9090.02998406331,27.05366066685509,733,4906.66,652.0,4183.36998406331,0.0,1.0,1.0,2.0,4.0,-0.07,2.635,6.8825,3.0
C100153,Company_153,UK,Europe,1,Logistics,10-Jan,1988.42,Starter,SMB_Inside,SelfServe,2024-04-01,2024-07-01,0,0.35,6.6,0,108.0,0.3214285714285714,336,37.0,0.1101190476190476,1275.012881369039,3.7946811945507113,107,1262.74,1.0,12.272881369038876,0.0,0.0,0.0,0.0,0.0,0.0,0.0,0.0,0.0
C100154,Company_154,Australia,North America,0,Retail,Nov-50,8175.06,Growth,SMB_Inside,Partner,2023-10-16,2024-10-16,0,0.42,6.5,0,1160.0,3.169398907103825,366,420.0,1.147540983606557,7606.175733882869,20.781900912248275,743,4694.2,417.0,2911.975733882869,1.0,0.0,0.0,0.0,1.0,0.24,17.32,19.49,1.0
C100155,Company_155,US,North America,0,Unknown,51-200,19159.32,Growth,MidMarket,Outbound,2024-02-13,2025-02-13,0,0.43,6.8,0,1324.0,3.6174863387978142,366,476.0,1.3005464480874316,8928.466729421154,24.39471783994851,600,4064.11,724.0,4864.356729421153,0.0,2.0,0.0,0.0,2.0,-0.42,4.515,10.46,1.0
C100156,Company_156,Spain,Europe,1,Manufacturing,201-1000,82873.53,Enterprise,Enterprise,Partner,2024-03-18,2025-03-19,0,0.3,4.1,0,2609.0,7.764880952380952,336,946.0,2.8154761904761907,7690.82178096632,22.88935053859024,1072,3136.06,1537.0,4554.76178096632,3.0,1.0,1.0,0.0,5.0,0.086,3.154,11.984,5.0
C100157,Company_157,Germany,Europe,1,Hospitality,1000+,471326.79,Starter,Enterprise,SelfServe,2023-12-10,2024-12-10,0,0.3,7.2,0,298.0,0.8869047619047619,336,101.0,0.3005952380952381,4355.2317663003105,12.961999304465207,157,2407.69,141.0,1947.54176630031,2.0,0.0,0.0,1.0,3.0,-0.09,1.6266666666666667,7.72,3.0
C100158,Company_158,France,Europe,1,Hospitality,1000+,372281.19,Growth,Enterprise,Partner,2023-05-01,,1,0.28,5.7,0,1384.0,4.119047619047619,336,493.0,1.4672619047619049,9036.957994542774,26.89570831709159,747,4776.94,637.0,4260.0179945427735,0.0,1.0,1.0,0.0,2.0,-0.185,5.4350000000000005,12.935,2.0
C100159,Company_159,US,North America,0,Unknown,10-Jan,2197.62,Growth,SMB_Field,Inbound,2024-03-18,2024-09-17,0,0.11,7.0,0,747.0,2.040983606557377,366,261.0,0.7131147540983607,4873.484165358013,13.31553050644266,432,2751.2,315.0,2122.284165358013,0.0,0.0,0.0,0.0,0.0,0.0,0.0,0.0,0.0
C100160,Company_160,Netherlands,Europe,1,Hospitality,51-200,25643.37,Growth,MidMarket,Outbound,2023-02-19,2023-08-21,0,0.43,7.4,1,0.0,0.0,336,0.0,0.0,0.0,0.0,0,0.0,0.0,0.0,0.0,1.0,1.0,3.0,5.0,-0.1299999999999999,7.308,11.98,5.0
C100161,Company_161,Spain,Europe,1,Manufacturing,10-Jan,1633.89,Growth,SMB_Inside,Inbound,2023-12-09,,1,0.39,8.5,0,1378.0,4.101190476190476,336,505.0,1.5029761904761905,9215.597272587467,27.427372835081748,728,4980.64,650.0,4234.957272587467,1.0,1.0,0.0,1.0,3.0,0.1166666666666666,7.266666666666666,12.976666666666668,3.0
C100162,Company_162,France,Europe,1,Unknown,51-200,33602.51,Growth,MidMarket,SelfServe,2023-09-17,2024-09-17,0,0.1,5.3,0,995.0,2.9613095238095237,336,380.0,1.130952380952381,6466.542605082862,19.245662515127567,746,4815.38,249.0,1651.1626050828622,0.0,1.0,0.0,1.0,2.0,0.065,1.725,3.955,2.0
C100163,Company_163,US,North America,0,Healthcare,Nov-50,3319.54,Growth,SMB_Field,Inbound,2023-09-25,2024-09-25,0,0.17,4.4,0,1120.0,3.060109289617486,366,396.0,1.0819672131147542,7253.922728659151,19.81946100726544,741,4905.0,379.0,2348.9227286591513,0.0,0.0,0.0,0.0,0.0,0.0,0.0,0.0,0.0
C100164,Company_164,Germany,Europe,1,Unknown,Nov-50,8833.22,Growth,SMB_Field,Outbound,2024-01-04,2025-01-04,0,0.19,3.8,0,1335.0,3.9732142857142856,336,485.0,1.443452380952381,9041.556450172347,26.90939419694151,752,4841.52,583.0,4200.036450172348,0.0,0.0,0.0,1.0,1.0,-0.3,0.53,3.51,1.0
C100165,Company_165,Australia,North America,0,Unknown,Nov-50,3796.87,Starter,SMB_Inside,Inbound,2023-02-10,,1,0.37,5.3,0,353.0,0.96448087431694,366,136.0,0.3715846994535519,5177.650432932086,14.146585882328104,168,2576.75,185.0,2600.9004329320856,0.0,0.0,0.0,0.0,0.0,0.0,0.0,0.0,0.0
C100166,Company_166,France,Europe,1,Professional Services,51-200,18901.83,Enterprise,MidMarket,SelfServe,2024-03-20,2025-03-21,0,0.09,7.5,0,2564.0,7.630952380952381,336,894.0,2.6607142857142856,7807.497471793669,23.23659961843354,1019,3094.85,1545.0,4712.647471793669,2.0,2.0,2.0,0.0,6.0,0.0983333333333333,3.658333333333333,13.016666666666666,6.0
C100167,Company_167,France,Europe,1,Ecommerce,51-200,13630.75,Enterprise,MidMarket,SelfServe,2023-03-23,,1,0.41,6.5,0,3420.0,10.178571428571429,336,1178.0,3.505952380952381,10054.050313909522,29.922768791397385,1828,5452.36,1592.0,4601.690313909521,0.0,1.0,2.0,0.0,3.0,-0.2633333333333333,2.0933333333333333,11.64,3.0
C100168,Company_168,US,North America,0,Manufacturing,Nov-50,4080.25,Starter,SMB_Inside,Outbound,2023-07-20,,1,0.11,7.8,0,383.0,1.046448087431694,366,136.0,0.3715846994535519,5203.19661678098,14.216384198855136,173,2511.87,210.0,2691.3266167809793,0.0,0.0,0.0,0.0,0.0,0.0,0.0,0.0,0.0
C100169,Company_169,Netherlands,Europe,1,Retail,10-Jan,2820.27,Starter,SMB_Inside,Partner,2023-10-28,,1,0.1,6.0,0,332.0,0.988095238095238,336,107.0,0.3184523809523809,4385.742686104882,13.052805613407386,170,2325.36,162.0,2060.382686104882,0.0,0.0,0.0,0.0,0.0,0.0,0.0,0.0,0.0
C100170,Company_170,France,Europe,1,Healthcare,51-200,33951.41,Enterprise,MidMarket,Outbound,2023-07-07,2024-07-07,0,0.21,5.3,0,1835.0,5.461309523809524,336,662.0,1.9702380952380951,5870.427679700822,17.471510951490544,1765,5685.87,70.0,184.55767970082212,0.0,1.0,1.0,0.0,2.0,-0.375,1.765,8.67,1.0
C100171,Company_171,UK,Europe,1,Hospitality,Nov-50,7520.18,Growth,SMB_Inside,SelfServe,2023-06-05,,1,0.14,7.2,0,1321.0,3.931547619047619,336,493.0,1.4672619047619049,8816.307455962564,26.23901028560287,725,4819.4,596.0,3996.9074559625647,1.0,0.0,1.0,1.0,3.0,0.0033333333333333,8.31,15.523333333333332,3.0
C100172,Company_172,Australia,North America,0,Ecommerce,Nov-50,3983.87,Growth,SMB_Inside,Partner,2024-01-23,2024-07-24,0,0.34,5.3,0,714.0,1.9508196721311477,366,259.0,0.7076502732240437,4927.29626478884,13.462558100515956,621,4222.03,93.0,705.2662647888401,1.0,0.0,0.0,0.0,1.0,-0.45,4.71,41.72,1.0
C100173,Company_173,France,Europe,1,Unknown,10-Jan,1917.05,Starter,SMB_Field,Outbound,2023-09-19,,1,0.27,6.7,0,352.0,1.0476190476190477,336,117.0,0.3482142857142857,4658.957658547862,13.865945412344828,190,2464.85,162.0,2194.107658547862,1.0,0.0,0.0,1.0,2.0,0.025,0.99,6.335,2.0
C100174,Company_174,France,Europe,1,Unknown,Nov-50,8414.77,Enterprise,SMB_Inside,Inbound,2023-08-12,2024-08-12,0,0.07,4.1,0,2278.0,6.779761904761905,336,814.0,2.422619047619047,6670.4259904438395,19.85245830489238,1882,5447.15,396.0,1223.27599044384,0.0,2.0,2.0,1.0,5.0,-0.1,2.1079999999999997,8.322,5.0
C100175,Company_175,Spain,Europe,1,Manufacturing,51-200,11729.43,Enterprise,MidMarket,Inbound,2023-02-20,,1,0.08,8.2,0,3264.0,9.714285714285714,336,1100.0,3.2738095238095237,9829.656265423357,29.25492936137904,1764,5199.42,1500.0,4630.236265423357,2.0,2.0,3.0,2.0,9.0,0.0977777777777777,1.4333333333333331,11.403333333333332,8.0
C100176,Company_176,Germany,Europe,1,Ecommerce,10-Jan,2138.75,Starter,SMB_Inside,SelfServe,2023-12-04,,1,0.04,4.5,0,339.0,1.0089285714285714,336,118.0,0.3511904761904761,4389.490332220259,13.063959322084104,182,2317.68,157.0,2071.810332220259,0.0,1.0,0.0,0.0,1.0,-0.35,0.87,4.79,1.0
C100177,Company_177,France,Europe,1,Healthcare,201-1000,90431.31,Enterprise,Enterprise,Partner,2023-11-06,,1,0.11,6.7,0,3369.0,10.026785714285714,336,1127.0,3.3541666666666665,10027.631816005807,29.84414230954109,1806,5420.63,1563.0,4607.001816005807,2.0,0.0,1.0,2.0,5.0,-0.088,1.0699999999999998,15.366,5.0
C100178,Company_178,France,Europe,1,Healthcare,201-1000,123797.8,Growth,Enterprise,Partner,2024-02-21,2025-02-21,0,0.46,10.0,0,1218.0,3.625,336,427.0,1.2708333333333333,7806.6228716130445,23.233996641705488,566,3595.44,652.0,4211.182871613044,0.0,1.0,1.0,2.0,4.0,-0.315,3.8275,8.0325,4.0
C100179,Company_179,Germany,Europe,1,Manufacturing,201-1000,128724.83,Enterprise,Enterprise,Partner,2023-08-27,2024-08-27,0,0.2,4.3,0,2352.0,7.0,336,821.0,2.443452380952381,7194.618920111352,21.412556309855216,1780,5422.8,572.0,1771.8189201113523,2.0,0.0,3.0,0.0,5.0,-0.252,3.176,12.998,5.0
C100180,Company_180,Australia,North America,0,Unknown,10-Jan,2525.19,Starter,SMB_Inside,Inbound,2023-10-14,,1,0.17,6.7,0,324.0,0.8852459016393442,366,120.0,0.3278688524590163,5055.068565442223,13.8116627471099,169,2531.18,155.0,2523.888565442223,1.0,0.0,0.0,0.0,1.0,0.39,1.07,7.86,1.0
C100181,Company_181,US,North America,0,Professional Services,10-Jan,1179.62,Growth,SMB_Inside,Outbound,2023-09-21,2024-09-21,0,0.47,5.4,0,1035.0,2.8278688524590163,366,379.0,1.03551912568306,6981.560077177274,19.075300757314956,692,4670.12,343.0,2311.4400771772744,0.0,0.0,0.0,0.0,0.0,0.0,0.0,0.0,0.0
C100182,Company_182,Germany,Europe,1,Professional Services,Nov-50,3462.07,Growth,SMB_Field,SelfServe,2024-02-18,2025-02-18,0,0.19,6.2,0,1221.0,3.633928571428571,336,468.0,1.3928571428571428,7714.9993803988145,22.961307679758377,560,3537.84,661.0,4177.159380398814,0.0,0.0,0.0,1.0,1.0,0.43,4.91,18.24,1.0
C100183,Company_183,UK,Europe,1,Manufacturing,10-Jan,2414.17,Starter,SMB_Field,Partner,2023-06-11,,1,0.05,7.6,0,328.0,0.9761904761904762,336,124.0,0.369047619047619,4710.103148439174,14.018164132259448,168,2463.41,160.0,2246.6931484391744,1.0,0.0,2.0,0.0,3.0,0.06,12.9,19.08,3.0
C100184,Company_184,Spain,Europe,1,Retail,51-200,22483.64,Enterprise,MidMarket,Inbound,2024-02-07,2024-08-08,0,0.13,5.3,0,1911.0,5.6875,336,666.0,1.9821428571428572,5428.084781803393,16.155014231557715,1491,4280.2,420.0,1147.884781803393,3.0,0.0,1.0,3.0,7.0,-0.0071428571428571,1.1642857142857144,9.891428571428571,6.0
C100185,Company_185,UK,Europe,1,Professional Services,Nov-50,8757.74,Growth,SMB_Inside,Outbound,2024-02-16,2025-02-16,0,0.14,5.5,0,1199.0,3.568452380952381,336,426.0,1.2678571428571428,7699.305435569656,22.914599510623976,586,3720.21,613.0,3979.0954355696554,0.0,0.0,1.0,1.0,2.0,0.045,3.01,13.505,2.0
C100186,Company_186,Canada,North America,0,Unknown,10-Jan,1000.27,Starter,SMB_Field,SelfServe,2023-02-18,2023-05-20,0,0.31,5.8,1,0.0,0.0,366,0.0,0.0,0.0,0.0,0,0.0,0.0,0.0,0.0,0.0,0.0,0.0,0.0,0.0,0.0,0.0,0.0
C100187,Company_187,Spain,Europe,1,Professional Services,201-1000,102148.28,Growth,Enterprise,Inbound,2023-04-17,,1,0.15,3.7,0,1326.0,3.946428571428571,336,483.0,1.4375,8714.494648067075,25.935995976390103,721,4701.04,605.0,4013.454648067075,0.0,0.0,0.0,0.0,0.0,0.0,0.0,0.0,0.0
C100188,Company_188,Germany,Europe,1,Unknown,10-Jan,1278.23,Starter,SMB_Inside,Inbound,2023-04-30,2023-10-30,0,0.07,6.6,1,0.0,0.0,336,0.0,0.0,0.0,0.0,0,0.0,0.0,0.0,0.0,0.0,0.0,0.0,0.0,0.0,0.0,0.0,0.0
C100189,Company_189,France,Europe,1,Unknown,51-200,11445.58,Growth,MidMarket,Partner,2023-05-20,,1,0.24,4.1,0,1426.0,4.244047619047619,336,513.0,1.5267857142857142,9154.422569439084,27.245305266187746,731,5011.46,695.0,4142.9625694390825,1.0,1.0,0.0,0.0,2.0,-0.235,1.395,7.195,2.0
C100190,Company_190,France,Europe,1,Healthcare,10-Jan,2314.71,Starter,SMB_Inside,Partner,2024-01-21,,1,0.17,6.5,0,340.0,1.011904761904762,336,131.0,0.3898809523809524,4261.895112175288,12.684211643378834,174,2225.34,166.0,2036.5551121752876,1.0,0.0,0.0,0.0,1.0,0.37,2.93,59.35,1.0
C100191,Company_191,UK,Europe,1,Professional Services,Nov-50,7775.36,Growth,SMB_Inside,SelfServe,2024-03-03,2024-09-02,0,0.58,6.8,0,718.0,2.136904761904762,336,261.0,0.7767857142857143,4801.591473682368,14.290450814530857,479,3190.62,239.0,1610.9714736823676,1.0,1.0,1.0,0.0,3.0,-0.0566666666666666,5.283333333333333,12.813333333333333,3.0
C100192,Company_192,Netherlands,Europe,1,Unknown,Nov-50,3135.29,Growth,SMB_Field,Outbound,2023-10-07,2024-10-07,0,0.26,2.3,0,1011.0,3.0089285714285716,336,359.0,1.068452380952381,6719.957123454347,19.999872391233176,705,4824.17,306.0,1895.7871234543472,0.0,1.0,1.0,0.0,2.0,0.1399999999999999,11.065,18.744999999999997,2.0
C100193,Company_193,US,North America,0,Unknown,201-1000,83741.23,Growth,Enterprise,SelfServe,2024-01-13,2025-01-13,0,0.09,5.6,0,1426.0,3.8961748633879782,366,496.0,1.355191256830601,9421.838430954627,25.742727953427945,686,4522.93,740.0,4898.908430954626,0.0,0.0,0.0,0.0,0.0,0.0,0.0,0.0,0.0
C100194,Company_194,Canada,North America,0,Unknown,51-200,32170.8,Growth,MidMarket,SelfServe,2023-06-02,,1,0.15,9.4,0,1451.0,3.96448087431694,366,501.0,1.3688524590163935,9808.615646486309,26.799496301875156,705,4972.77,746.0,4835.845646486307,0.0,1.0,0.0,0.0,1.0,0.06,0.89,21.41,1.0
C100195,Company_195,Spain,Europe,1,Healthcare,1000+,423131.64,Growth,Enterprise,SelfServe,2023-08-13,2024-08-13,0,0.02,5.8,0,906.0,2.6964285714285716,336,305.0,0.9077380952380952,6233.540042202263,18.552202506554355,728,5018.49,178.0,1215.0500422022633,1.0,1.0,1.0,0.0,3.0,0.18,1.83,8.66,3.0
C100196,Company_196,France,Europe,1,Logistics,Nov-50,6715.16,Starter,SMB_Inside,Inbound,2023-04-29,,1,0.08,9.7,0,325.0,0.9672619047619048,336,114.0,0.3392857142857143,4732.483311561428,14.084771760599487,181,2663.34,144.0,2069.1433115614286,0.0,0.0,0.0,0.0,0.0,0.0,0.0,0.0,0.0
C100197,Company_197,UK,Europe,1,Ecommerce,10-Jan,2054.53,Growth,SMB_Inside,Partner,2023-09-24,2024-09-24,0,0.28,6.1,0,933.0,2.7767857142857144,336,323.0,0.9613095238095238,6444.547903721704,19.180202094409832,696,4882.01,237.0,1562.5379037217033,1.0,1.0,1.0,0.0,3.0,0.0366666666666666,8.483333333333334,13.449999999999998,3.0
C100198,Company_198,Canada,North America,0,Ecommerce,51-200,23430.2,Enterprise,MidMarket,SelfServe,2023-11-04,,1,0.4,6.7,0,3824.0,10.448087431693988,366,1355.0,3.702185792349727,11211.401362905694,30.632244160944516,1903,5555.49,1921.0,5655.911362905693,1.0,3.0,1.0,0.0,5.0,-0.152,1.534,11.524,5.0
C100199,Company_199,Spain,Europe,1,Unknown,1000+,213107.78,Enterprise,Enterprise,Outbound,2023-03-19,2024-03-19,0,0.62,5.6,1,709.0,2.110119047619047,336,236.0,0.7023809523809523,2296.45,6.834672619047619,709,2296.45,0.0,0.0,0.0,0.0,1.0,0.0,1.0,0.2,0.55,7.3,1.0
C100200,Company_200,Germany,Europe,1,Manufacturing,51-200,38542.89,Enterprise,MidMarket,Inbound,2023-09-29,2024-09-29,0,0.4,6.5,0,2453.0,7.300595238095238,336,851.0,2.5327380952380953,7366.142415661289,21.92304290375384,1842,5512.05,611.0,1854.0924156612896,2.0,2.0,3.0,0.0,7.0,-0.1157142857142857,3.0500000000000003,14.968571428571428,5.0
C100201,Company_201,Germany,Europe,1,Hospitality,10-Jan,2887.4,Enterprise,SMB_Field,Partner,2023-10-12,2024-10-12,0,0.15,5.9,0,2600.0,7.738095238095238,336,928.0,2.761904761904762,7709.022530098681,22.943519434817503,1874,5385.21,726.0,2323.8125300986812,1.0,0.0,2.0,1.0,4.0,0.1075,1.43,12.625,4.0
C100202,Company_202,Australia,North America,0,Hospitality,10-Jan,1997.79,Starter,SMB_Field,SelfServe,2023-08-30,,1,0.1,7.1,0,367.0,1.0027322404371584,366,119.0,0.3251366120218579,4918.659485619652,13.438960343223092,194,2403.42,173.0,2515.239485619652,0.0,1.0,0.0,0.0,1.0,0.03,9.48,15.56,1.0
C100203,Company_203,Australia,North America,0,Hospitality,51-200,10013.28,Starter,MidMarket,Partner,2023-12-30,2024-06-30,0,0.7,4.8,1,183.0,0.5,366,76.0,0.2076502732240437,2305.93,6.3003551912568305,183,2305.93,0.0,0.0,0.0,2.0,0.0,0.0,2.0,0.0499999999999999,2.915,13.385000000000002,1.0
C100204,Company_204,US,North America,0,Logistics,51-200,17211.97,Growth,MidMarket,Outbound,2023-11-20,2024-05-21,0,0.18,6.5,1,592.0,1.6174863387978142,366,196.0,0.5355191256830601,3798.85,10.379371584699454,592,3798.85,0.0,0.0,0.0,0.0,1.0,0.0,1.0,-0.02,1.82,4.47,1.0
C100205,Company_205,US,North America,0,Unknown,10-Jan,2033.4,Enterprise,SMB_Inside,Partner,2023-11-08,,1,0.07,8.4,0,3555.0,9.71311475409836,366,1276.0,3.4863387978142075,10885.195005821284,29.74096996126034,1817,5498.09,1738.0,5387.105005821285,0.0,0.0,2.0,0.0,2.0,0.08,2.985,14.05,2.0
C100206,Company_206,Canada,North America,0,Wholesale,Nov-50,7452.3,Starter,SMB_Inside,Partner,2023-02-15,,1,0.11,6.1,0,380.0,1.0382513661202186,366,119.0,0.3251366120218579,4877.014133868238,13.325175229148192,201,2512.56,179.0,2364.4541338682384,0.0,0.0,0.0,0.0,0.0,0.0,0.0,0.0,0.0
C100207,Company_207,Germany,Europe,1,Wholesale,51-200,25469.78,Enterprise,MidMarket,SelfServe,2023-01-04,,1,0.12,8.1,0,3364.0,10.011904761904765,336,1157.0,3.443452380952381,9815.426337268673,29.212578384728193,1816,5291.28,1548.0,4524.146337268672,3.0,3.0,0.0,1.0,7.0,0.0142857142857142,1.7,12.05,6.0
C100208,Company_208,Spain,Europe,1,Hospitality,Nov-50,5127.6,Growth,SMB_Field,Partner,2024-02-26,2024-08-27,0,0.01,8.2,0,718.0,2.136904761904762,336,247.0,0.7351190476190477,4832.51790403597,14.382493762011816,477,3167.65,241.0,1664.8679040359698,1.0,3.0,2.0,0.0,6.0,0.0349999999999999,3.57,7.726666666666667,6.0
C100209,Company_209,Canada,North America,0,Hospitality,Nov-50,5358.75,Growth,SMB_Inside,Outbound,2023-07-04,2024-07-04,0,0.32,4.1,0,769.0,2.101092896174863,366,287.0,0.7841530054644809,5010.603772728291,13.690174242427023,750,4916.23,19.0,94.37377272829085,1.0,0.0,0.0,1.0,2.0,0.095,11.445,15.835,2.0
C100210,Company_210,UK,Europe,1,Unknown,51-200,11272.67,Growth,MidMarket,Inbound,2023-05-19,,1,0.06,8.0,0,1387.0,4.127976190476191,336,512.0,1.5238095238095235,9102.684939568118,27.091324224905115,782,5060.09,605.0,4042.594939568118,0.0,0.0,1.0,1.0,2.0,-0.09,5.33,8.435,2.0
C100211,Company_211,Netherlands,Europe,1,Healthcare,51-200,14770.75,Growth,MidMarket,Inbound,2024-01-18,2025-01-18,0,0.14,6.3,0,1262.0,3.755952380952381,336,444.0,1.3214285714285714,8663.400525989317,25.783930136872964,664,4644.85,598.0,4018.5505259893166,1.0,0.0,2.0,0.0,3.0,0.0333333333333333,6.353333333333334,16.98333333333333,1.0
C100212,Company_212,US,North America,0,Unknown,10-Jan,2342.11,Starter,SMB_Field,Inbound,2023-03-04,,1,0.31,6.3,0,346.0,0.9453551912568308,366,125.0,0.3415300546448087,4922.073612248241,13.448288558055305,174,2461.2,172.0,2460.873612248241,0.0,0.0,0.0,1.0,1.0,-0.1,0.1,8.54,1.0
C100213,Company_213,Australia,North America,0,Unknown,51-200,28477.36,Enterprise,MidMarket,Partner,2023-03-19,,1,0.08,3.2,0,3753.0,10.254098360655735,366,1311.0,3.581967213114754,11055.156049514932,30.205344397581783,1874,5528.8,1879.0,5526.356049514933,0.0,1.0,3.0,1.0,5.0,0.048,1.88,5.806,5.0
C100214,Company_214,Australia,North America,0,Wholesale,201-1000,54488.65,Enterprise,Enterprise,Partner,2023-07-23,2024-07-23,0,0.39,4.5,0,2040.0,5.573770491803279,366,736.0,2.010928961748634,6310.596730116479,17.24206756862426,1782,5677.02,258.0,633.576730116479,1.0,1.0,0.0,0.0,2.0,-0.235,0.6799999999999999,4.415,2.0
C100215,Company_215,Australia,North America,0,Retail,51-200,35520.41,Growth,MidMarket,SelfServe,2024-01-10,2025-01-10,0,0.18,4.6,0,1459.0,3.986338797814207,366,490.0,1.3387978142076502,9718.702124559464,26.5538309414193,681,4619.76,778.0,5098.942124559465,0.0,1.0,0.0,0.0,1.0,0.51,3.03,12.9,1.0
C100216,Company_216,France,Europe,1,Retail,Nov-50,5000.31,Growth,SMB_Inside,SelfServe,2023-02-28,,1,0.19,8.3,0,1378.0,4.101190476190476,336,475.0,1.4136904761904765,9250.54507467857,27.531384150829076,758,4998.02,620.0,4252.5250746785705,3.0,1.0,1.0,0.0,5.0,0.13,7.444,25.449999999999996,4.0
C100217,Company_217,France,Europe,1,Logistics,1000+,424844.08,Enterprise,Enterprise,Outbound,2023-08-03,2024-08-03,0,0.24,6.9,0,2142.0,6.375,336,741.0,2.205357142857143,6596.412284174951,19.632179417187356,1796,5594.82,346.0,1001.592284174951,0.0,2.0,1.0,2.0,5.0,0.006,0.646,4.628,5.0
C100218,Company_218,UK,Europe,1,Wholesale,1000+,271283.46,Growth,Enterprise,Outbound,2024-02-29,2024-08-30,0,0.22,5.3,0,743.0,2.2113095238095237,336,271.0,0.8065476190476191,4940.940535873491,14.705180166290152,512,3363.8,231.0,1577.1405358734908,0.0,2.0,1.0,0.0,3.0,-0.15,1.9633333333333332,12.273333333333332,3.0
C100219,Company_219,Australia,North America,0,Professional Services,Nov-50,9478.66,Enterprise,SMB_Inside,Partner,2023-08-07,,1,0.21,6.6,0,3650.0,9.972677595628417,366,1259.0,3.439890710382514,10995.375462135176,30.042009459385728,1806,5469.35,1844.0,5526.025462135177,2.0,3.0,0.0,0.0,5.0,-0.12,2.12,7.744,4.0
C100220,Company_220,Netherlands,Europe,1,Healthcare,1000+,259517.59,Growth,Enterprise,SelfServe,2023-02-17,,1,0.07,7.2,0,1298.0,3.863095238095238,336,485.0,1.443452380952381,8864.123049256023,26.381318598976257,716,4788.36,582.0,4075.7630492560234,2.0,1.0,0.0,0.0,3.0,-0.12,3.8333333333333335,8.62,3.0
C100221,Company_221,UK,Europe,1,Manufacturing,Nov-50,5614.88,Growth,SMB_Field,Outbound,2023-12-22,2024-12-22,0,0.23,7.4,0,1287.0,3.830357142857143,336,432.0,1.2857142857142858,8688.54230698774,25.85875686603494,704,4637.69,583.0,4050.85230698774,2.0,0.0,0.0,0.0,2.0,-0.06,3.655,25.8,2.0
C100222,Company_222,UK,Europe,1,Wholesale,Nov-50,3058.24,Growth,SMB_Field,Outbound,2023-05-25,,1,0.17,5.9,0,1344.0,4.0,336,478.0,1.4226190476190477,9102.678194297623,27.091304149695308,698,4938.17,646.0,4164.508194297624,0.0,2.0,0.0,1.0,3.0,0.0733333333333333,2.063333333333333,15.566666666666668,2.0
C100223,Company_223,Canada,North America,0,Manufacturing,51-200,26406.28,Starter,MidMarket,SelfServe,2023-12-14,,1,0.26,4.8,0,357.0,0.9754098360655736,366,117.0,0.319672131147541,4939.305714607415,13.495370804938291,179,2460.66,178.0,2478.6457146074154,1.0,0.0,0.0,1.0,2.0,-0.255,4.58,5.895,2.0
C100224,Company_224,US,North America,0,Ecommerce,51-200,34689.51,Growth,MidMarket,Outbound,2023-02-07,,1,0.05,7.1,0,1468.0,4.0109289617486334,366,463.0,1.2650273224043715,9743.04397202242,26.62033872137273,706,4852.76,762.0,4890.283972022418,0.0,2.0,0.0,0.0,2.0,0.1049999999999999,2.855,17.9,2.0
C100225,Company_225,UK,Europe,1,Wholesale,Nov-50,9018.77,Growth,SMB_Field,SelfServe,2023-12-19,2024-12-19,0,0.43,7.7,0,1308.0,3.892857142857143,336,474.0,1.4107142857142858,8774.170128582446,26.11360157316204,704,4818.24,604.0,3955.9301285824463,0.0,1.0,0.0,2.0,3.0,0.0333333333333333,4.33,10.246666666666666,3.0
C100226,Company_226,Germany,Europe,1,Ecommerce,51-200,11920.19,Growth,MidMarket,Partner,2023-02-06,,1,0.09,6.8,0,1327.0,3.949404761904762,336,455.0,1.3541666666666667,8953.951507916612,26.648665202132776,714,4755.91,613.0,4198.041507916612,3.0,1.0,0.0,1.0,5.0,-0.198,8.018,24.096,5.0
C100227,Company_227,Netherlands,Europe,1,Unknown,10-Jan,1318.98,Growth,SMB_Inside,Outbound,2023-05-01,,1,0.02,6.9,0,1292.0,3.8452380952380953,336,426.0,1.2678571428571428,8843.26493226841,26.31924086984646,714,4761.68,578.0,4081.5849322684103,0.0,0.0,0.0,1.0,1.0,-0.07,8.59,20.06,1.0
C100228,Company_228,Germany,Europe,1,Retail,51-200,17646.47,Growth,MidMarket,SelfServe,2023-08-22,2024-08-22,0,0.14,7.5,0,958.0,2.8511904761904763,336,328.0,0.9761904761904762,6390.277872021885,19.018684142922275,736,4895.52,222.0,1494.7578720218849,1.0,1.0,2.0,2.0,6.0,-0.0633333333333333,3.4983333333333335,14.898333333333332,6.0
C100229,Company_229,Spain,Europe,1,Ecommerce,10-Jan,1155.28,Starter,SMB_Field,Inbound,2023-08-01,2024-08-01,0,0.11,2.9,0,198.0,0.5892857142857143,336,79.0,0.2351190476190476,2963.5124658757227,8.819977577011079,160,2480.55,38.0,482.9624658757225,0.0,1.0,0.0,0.0,1.0,0.05,17.81,22.17,1.0
C100230,Company_230,Canada,North America,0,Healthcare,51-200,14810.96,Growth,MidMarket,Partner,2023-08-02,,1,0.07,7.0,0,1430.0,3.907103825136612,366,494.0,1.349726775956284,9559.658713922783,26.119286103614165,709,4657.73,721.0,4901.928713922785,1.0,0.0,0.0,0.0,1.0,-0.31,7.75,18.49,1.0
C100231,Company_231,US,North America,0,Unknown,10-Jan,2038.45,Growth,SMB_Field,Outbound,2023-04-25,,1,0.53,4.1,0,1467.0,4.008196721311475,366,507.0,1.3852459016393444,9829.913421214786,26.857686943209796,743,4904.19,724.0,4925.723421214787,1.0,0.0,2.0,0.0,3.0,0.2166666666666666,7.323333333333333,13.06,3.0
C100232,Company_232,Australia,North America,0,Retail,1000+,294152.66,Growth,Enterprise,Partner,2023-07-14,2024-07-14,0,0.08,6.2,0,757.0,2.068306010928962,366,253.0,0.6912568306010929,5114.432869054496,13.973860297963103,698,4718.7300000000005,59.0,395.70286905449655,0.0,0.0,0.0,0.0,0.0,0.0,0.0,0.0,0.0
C100233,Company_233,Canada,North America,0,Retail,10-Jan,1228.57,Growth,SMB_Inside,SelfServe,2023-10-09,,1,0.14,7.2,0,1496.0,4.087431693989071,366,495.0,1.352459016393443,10207.781419074,27.890113166868858,755,5129.54,741.0,5078.241419074001,0.0,1.0,1.0,0.0,2.0,-0.1949999999999999,0.425,4.385,2.0
C100234,Company_234,Netherlands,Europe,1,Retail,51-200,30658.95,Growth,MidMarket,Inbound,2023-04-27,,1,0.13,6.5,0,1331.0,3.961309523809524,336,446.0,1.3273809523809523,9288.830222530709,27.645328043246156,720,5137.99,611.0,4150.840222530709,1.0,0.0,0.0,0.0,1.0,-0.19,6.88,9.61,1.0
C100235,Company_235,US,North America,0,Unknown,Nov-50,5868.17,Growth,SMB_Inside,Partner,2023-05-19,,1,0.46,5.5,0,1516.0,4.14207650273224,366,548.0,1.4972677595628416,10089.477213746168,27.56687763318625,754,4942.12,762.0,5147.357213746168,0.0,1.0,1.0,1.0,3.0,0.01,4.716666666666666,15.826666666666666,3.0
C100236,Company_236,France,Europe,1,Wholesale,Nov-50,6913.41,Growth,SMB_Inside,SelfServe,2024-03-23,2024-09-22,0,0.1,6.4,0,661.0,1.9672619047619049,336,231.0,0.6875,4280.291996228866,12.738964274490671,421,2692.38,240.0,1587.9119962288655,1.0,3.0,0.0,2.0,6.0,-0.0366666666666666,1.39,10.783333333333331,5.0
C100237,Company_237,Germany,Europe,1,Manufacturing,Nov-50,8896.28,Growth,SMB_Field,Partner,2024-01-21,2025-01-21,0,0.15,6.9,0,1227.0,3.6517857142857144,336,460.0,1.369047619047619,8627.350576893457,25.67663862170672,638,4477.84,589.0,4149.510576893456,1.0,1.0,1.0,0.0,3.0,-0.09,2.48,25.5,3.0
C100238,Company_238,Australia,North America,0,Professional Services,10-Jan,2517.0,Starter,SMB_Inside,Outbound,2023-10-22,2024-04-22,0,0.06,4.7,1,119.0,0.3251366120218579,366,39.0,0.1065573770491803,1538.43,4.203360655737705,119,1538.43,0.0,0.0,0.0,0.0,0.0,1.0,1.0,-0.05,4.16,4.29,1.0
C100239,Company_239,Canada,North America,0,Professional Services,Nov-50,6317.45,Growth,SMB_Inside,Outbound,2024-03-01,2025-03-02,0,0.18,5.5,0,1240.0,3.387978142076503,366,448.0,1.2240437158469946,8196.366115480725,22.39444293847193,488,3226.99,752.0,4969.376115480724,0.0,1.0,0.0,0.0,1.0,0.33,5.6,9.19,0.0
C100240,Company_240,Australia,North America,0,Ecommerce,Nov-50,7092.68,Enterprise,SMB_Inside,Partner,2023-12-02,,1,0.22,8.7,0,3645.0,9.959016393442624,366,1294.0,3.5355191256830603,10991.505228113623,30.031435049490774,1824,5519.07,1821.0,5472.435228113624,0.0,4.0,1.0,2.0,7.0,-0.1985714285714286,2.518571428571428,8.977142857142857,6.0
C100241,Company_241,Germany,Europe,1,Unknown,201-1000,116410.51,Growth,Enterprise,SelfServe,2023-06-05,,1,0.03,7.8,0,1381.0,4.1101190476190474,336,472.0,1.4047619047619049,8872.604144343777,26.4065599534041,746,4791.22,635.0,4081.384144343777,0.0,0.0,0.0,0.0,0.0,0.0,0.0,0.0,0.0
C100242,Company_242,France,Europe,1,Unknown,Nov-50,4520.62,Starter,SMB_Inside,SelfServe,2023-06-10,,1,0.04,7.5,0,333.0,0.9910714285714286,336,104.0,0.3095238095238095,4882.855004937878,14.532306562315114,180,2539.66,153.0,2343.1950049378784,0.0,0.0,0.0,1.0,1.0,-0.47,9.31,11.87,1.0
C100243,Company_243,Australia,North America,0,Unknown,10-Jan,1188.65,Starter,SMB_Inside,Partner,2023-04-14,,1,0.27,7.0,0,357.0,0.9754098360655736,366,124.0,0.3387978142076502,4876.1002080718235,13.322678164130666,186,2377.15,171.0,2498.9502080718235,0.0,0.0,0.0,0.0,0.0,0.0,0.0,0.0,0.0
C100244,Company_244,France,Europe,1,Healthcare,10-Jan,1608.06,Starter,SMB_Field,Partner,2023-06-12,2023-12-12,0,0.2,5.6,1,0.0,0.0,336,0.0,0.0,0.0,0.0,0,0.0,0.0,0.0,1.0,0.0,0.0,0.0,1.0,-0.56,0.2,10.61,1.0
C100245,Company_245,Spain,Europe,1,Unknown,10-Jan,2023.27,Growth,SMB_Inside,SelfServe,2024-02-20,,1,0.18,6.9,0,1159.0,3.449404761904762,336,411.0,1.2232142857142858,7721.437936062624,22.980470047805422,537,3515.14,622.0,4206.297936062623,2.0,0.0,2.0,0.0,4.0,0.05,6.2700000000000005,12.045,3.0
C100246,Company_246,France,Europe,1,Healthcare,1000+,230106.41,Enterprise,Enterprise,Inbound,2024-03-02,2024-09-01,0,0.25,4.0,0,1888.0,5.619047619047619,336,667.0,1.9851190476190477,5678.023243441272,16.898878700718072,1253,3797.18,635.0,1880.8432434412716,3.0,0.0,1.0,1.0,5.0,-0.19,1.372,6.938,5.0
C100247,Company_247,Germany,Europe,1,Ecommerce,Nov-50,9644.4,Growth,SMB_Inside,Inbound,2023-01-14,,1,0.15,6.0,0,1337.0,3.9791666666666665,336,473.0,1.4077380952380951,8970.303514961295,26.69733188976576,716,4892.03,621.0,4078.2735149612954,0.0,0.0,2.0,2.0,4.0,-0.3725,4.41,12.9425,4.0
C100248,Company_248,France,Europe,1,Retail,Nov-50,7451.58,Enterprise,SMB_Field,Outbound,2023-12-05,,1,0.06,8.3,0,3452.0,10.273809523809524,336,1252.0,3.726190476190476,10449.855403052456,31.100760128132315,1863,5679.36,1589.0,4770.495403052458,0.0,0.0,2.0,1.0,3.0,-0.02,2.11,5.82,3.0
C100249,Company_249,France,Europe,1,Retail,51-200,30571.02,Enterprise,MidMarket,SelfServe,2023-10-23,2024-10-23,0,0.21,6.6,0,2625.0,7.8125,336,927.0,2.7589285714285716,7899.963082878123,23.51179488951822,1816,5338.84,809.0,2561.1230828781227,3.0,1.0,5.0,2.0,11.0,-0.1181818181818181,2.06,7.854545454545455,9.0
C100250,Company_250,UK,Europe,1,Hospitality,Nov-50,3363.93,Starter,SMB_Inside,SelfServe,2024-02-28,2025-02-28,0,0.2,4.7,0,303.0,0.9017857142857144,336,103.0,0.306547619047619,4006.355261640241,11.92367637392929,137,1881.81,166.0,2124.5452616402413,1.0,0.0,1.0,0.0,2.0,-0.105,4.17,22.06,2.0
C100251,Company_251,Spain,Europe,1,Unknown,1000+,193827.2,Enterprise,Enterprise,SelfServe,2023-09-13,2024-09-13,0,0.21,4.8,0,2504.0,7.452380952380952,336,877.0,2.610119047619047,7265.502543987752,21.623519476154023,1844,5467.6,660.0,1797.9025439877516,1.0,0.0,0.0,2.0,3.0,-0.1566666666666666,0.96,5.266666666666667,3.0
C100252,Company_252,US,North America,0,Healthcare,Nov-50,8718.82,Starter,SMB_Inside,Inbound,2023-04-29,,1,0.2,6.1,0,373.0,1.0191256830601092,366,113.0,0.3087431693989071,5071.485518303979,13.856517809573711,185,2609.2,188.0,2462.285518303979,0.0,0.0,0.0,0.0,0.0,0.0,0.0,0.0,0.0
C100253,Company_253,UK,Europe,1,Unknown,10-Jan,1556.74,Enterprise,SMB_Inside,SelfServe,2023-03-13,2023-09-12,0,0.07,4.7,1,0.0,0.0,336,0.0,0.0,0.0,0.0,0,0.0,0.0,0.0,1.0,2.0,0.0,0.0,3.0,-0.04,2.52,5.546666666666667,3.0
C100254,Company_254,Canada,North America,0,Logistics,Nov-50,8437.62,Starter,SMB_Field,Outbound,2023-01-04,,1,0.14,5.0,0,380.0,1.0382513661202186,366,136.0,0.3715846994535519,4890.434508890762,13.361842920466565,169,2266.95,211.0,2623.4845088907623,0.0,1.0,0.0,0.0,1.0,0.02,4.02,11.19,1.0
C100255,Company_255,UK,Europe,1,Hospitality,Nov-50,6217.09,Starter,SMB_Field,Partner,2023-05-25,,1,0.31,2.6,0,319.0,0.949404761904762,336,115.0,0.3422619047619047,4584.710075432831,13.644970462597712,180,2487.8,139.0,2096.910075432831,0.0,0.0,0.0,1.0,1.0,-0.41,0.1,0.87,1.0
C100256,Company_256,Germany,Europe,1,Retail,1000+,496307.9,Growth,Enterprise,Partner,2023-06-16,,1,0.11,6.6,0,1329.0,3.955357142857143,336,455.0,1.3541666666666667,8907.88478899849,26.51156187201931,746,4830.38,583.0,4077.5047889984894,1.0,0.0,0.0,0.0,1.0,0.2,2.1,24.98,1.0
C100257,Company_257,Germany,Europe,1,Retail,51-200,22484.36,Growth,MidMarket,Partner,2023-10-22,2024-10-22,0,0.39,7.8,0,1078.0,3.2083333333333335,336,382.0,1.136904761904762,6999.157856020229,20.830826952441157,747,4803.86,331.0,2195.297856020229,0.0,0.0,0.0,0.0,0.0,0.0,0.0,0.0,0.0
C100258,Company_258,France,Europe,1,Healthcare,Nov-50,3988.56,Enterprise,SMB_Inside,Inbound,2023-06-09,,1,0.05,7.5,0,3427.0,10.199404761904765,336,1159.0,3.449404761904762,9878.670259155837,29.400804342725703,1854,5358.09,1573.0,4520.580259155838,1.0,4.0,1.0,2.0,8.0,-0.11875,2.175,9.45375,8.0
C100259,Company_259,Spain,Europe,1,Healthcare,Nov-50,9257.9,Starter,SMB_Inside,Partner,2024-01-29,2025-01-29,0,0.11,9.1,0,309.0,0.9196428571428572,336,116.0,0.3452380952380952,4294.034668090742,12.7798650836034,162,2192.41,147.0,2101.624668090742,0.0,0.0,0.0,0.0,0.0,0.0,0.0,0.0,0.0
C100260,Company_260,France,Europe,1,Unknown,51-200,32550.29,Growth,MidMarket,SelfServe,2024-01-18,2025-01-18,0,0.24,5.1,0,1245.0,3.705357142857143,336,418.0,1.244047619047619,8259.90949324191,24.583063967981875,648,4151.34,597.0,4108.56949324191,1.0,0.0,0.0,1.0,2.0,0.13,3.1049999999999995,9.845,2.0
C100261,Company_261,US,North America,0,Unknown,Nov-50,4452.79,Starter,SMB_Inside,Partner,2023-06-23,,1,0.09,8.1,0,340.0,0.9289617486338798,366,116.0,0.3169398907103825,4774.905426359566,13.046189689507012,154,2163.25,186.0,2611.655426359566,0.0,1.0,0.0,0.0,1.0,0.12,0.82,21.64,1.0
C100262,Company_262,Australia,North America,0,Hospitality,Nov-50,8792.87,Growth,SMB_Inside,SelfServe,2023-08-09,2024-08-09,0,0.17,6.5,0,889.0,2.42896174863388,366,312.0,0.8524590163934426,6193.452439904448,16.92200120192472,721,5058.96,168.0,1134.4924399044476,2.0,0.0,1.0,0.0,3.0,0.2166666666666666,1.2666666666666666,9.79,2.0
C100263,Company_263,Canada,North America,0,Unknown,10-Jan,1049.94,Starter,SMB_Inside,Outbound,2024-01-02,2024-04-02,0,0.33,6.0,1,100.0,0.273224043715847,366,33.0,0.0901639344262295,1189.7,3.250546448087432,100,1189.7,0.0,0.0,0.0,1.0,0.0,0.0,1.0,0.2,6.5,16.95,1.0
C100264,Company_264,Netherlands,Europe,1,Manufacturing,51-200,29545.47,Growth,MidMarket,Partner,2023-04-13,,1,0.32,5.7,0,1367.0,4.068452380952381,336,477.0,1.4196428571428572,9143.825914263662,27.213767601975185,749,4986.74,618.0,4157.085914263662,0.0,1.0,1.0,1.0,3.0,0.1033333333333333,3.6633333333333336,8.459999999999999,3.0
C100265,Company_265,Spain,Europe,1,Unknown,51-200,10903.12,Growth,MidMarket,Partner,2023-05-19,,1,0.22,6.6,0,1315.0,3.913690476190476,336,475.0,1.4136904761904765,8782.791516428764,26.139260465561797,677,4639.59,638.0,4143.201516428765,0.0,2.0,1.0,0.0,3.0,-0.2166666666666666,6.966666666666666,11.646666666666668,2.0
C100266,Company_266,Germany,Europe,1,Logistics,10-Jan,1563.23,Growth,SMB_Inside,SelfServe,2023-08-02,2023-11-01,0,0.23,4.2,1,0.0,0.0,336,0.0,0.0,0.0,0.0,0,0.0,0.0,0.0,1.0,1.0,1.0,0.0,3.0,-0.0166666666666666,5.653333333333333,15.373333333333331,3.0
C100267,Company_267,Germany,Europe,1,Ecommerce,51-200,21175.27,Enterprise,MidMarket,Partner,2024-03-31,2025-04-01,0,0.06,5.1,0,2514.0,7.482142857142857,336,858.0,2.5535714285714284,7481.267907554302,22.265678296292567,921,2822.75,1593.0,4658.517907554302,0.0,2.0,1.0,2.0,5.0,0.2,1.96,13.808000000000002,5.0
C100268,Company_268,Netherlands,Europe,1,Healthcare,Nov-50,7532.62,Starter,SMB_Inside,Outbound,2023-03-14,,1,0.12,8.3,0,322.0,0.9583333333333334,336,114.0,0.3392857142857143,4883.342976084496,14.533758857394332,185,2638.24,137.0,2245.102976084496,0.0,0.0,0.0,0.0,0.0,0.0,0.0,0.0,0.0
C100269,Company_269,Canada,North America,0,Healthcare,Nov-50,4901.43,Growth,SMB_Field,SelfServe,2023-07-02,2024-07-02,0,0.19,4.8,0,796.0,2.1748633879781423,366,251.0,0.6857923497267759,5090.494689656205,13.90845543621914,786,5049.28,10.0,41.21468965620547,0.0,0.0,0.0,0.0,0.0,0.0,0.0,0.0,0.0
C100270,Company_270,US,North America,0,Wholesale,51-200,38496.99,Growth,MidMarket,Outbound,2023-09-10,2024-09-10,0,0.27,3.8,0,996.0,2.721311475409836,366,367.0,1.0027322404371584,6682.712181735582,18.25877645282946,709,4783.75,287.0,1898.962181735582,0.0,1.0,0.0,1.0,2.0,0.06,0.99,11.575,2.0
C100271,Company_271,Germany,Europe,1,Unknown,10-Jan,2399.38,Starter,SMB_Field,Partner,2023-08-02,2024-02-01,0,0.05,6.5,1,27.0,0.0803571428571428,336,6.0,0.0178571428571428,375.63,1.1179464285714285,27,375.63,0.0,0.0,0.0,0.0,0.0,0.0,0.0,0.0,0.0,0.0,0.0
C100272,Company_272,Australia,North America,0,Unknown,10-Jan,2791.4,Starter,SMB_Field,Outbound,2023-12-15,,1,0.2,6.5,0,373.0,1.0191256830601092,366,132.0,0.360655737704918,5053.779162524335,13.808139788317856,180,2351.09,193.0,2702.689162524335,1.0,0.0,1.0,0.0,2.0,-0.425,3.64,30.605000000000004,2.0
C100273,Company_273,Australia,North America,0,Unknown,10-Jan,1480.14,Starter,SMB_Inside,Partner,2023-08-11,,1,0.23,6.0,0,387.0,1.0573770491803278,366,140.0,0.3825136612021858,5157.479397561144,14.091473763828262,213,2735.01,174.0,2422.4693975611435,0.0,0.0,0.0,0.0,0.0,0.0,0.0,0.0,0.0
C100274,Company_274,US,North America,0,Hospitality,Nov-50,4108.13,Growth,SMB_Field,Partner,2023-07-27,2024-07-27,0,0.23,7.4,0,758.0,2.07103825136612,366,245.0,0.6693989071038251,5432.9586350014415,14.844149275960223,647,4696.35,111.0,736.6086350014417,0.0,0.0,0.0,1.0,1.0,0.51,3.21,27.53,1.0
C100275,Company_275,Germany,Europe,1,Unknown,10-Jan,1408.49,Starter,SMB_Inside,Inbound,2023-08-29,,1,0.18,6.3,0,299.0,0.8898809523809523,336,90.0,0.2678571428571428,4743.79266851624,14.118430561060238,143,2446.46,156.0,2297.33266851624,3.0,0.0,0.0,0.0,3.0,-0.47,6.379999999999999,15.503333333333332,3.0
C100276,Company_276,Canada,North America,0,Unknown,Nov-50,8003.27,Growth,SMB_Inside,SelfServe,2023-09-30,,1,0.2,6.7,0,1500.0,4.098360655737705,366,541.0,1.4781420765027322,9717.987509679053,26.551878441746045,755,4787.73,745.0,4930.257509679053,1.0,0.0,0.0,1.0,2.0,0.0099999999999999,3.065,8.8,2.0
C100277,Company_277,Germany,Europe,1,Manufacturing,10-Jan,1510.67,Growth,SMB_Inside,Inbound,2024-01-16,,1,0.32,2.9,0,1271.0,3.7827380952380953,336,447.0,1.3303571428571428,8653.033083533652,25.753074653373965,673,4573.42,598.0,4079.613083533651,0.0,1.0,0.0,1.0,2.0,0.195,2.3899999999999997,4.755,2.0
C100278,Company_278,Australia,North America,0,Unknown,10-Jan,1336.41,Starter,SMB_Inside,Outbound,2024-01-23,2024-07-24,0,0.15,6.6,0,173.0,0.4726775956284153,366,55.0,0.1502732240437158,2478.9172738286957,6.772998015925398,157,2216.63,16.0,262.2872738286958,0.0,0.0,1.0,0.0,1.0,0.07,0.29,2.08,1.0
C100279,Company_279,Australia,North America,0,Healthcare,Nov-50,3301.37,Growth,SMB_Inside,Outbound,2023-08-18,2024-08-18,0,0.22,3.2,0,930.0,2.540983606557377,366,316.0,0.8633879781420765,6380.776469395216,17.433815490150863,734,5133.27,196.0,1247.5064693952156,2.0,0.0,0.0,1.0,3.0,-0.5333333333333333,5.466666666666666,25.636666666666667,3.0
C100280,Company_280,Canada,North America,0,Hospitality,51-200,37451.82,Growth,MidMarket,SelfServe,2023-01-04,,1,0.29,7.1,0,1424.0,3.890710382513661,366,513.0,1.401639344262295,9302.921227357889,25.417817561087126,686,4598.03,738.0,4704.891227357888,2.0,1.0,0.0,0.0,3.0,-0.2233333333333333,2.8333333333333335,10.613333333333332,1.0
C100281,Company_281,Germany,Europe,1,Unknown,Nov-50,4476.2,Enterprise,SMB_Inside,SelfServe,2023-12-03,,1,0.04,8.8,0,3392.0,10.095238095238097,336,1184.0,3.5238095238095237,10036.176473378193,29.869572837435097,1859,5305.14,1533.0,4731.036473378193,1.0,0.0,3.0,1.0,5.0,-0.02,1.952,5.996,5.0
C100282,Company_282,Canada,North America,0,Manufacturing,10-Jan,1608.99,Enterprise,SMB_Field,Outbound,2023-08-13,,1,0.12,5.5,0,3752.0,10.25136612021858,366,1313.0,3.587431693989071,11018.529400890526,30.105271587132584,1898,5378.73,1854.0,5639.799400890525,1.0,3.0,0.0,0.0,4.0,-0.0424999999999999,1.9025,9.76,4.0
C100283,Company_283,Canada,North America,0,Hospitality,51-200,10497.77,Enterprise,MidMarket,Outbound,2024-01-10,2025-01-10,0,0.3,6.6,0,3606.0,9.852459016393444,366,1274.0,3.480874316939891,10764.140563082825,29.41022011771263,1768,5226.86,1838.0,5537.2805630828225,1.0,0.0,2.0,1.0,4.0,-0.1225,1.5575,8.51,4.0
C100284,Company_284,Germany,Europe,1,Hospitality,51-200,18331.57,Growth,MidMarket,SelfServe,2024-01-17,2025-01-17,0,0.22,5.3,0,1289.0,3.836309523809524,336,440.0,1.3095238095238095,8629.258282446677,25.682316316805583,683,4477.71,606.0,4151.548282446677,1.0,1.0,3.0,0.0,5.0,0.074,5.426,10.314,4.0
C100285,Company_285,Canada,North America,0,Logistics,10-Jan,2132.14,Starter,SMB_Field,Outbound,2023-11-11,2024-05-12,0,0.3,3.9,1,130.0,0.3551912568306011,366,48.0,0.1311475409836065,1736.02,4.743224043715847,130,1736.02,0.0,0.0,0.0,0.0,0.0,0.0,0.0,0.0,0.0,0.0,0.0
C100286,Company_286,Spain,Europe,1,Unknown,51-200,12697.49,Growth,MidMarket,SelfServe,2023-01-08,,1,0.04,8.1,0,1373.0,4.086309523809524,336,491.0,1.4613095238095235,8932.874958640221,26.58593737690542,744,4890.12,629.0,4042.754958640221,0.0,0.0,0.0,2.0,2.0,-0.075,2.75,4.74,2.0
C100287,Company_287,Spain,Europe,1,Logistics,10-Jan,2821.61,Starter,SMB_Field,Inbound,2023-03-05,2023-06-04,0,0.28,7.6,1,0.0,0.0,336,0.0,0.0,0.0,0.0,0,0.0,0.0,0.0,1.0,1.0,0.0,0.0,2.0,-0.125,4.42,14.175,2.0
C100288,Company_288,UK,Europe,1,Logistics,10-Jan,1689.64,Starter,SMB_Inside,Partner,2023-11-14,2024-11-14,0,0.09,7.5,0,288.0,0.8571428571428571,336,115.0,0.3422619047619047,3742.7436026466794,11.13911786501988,185,2354.86,103.0,1387.8836026466795,1.0,1.0,0.0,0.0,2.0,-0.07,0.545,2.875,2.0
C100289,Company_289,Canada,North America,0,Retail,51-200,32138.53,Growth,MidMarket,Inbound,2024-02-08,2025-02-08,0,0.31,7.4,0,1257.0,3.4344262295081966,366,446.0,1.2185792349726776,8741.665323126726,23.884331483952803,559,3903.34,698.0,4838.325323126726,1.0,1.0,1.0,0.0,3.0,0.0966666666666666,5.56,18.03,3.0
C100290,Company_290,UK,Europe,1,Healthcare,Nov-50,6549.58,Enterprise,SMB_Inside,SelfServe,2023-06-12,,1,0.09,6.7,0,3449.0,10.264880952380953,336,1228.0,3.6547619047619047,10106.863872668053,30.079952001988246,1850,5438.6,1599.0,4668.263872668051,0.0,0.0,1.0,4.0,5.0,0.042,1.524,10.774,3.0
C100291,Company_291,Canada,North America,0,Unknown,201-1000,41782.04,Growth,Enterprise,Inbound,2023-01-04,,1,0.39,4.7,0,1515.0,4.139344262295082,366,518.0,1.4153005464480874,9617.034762232695,26.27605126293086,768,4788.87,747.0,4828.1647622326955,0.0,0.0,1.0,0.0,1.0,0.14,12.06,19.33,1.0
C100292,Company_292,France,Europe,1,Manufacturing,10-Jan,2188.48,Starter,SMB_Inside,SelfServe,2023-07-14,2024-01-13,0,0.31,6.9,1,17.0,0.050595238095238,336,6.0,0.0178571428571428,190.36,0.5665476190476191,17,190.36,0.0,0.0,1.0,0.0,0.0,0.0,1.0,0.15,12.82,26.04,1.0
C100293,Company_293,France,Europe,1,Retail,201-1000,111546.78,Enterprise,Enterprise,Outbound,2023-10-30,,1,0.09,5.7,0,3416.0,10.166666666666666,336,1228.0,3.6547619047619047,10143.393488814803,30.18867109766311,1896,5477.75,1520.0,4665.643488814805,1.0,1.0,0.0,3.0,5.0,-0.018,2.496,6.728,5.0
C100294,Company_294,Australia,North America,0,Ecommerce,Nov-50,4810.14,Starter,SMB_Field,Outbound,2023-12-18,,1,0.2,5.6,0,389.0,1.0628415300546448,366,144.0,0.3934426229508196,5353.633670744194,14.627414400940422,176,2501.08,213.0,2852.553670744194,0.0,0.0,0.0,0.0,0.0,0.0,0.0,0.0,0.0
C100295,Company_295,Netherlands,Europe,1,Healthcare,Nov-50,6826.87,Growth,SMB_Inside,SelfServe,2024-02-09,2025-02-09,0,0.08,6.3,0,1239.0,3.6875,336,425.0,1.2648809523809523,8240.768451011701,24.526096580391968,605,3956.67,634.0,4284.098451011702,1.0,1.0,1.0,0.0,3.0,-0.0266666666666666,9.2,12.926666666666668,3.0
C100296,Company_296,Netherlands,Europe,1,Logistics,10-Jan,1615.77,Growth,SMB_Inside,Inbound,2023-12-22,,1,0.16,5.7,0,1327.0,3.949404761904762,336,462.0,1.375,8708.56974170857,25.9183623265136,721,4681.7,606.0,4026.86974170857,0.0,0.0,1.0,3.0,4.0,0.0975,9.255,13.13,4.0
C100297,Company_297,Spain,Europe,1,Hospitality,Nov-50,3891.59,Starter,SMB_Inside,Inbound,2023-03-28,,1,0.2,1.6,0,375.0,1.1160714285714286,336,144.0,0.4285714285714285,5007.771829107128,14.904082824723597,190,2546.93,185.0,2460.841829107128,0.0,0.0,0.0,0.0,0.0,0.0,0.0,0.0,0.0
C100298,Company_298,Canada,North America,0,Unknown,51-200,20697.89,Enterprise,MidMarket,Inbound,2023-10-14,2024-10-14,0,0.31,4.8,0,2814.0,7.688524590163935,366,991.0,2.7076502732240435,8679.826293524031,23.71537238667768,1765,5463.05,1049.0,3216.7762935240307,1.0,2.0,0.0,0.0,3.0,0.2066666666666666,0.4733333333333334,3.83,2.0
C100299,Company_299,US,North America,0,Ecommerce,Nov-50,3966.11,Starter,SMB_Field,Partner,2023-05-09,,1,0.23,6.0,0,358.0,0.9781420765027322,366,125.0,0.3415300546448087,4814.278298840757,13.153765843827204,178,2509.85,180.0,2304.428298840757,0.0,0.0,0.0,1.0,1.0,0.13,3.16,23.64,0.0
C100300,Company_300,Germany,Europe,1,Ecommerce,51-200,30465.75,Growth,MidMarket,Outbound,2024-02-17,2025-02-17,0,0.11,9.3,0,1233.0,3.669642857142857,336,438.0,1.3035714285714286,8322.974293835689,24.77075682689193,586,3959.64,647.0,4363.334293835689,0.0,0.0,0.0,2.0,2.0,-0.05,8.07,10.795,2.0
C100301,Company_301,Spain,Europe,1,Healthcare,10-Jan,1051.38,Starter,SMB_Inside,Inbound,2023-06-20,2023-09-19,0,0.15,4.5,1,0.0,0.0,336,0.0,0.0,0.0,0.0,0,0.0,0.0,0.0,0.0,0.0,0.0,0.0,0.0,0.0,0.0,0.0,0.0
C100302,Company_302,France,Europe,1,Unknown,Nov-50,7563.31,Growth,SMB_Inside,SelfServe,2023-05-17,,1,0.1,6.7,0,1308.0,3.892857142857143,336,448.0,1.3333333333333333,8863.326107937868,26.37894674981508,699,5054.59,609.0,3808.736107937869,0.0,0.0,0.0,0.0,0.0,0.0,0.0,0.0,0.0
C100303,Company_303,Netherlands,Europe,1,Hospitality,10-Jan,2787.27,Starter,SMB_Inside,SelfServe,2024-03-18,,1,0.21,7.0,0,253.0,0.7529761904761905,336,86.0,0.2559523809523809,3855.069386777685,11.473420793981203,104,1623.84,149.0,2231.229386777685,0.0,0.0,0.0,0.0,0.0,0.0,0.0,0.0,0.0
C100304,Company_304,Spain,Europe,1,Professional Services,10-Jan,2256.24,Enterprise,SMB_Inside,Outbound,2024-03-16,2025-03-17,0,0.18,8.1,0,2603.0,7.747023809523809,336,909.0,2.705357142857143,7845.183466636178,23.348760317369575,1073,3201.68,1530.0,4643.503466636178,1.0,1.0,2.0,1.0,5.0,0.04,2.564,10.876,5.0
C100305,Company_305,UK,Europe,1,Healthcare,Nov-50,4133.46,Growth,SMB_Inside,Inbound,2023-06-13,,1,0.29,3.6,0,1374.0,4.089285714285714,336,484.0,1.4404761904761905,8811.940562340364,26.22601357839394,745,4618.61,629.0,4193.330562340364,0.0,0.0,1.0,1.0,2.0,0.03,0.49,15.325,2.0
C100306,Company_306,Germany,Europe,1,Manufacturing,10-Jan,2881.01,Starter,SMB_Inside,Outbound,2023-11-16,2024-11-16,0,0.22,8.0,0,308.0,0.9166666666666666,336,118.0,0.3511904761904761,4191.4012582189225,12.474408506603936,188,2645.62,120.0,1545.7812582189224,1.0,0.0,0.0,0.0,1.0,-0.06,0.81,1.19,1.0
C100307,Company_307,Netherlands,Europe,1,Unknown,201-1000,108196.54,Growth,Enterprise,Outbound,2023-01-04,,1,0.48,5.2,0,1317.0,3.919642857142857,336,448.0,1.3333333333333333,9073.8796583094,27.00559422115893,730,4923.03,587.0,4150.8496583094,2.0,0.0,1.0,0.0,3.0,0.1299999999999999,7.4,16.366666666666667,3.0
C100308,Company_308,France,Europe,1,Manufacturing,Nov-50,6908.47,Growth,SMB_Field,SelfServe,2024-02-17,2025-02-17,0,0.11,6.2,0,1175.0,3.4970238095238093,336,408.0,1.2142857142857142,7515.343697288811,22.36709433716908,549,3495.03,626.0,4020.313697288811,0.0,1.0,0.0,0.0,1.0,0.1,12.04,14.89,1.0
C100309,Company_309,US,North America,0,Hospitality,51-200,33504.09,Enterprise,MidMarket,SelfServe,2023-08-10,2024-08-10,0,0.02,5.7,0,2294.0,6.26775956284153,366,813.0,2.221311475409836,6692.402169133659,18.28525182823404,1870,5506.75,424.0,1185.6521691336595,1.0,2.0,1.0,0.0,4.0,-0.2725,0.885,6.029999999999999,4.0
C100310,Company_310,Netherlands,Europe,1,Ecommerce,Nov-50,9653.73,Enterprise,SMB_Inside,Inbound,2023-08-17,2024-08-17,0,0.12,5.8,0,2372.0,7.059523809523809,336,813.0,2.419642857142857,6850.169525876417,20.387409303203626,1870,5490.03,502.0,1360.139525876417,2.0,1.0,0.0,1.0,4.0,0.18,1.395,15.1075,4.0
C100311,Company_311,Germany,Europe,1,Ecommerce,10-Jan,2652.68,Starter,SMB_Inside,Partner,2023-04-05,,1,0.12,5.3,0,301.0,0.8958333333333334,336,98.0,0.2916666666666667,4335.0597045663635,12.90196340644751,164,2342.57,137.0,1992.489704566364,0.0,0.0,0.0,1.0,1.0,-0.02,7.85,9.09,1.0
C100312,Company_312,Netherlands,Europe,1,Healthcare,Nov-50,5905.87,Growth,SMB_Inside,Outbound,2023-06-16,,1,0.2,7.2,0,1357.0,4.038690476190476,336,465.0,1.3839285714285714,9147.195744240636,27.223796857859032,738,4948.87,619.0,4198.325744240635,0.0,0.0,2.0,0.0,2.0,-0.26,4.175,5.13,2.0
C100313,Company_313,Germany,Europe,1,Healthcare,10-Jan,1488.32,Starter,SMB_Field,Partner,2023-12-05,,1,0.19,5.4,0,326.0,0.9702380952380952,336,111.0,0.3303571428571428,4658.599745681789,13.864880195481511,183,2546.32,143.0,2112.2797456817884,1.0,1.0,1.0,0.0,3.0,-0.1566666666666666,5.01,11.856666666666667,3.0
C100314,Company_314,Australia,North America,0,Logistics,51-200,27215.98,Starter,MidMarket,Partner,2023-02-14,2024-02-15,0,0.29,9.3,1,54.0,0.1475409836065573,366,18.0,0.0491803278688524,634.02,1.7322950819672132,54,634.02,0.0,0.0,0.0,0.0,0.0,0.0,0.0,0.0,0.0,0.0,0.0
C100315,Company_315,Germany,Europe,1,Unknown,Nov-50,8297.31,Starter,SMB_Field,Inbound,2023-07-07,2024-07-07,0,0.19,7.8,0,212.0,0.6309523809523809,336,82.0,0.244047619047619,2582.435108897213,7.685818776479801,203,2472.09,9.0,110.345108897213,2.0,2.0,0.0,0.0,4.0,0.005,3.6925,13.7025,4.0
C100316,Company_316,Netherlands,Europe,1,Unknown,Nov-50,5875.52,Growth,SMB_Field,SelfServe,2023-06-28,,1,0.01,7.1,0,1310.0,3.898809523809524,336,462.0,1.375,8896.31300604272,26.47712204179381,686,4662.86,624.0,4233.453006042719,0.0,2.0,0.0,0.0,2.0,0.305,3.065,5.915,2.0
C100317,Company_317,Australia,North America,0,Unknown,10-Jan,2093.86,Starter,SMB_Field,Partner,2023-12-04,,1,0.31,3.6,0,379.0,1.03551912568306,366,144.0,0.3934426229508196,5015.936777868034,13.704745294721404,185,2427.7,194.0,2588.2367778680346,0.0,1.0,0.0,0.0,1.0,-0.12,2.39,11.63,1.0
C100318,Company_318,Spain,Europe,1,Hospitality,51-200,32190.49,Growth,MidMarket,Inbound,2023-07-12,2024-07-12,0,0.16,7.9,0,713.0,2.1220238095238093,336,252.0,0.75,4937.8340722413295,14.69593473881348,679,4692.4800000000005,34.0,245.3540722413296,0.0,1.0,0.0,0.0,1.0,0.21,1.54,14.3,1.0
C100319,Company_319,US,North America,0,Unknown,51-200,14199.62,Growth,MidMarket,Inbound,2024-02-14,2025-02-14,0,0.2,8.1,0,1275.0,3.4836065573770494,366,472.0,1.289617486338798,8508.9065057824,23.24837843109945,540,3626.89,735.0,4882.016505782399,1.0,0.0,0.0,0.0,1.0,-0.55,1.53,16.58,1.0
C100320,Company_320,Netherlands,Europe,1,Logistics,10-Jan,2759.2,Starter,SMB_Field,SelfServe,2024-03-14,2025-03-15,0,0.17,3.2,0,275.0,0.8184523809523809,336,87.0,0.2589285714285714,3588.000034335669,10.67857153076092,114,1495.63,161.0,2092.370034335669,1.0,0.0,0.0,1.0,2.0,0.06,1.635,3.99,2.0
C100321,Company_321,Germany,Europe,1,Unknown,10-Jan,2484.54,Starter,SMB_Inside,Inbound,2024-03-03,2024-06-02,0,0.05,5.4,1,103.0,0.306547619047619,336,39.0,0.1160714285714285,1411.46,4.20077380952381,103,1411.46,0.0,0.0,0.0,0.0,0.0,1.0,1.0,-0.42,7.71,11.28,0.0
C100322,Company_322,US,North America,0,Retail,51-200,23216.17,Enterprise,MidMarket,SelfServe,2023-10-28,,1,0.27,5.4,0,3609.0,9.86065573770492,366,1258.0,3.4371584699453552,10918.99926219056,29.833331317460548,1807,5443.79,1802.0,5475.209262190561,2.0,0.0,1.0,1.0,4.0,-0.1425,1.3975,13.8075,4.0
C100323,Company_323,Germany,Europe,1,Unknown,10-Jan,1182.84,Starter,SMB_Field,Partner,2024-01-08,2024-07-09,0,0.19,7.7,0,179.0,0.5327380952380952,336,69.0,0.2053571428571428,2483.924887910541,7.392633594971849,163,2291.65,16.0,192.2748879105414,0.0,0.0,1.0,0.0,1.0,-0.38,0.51,15.4,1.0
C100324,Company_324,Netherlands,Europe,1,Unknown,Nov-50,7388.78,Growth,SMB_Inside,Inbound,2024-02-04,2025-02-04,0,0.17,5.1,0,1180.0,3.511904761904762,336,442.0,1.3154761904761905,7928.294147959319,23.59611353559321,574,3940.54,606.0,3987.754147959319,0.0,2.0,0.0,0.0,2.0,0.15,4.1850000000000005,15.75,2.0
C100325,Company_325,Australia,North America,0,Healthcare,10-Jan,2663.08,Starter,SMB_Inside,Inbound,2023-05-02,,1,0.1,7.3,0,355.0,0.9699453551912568,366,119.0,0.3251366120218579,4962.810325781659,13.55959105404825,188,2622.68,167.0,2340.1303257816594,0.0,1.0,1.0,0.0,2.0,-0.25,3.16,19.42,2.0
C100326,Company_326,Australia,North America,0,Retail,Nov-50,9529.27,Starter,SMB_Inside,Inbound,2023-05-17,,1,0.12,7.3,0,372.0,1.0163934426229508,366,135.0,0.3688524590163934,5271.11838573952,14.401962802566992,175,2582.21,197.0,2688.9083857395194,0.0,0.0,0.0,0.0,0.0,0.0,0.0,0.0,0.0
C100327,Company_327,UK,Europe,1,Retail,10-Jan,2806.45,Starter,SMB_Field,Inbound,2023-04-27,,1,0.23,3.8,0,361.0,1.074404761904762,336,118.0,0.3511904761904761,4817.950169349669,14.339137408778775,180,2544.04,181.0,2273.910169349668,0.0,0.0,1.0,0.0,1.0,0.26,19.86,21.65,1.0
C100328,Company_328,US,North America,0,Ecommerce,51-200,29368.08,Enterprise,MidMarket,Partner,2023-10-23,2024-10-23,0,0.14,5.1,0,3016.0,8.240437158469945,366,1029.0,2.8114754098360657,8908.637772395523,24.3405403617364,1904,5375.25,1112.0,3533.387772395523,1.0,1.0,0.0,1.0,3.0,-0.04,2.893333333333333,13.1,2.0
C100329,Company_329,UK,Europe,1,Ecommerce,1000+,201529.48,Growth,Enterprise,Outbound,2023-07-14,2024-07-14,0,0.11,4.5,0,758.0,2.255952380952381,336,275.0,0.8184523809523809,5376.137652140205,16.000409678988706,696,4971.98,62.0,404.15765214020536,1.0,0.0,0.0,0.0,1.0,-0.06,4.9,11.25,1.0
C100330,Company_330,France,Europe,1,Healthcare,10-Jan,2530.39,Growth,SMB_Inside,Partner,2023-08-05,2023-11-04,0,0.29,5.9,1,0.0,0.0,336,0.0,0.0,0.0,0.0,0,0.0,0.0,0.0,1.0,0.0,0.0,0.0,1.0,-0.04,2.49,16.55,0.0
C100331,Company_331,Germany,Europe,1,Logistics,10-Jan,2529.3,Starter,SMB_Inside,Inbound,2023-01-07,,1,0.17,6.2,0,360.0,1.0714285714285714,336,129.0,0.3839285714285714,4839.301284691206,14.402682394914304,200,2673.6,160.0,2165.7012846912057,0.0,0.0,0.0,0.0,0.0,0.0,0.0,0.0,0.0
C100332,Company_332,US,North America,0,Manufacturing,51-200,15313.81,Growth,MidMarket,Outbound,2023-10-11,2024-10-11,0,0.18,5.9,0,1148.0,3.136612021857923,366,416.0,1.1366120218579234,7676.787403218681,20.974828970542845,712,4780.57,436.0,2896.217403218681,0.0,0.0,1.0,0.0,1.0,0.31,2.69,12.38,1.0
C100333,Company_333,Netherlands,Europe,1,Retail,201-1000,67754.62,Growth,Enterprise,SelfServe,2023-11-08,2024-11-08,0,0.28,8.9,0,1089.0,3.2410714285714284,336,375.0,1.1160714285714286,7666.326385117882,22.8164475747556,716,5008.61,373.0,2657.716385117882,3.0,0.0,1.0,0.0,4.0,-0.04,8.3925,18.8275,4.0
C100334,Company_334,France,Europe,1,Manufacturing,10-Jan,2208.63,Starter,SMB_Field,SelfServe,2023-06-14,,1,0.35,7.3,0,325.0,0.9672619047619048,336,109.0,0.3244047619047619,4302.315132371021,12.8045093225328,164,2299.22,161.0,2003.0951323710208,0.0,0.0,0.0,0.0,0.0,0.0,0.0,0.0,0.0
C100335,Company_335,US,North America,0,Unknown,10-Jan,2358.33,Starter,SMB_Inside,Partner,2023-03-20,2024-03-20,0,0.39,4.1,1,75.0,0.2049180327868852,366,26.0,0.0710382513661202,970.63,2.6519945355191257,75,970.63,0.0,0.0,1.0,0.0,0.0,0.0,1.0,0.6,4.44,18.22,1.0
C100336,Company_336,Australia,North America,0,Unknown,1000+,169656.7,Starter,Enterprise,Inbound,2023-09-26,,1,0.33,5.2,0,376.0,1.0273224043715847,366,129.0,0.3524590163934426,5171.576245043663,14.129989740556455,190,2562.08,186.0,2609.4962450436633,0.0,0.0,0.0,0.0,0.0,0.0,0.0,0.0,0.0
C100337,Company_337,US,North America,0,Professional Services,10-Jan,1935.96,Starter,SMB_Inside,Inbound,2023-02-25,2023-08-27,0,0.15,7.4,1,0.0,0.0,366,0.0,0.0,0.0,0.0,0,0.0,0.0,0.0,1.0,0.0,2.0,1.0,4.0,-0.065,4.3475,16.21,3.0
C100338,Company_338,Canada,North America,0,Wholesale,51-200,37620.74,Enterprise,MidMarket,Inbound,2023-11-21,,1,0.14,5.5,0,3696.0,10.098360655737704,366,1257.0,3.4344262295081966,11098.338444742154,30.323329083994956,1834,5501.41,1862.0,5596.928444742154,0.0,0.0,1.0,0.0,1.0,-0.59,2.25,2.34,1.0
C100339,Company_339,Netherlands,Europe,1,Healthcare,201-1000,66639.21,Growth,Enterprise,SelfServe,2023-05-12,,1,0.19,7.9,0,1337.0,3.9791666666666665,336,459.0,1.3660714285714286,8858.725356894976,26.365254038377905,735,4861.23,602.0,3997.495356894976,1.0,0.0,1.0,1.0,3.0,0.04,4.5200000000000005,7.926666666666666,3.0
C100340,Company_340,France,Europe,1,Unknown,1000+,287133.81,Enterprise,Enterprise,SelfServe,2023-02-25,,1,0.08,8.5,0,3407.0,10.139880952380953,336,1179.0,3.5089285714285716,10062.274764610416,29.947246323245288,1837,5421.34,1570.0,4640.934764610416,2.0,2.0,0.0,1.0,5.0,-0.116,1.168,10.608,4.0
C100341,Company_341,Germany,Europe,1,Ecommerce,10-Jan,1497.21,Enterprise,SMB_Inside,Outbound,2023-09-20,2024-03-21,0,0.17,5.2,1,824.0,2.452380952380953,336,302.0,0.8988095238095238,2378.91,7.080089285714285,824,2378.91,0.0,0.0,1.0,1.0,3.0,2.0,7.0,0.15,1.7971428571428572,4.8028571428571425,6.0
C100342,Company_342,France,Europe,1,Professional Services,1000+,497161.22,Growth,Enterprise,SelfServe,2024-02-15,2025-02-15,0,0.05,5.9,0,1170.0,3.482142857142857,336,401.0,1.193452380952381,7764.074838893461,23.107365591944824,538,3532.06,632.0,4232.01483889346,0.0,1.0,0.0,2.0,3.0,0.1533333333333333,0.5900000000000001,20.76,3.0
C100343,Company_343,Spain,Europe,1,Logistics,201-1000,144874.32,Enterprise,Enterprise,Outbound,2023-04-08,,1,0.09,5.1,0,3272.0,9.738095238095235,336,1081.0,3.2172619047619047,9916.609523337562,29.51371881945703,1766,5377.79,1506.0,4538.819523337562,0.0,1.0,1.0,4.0,6.0,-0.0999999999999999,2.265,13.88,6.0
C100344,Company_344,Netherlands,Europe,1,Manufacturing,201-1000,60914.16,Growth,Enterprise,SelfServe,2023-10-18,2024-10-18,0,0.14,7.5,0,1042.0,3.1011904761904763,336,343.0,1.0208333333333333,6892.135211536809,20.512307177192884,705,4745.78,337.0,2146.355211536809,1.0,1.0,1.0,1.0,4.0,0.1375,9.0075,13.2225,4.0
C100345,Company_345,France,Europe,1,Unknown,Nov-50,3100.67,Growth,SMB_Inside,Outbound,2023-07-11,2024-07-11,0,0.13,7.0,0,782.0,2.327380952380953,336,284.0,0.8452380952380952,5106.901366145701,15.199111208766968,732,4782.2,50.0,324.70136614570123,0.0,0.0,0.0,2.0,2.0,-0.52,5.89,13.775,2.0
C100346,Company_346,UK,Europe,1,Logistics,Nov-50,5172.16,Growth,SMB_Inside,Outbound,2023-01-10,,1,0.36,6.2,0,1347.0,4.008928571428571,336,455.0,1.3541666666666667,9116.553222567169,27.132598876688,720,4794.92,627.0,4321.633222567169,0.0,0.0,2.0,0.0,2.0,-0.205,3.91,4.875,2.0
C100347,Company_347,UK,Europe,1,Unknown,10-Jan,1086.2,Starter,SMB_Inside,SelfServe,2023-01-27,,1,0.06,6.1,0,352.0,1.0476190476190477,336,128.0,0.3809523809523809,4484.241406403964,13.345956566678463,189,2375.58,163.0,2108.661406403964,0.0,0.0,0.0,0.0,0.0,0.0,0.0,0.0,0.0
C100348,Company_348,US,North America,0,Hospitality,Nov-50,7432.84,Growth,SMB_Inside,Partner,2023-03-08,,1,0.63,5.8,0,1408.0,3.8469945355191255,366,504.0,1.3770491803278688,9462.0032088448,25.852467783728965,676,4661.2300000000005,732.0,4800.773208844801,0.0,0.0,0.0,0.0,0.0,0.0,0.0,0.0,0.0
C100349,Company_349,Spain,Europe,1,Professional Services,10-Jan,1483.68,Starter,SMB_Inside,Outbound,2023-08-16,,1,0.2,6.2,0,326.0,0.9702380952380952,336,116.0,0.3452380952380952,4391.4231207597595,13.069711668927855,162,2332.9,164.0,2058.5231207597594,0.0,0.0,0.0,0.0,0.0,0.0,0.0,0.0,0.0
C100350,Company_350,Australia,North America,0,Healthcare,51-200,24175.46,Enterprise,MidMarket,SelfServe,2023-07-06,2024-07-06,0,0.43,4.6,0,1877.0,5.128415300546448,366,636.0,1.7377049180327868,5400.988028159716,14.756797891146766,1814,5235.61,63.0,165.37802815971574,1.0,1.0,1.0,1.0,4.0,-0.105,1.81,7.0,4.0
C100351,Company_351,UK,Europe,1,Ecommerce,10-Jan,1414.11,Starter,SMB_Field,Inbound,2024-03-04,2024-09-03,0,0.14,5.4,0,161.0,0.4791666666666667,336,52.0,0.1547619047619047,2392.4843630299974,7.120489175684516,110,1568.86,51.0,823.6243630299972,0.0,1.0,0.0,0.0,1.0,0.24,0.46,29.67,1.0
C100352,Company_352,France,Europe,1,Retail,10-Jan,1480.44,Starter,SMB_Inside,Outbound,2023-06-17,,1,0.04,5.0,0,346.0,1.0297619047619049,336,125.0,0.3720238095238095,4594.654479299734,13.674566902677778,192,2459.24,154.0,2135.4144792997336,1.0,0.0,0.0,1.0,2.0,-0.18,9.825,15.525,2.0
C100353,Company_353,US,North America,0,Unknown,Nov-50,9166.27,Starter,SMB_Inside,SelfServe,2024-01-11,2025-01-11,0,0.33,3.5,0,374.0,1.0218579234972678,366,130.0,0.3551912568306011,4931.030322770277,13.472760444727532,176,2466.34,198.0,2464.690322770277,0.0,1.0,1.0,0.0,2.0,0.35,1.395,11.755,1.0
C100354,Company_354,Germany,Europe,1,Ecommerce,10-Jan,2834.44,Starter,SMB_Inside,Outbound,2023-06-30,,1,0.03,7.7,0,324.0,0.9642857142857144,336,122.0,0.3630952380952381,4584.733501085745,13.645040181802813,177,2593.72,147.0,1991.0135010857457,0.0,1.0,2.0,1.0,4.0,-0.0674999999999999,3.875,16.1375,4.0
C100355,Company_355,Australia,North America,0,Wholesale,51-200,35351.19,Growth,MidMarket,SelfServe,2024-02-04,2025-02-04,0,0.27,5.3,0,1297.0,3.5437158469945356,366,430.0,1.174863387978142,8793.929672204174,24.027130251923975,572,3753.04,725.0,5040.8896722041745,1.0,1.0,0.0,0.0,2.0,-0.1599999999999999,3.455,7.72,1.0
C100356,Company_356,UK,Europe,1,Healthcare,Nov-50,3789.9,Growth,SMB_Field,Inbound,2023-11-30,2024-11-30,0,0.07,6.9,0,1246.0,3.7083333333333335,336,420.0,1.25,8012.089296558315,23.84550385880451,760,4923.59,486.0,3088.499296558315,1.0,1.0,2.0,1.0,5.0,-0.196,3.19,13.542000000000002,3.0
C100357,Company_357,UK,Europe,1,Hospitality,1000+,397547.62,Growth,Enterprise,Outbound,2023-02-13,2023-08-15,0,0.12,6.4,1,0.0,0.0,336,0.0,0.0,0.0,0.0,0,0.0,0.0,0.0,0.0,0.0,0.0,0.0,0.0,0.0,0.0,0.0,0.0
C100358,Company_358,UK,Europe,1,Unknown,10-Jan,2456.23,Starter,SMB_Inside,SelfServe,2023-05-10,,1,0.32,2.8,0,320.0,0.9523809523809524,336,113.0,0.3363095238095238,4594.434362013891,13.673911791708008,174,2487.73,146.0,2106.704362013891,0.0,1.0,0.0,0.0,1.0,0.37,8.09,19.46,1.0
C100359,Company_359,Netherlands,Europe,1,Unknown,Nov-50,4342.15,Starter,SMB_Inside,Outbound,2024-01-08,2025-01-08,0,0.4,6.4,0,303.0,0.9017857142857144,336,102.0,0.3035714285714285,4631.260113691162,13.783512243128458,163,2477.38,140.0,2153.8801136911616,0.0,0.0,2.0,0.0,2.0,0.045,3.5700000000000003,23.09,2.0
C100360,Company_360,Spain,Europe,1,Manufacturing,51-200,31198.12,Growth,MidMarket,Partner,2024-01-13,2024-07-14,0,0.41,5.6,0,726.0,2.1607142857142856,336,257.0,0.7648809523809523,4782.609568045798,14.233957047755352,672,4404.15,54.0,378.45956804579794,0.0,0.0,0.0,0.0,0.0,0.0,0.0,0.0,0.0
C100361,Company_361,Germany,Europe,1,Ecommerce,51-200,37904.96,Growth,MidMarket,Outbound,2023-01-14,,1,0.18,7.0,0,1333.0,3.9672619047619047,336,461.0,1.3720238095238095,9106.133330337694,27.10158729267171,715,5052.58,618.0,4053.553330337694,1.0,1.0,2.0,0.0,4.0,0.1725,3.0275000000000003,9.6025,4.0
C100362,Company_362,France,Europe,1,Unknown,10-Jan,2845.21,Starter,SMB_Inside,SelfServe,2023-12-04,,1,0.16,8.1,0,329.0,0.9791666666666666,336,110.0,0.3273809523809524,4586.979112887788,13.651723550261272,187,2564.54,142.0,2022.439112887788,0.0,0.0,0.0,0.0,0.0,0.0,0.0,0.0,0.0
C100363,Company_363,Australia,North America,0,Logistics,10-Jan,1872.49,Starter,SMB_Inside,SelfServe,2023-10-19,2024-01-18,0,0.55,4.1,1,15.0,0.040983606557377,366,7.0,0.0191256830601092,260.25,0.7110655737704918,15,260.25,0.0,0.0,0.0,0.0,1.0,0.0,1.0,-0.28,0.45,2.44,1.0
C100364,Company_364,Canada,North America,0,Healthcare,201-1000,134873.86,Growth,Enterprise,Outbound,2023-10-21,2024-10-21,0,0.32,5.2,0,1190.0,3.251366120218579,366,412.0,1.1256830601092895,8087.106455138719,22.095919276335295,734,4869.3,456.0,3217.8064551387192,0.0,1.0,0.0,0.0,1.0,-0.26,1.39,9.72,1.0
C100365,Company_365,Germany,Europe,1,Professional Services,10-Jan,1149.79,Starter,SMB_Field,Partner,2023-10-16,,1,0.23,6.8,0,356.0,1.0595238095238095,336,99.0,0.2946428571428571,4753.279200189223,14.14666428627745,196,2635.77,160.0,2117.5092001892226,0.0,0.0,0.0,1.0,1.0,0.11,11.52,14.64,1.0
C100366,Company_366,France,Europe,1,Ecommerce,Nov-50,5680.18,Starter,SMB_Field,SelfServe,2023-08-20,2024-08-20,0,0.14,6.2,0,223.0,0.6636904761904762,336,76.0,0.2261904761904762,3145.8356918994937,9.36260622589135,174,2471.76,49.0,674.0756918994937,3.0,0.0,1.0,0.0,4.0,-0.2225,3.5625,17.175,4.0
C100367,Company_367,France,Europe,1,Ecommerce,Nov-50,5567.59,Growth,SMB_Inside,SelfServe,2024-01-16,2025-01-16,0,0.06,8.0,0,1351.0,4.020833333333333,336,472.0,1.4047619047619049,8690.474844806438,25.864508466685827,697,4523.11,654.0,4167.364844806438,1.0,1.0,1.0,0.0,3.0,-0.1833333333333333,1.0533333333333337,7.393333333333333,3.0
C100368,Company_368,Germany,Europe,1,Hospitality,51-200,12869.22,Enterprise,MidMarket,Outbound,2023-07-27,,1,0.09,5.1,0,3326.0,9.898809523809524,336,1130.0,3.363095238095238,10096.863813980644,30.05018992256144,1816,5451.99,1510.0,4644.873813980644,0.0,0.0,1.0,1.0,2.0,-0.085,3.09,4.175000000000001,2.0
C100369,Company_369,UK,Europe,1,Logistics,Nov-50,7781.8,Growth,SMB_Inside,Inbound,2023-09-15,2024-09-15,0,0.15,6.9,0,950.0,2.827380952380953,336,340.0,1.011904761904762,6299.067272255788,18.7472240245708,689,4582.87,261.0,1716.1972722557884,1.0,0.0,1.0,0.0,2.0,-0.275,2.93,29.87,2.0
C100370,Company_370,France,Europe,1,Healthcare,51-200,18146.51,Enterprise,MidMarket,Outbound,2023-11-04,,1,0.32,3.6,0,3315.0,9.866071428571429,336,1204.0,3.5833333333333335,10226.10637579607,30.43484040415497,1822,5522.98,1493.0,4703.12637579607,1.0,4.0,0.0,1.0,6.0,-0.16,2.725,15.426666666666668,5.0
C100371,Company_371,France,Europe,1,Unknown,51-200,19785.11,Enterprise,MidMarket,Inbound,2024-02-25,2025-02-25,0,0.11,6.2,0,2849.0,8.479166666666666,336,1018.0,3.0297619047619047,8457.047834099369,25.169785220533836,1326,3825.41,1523.0,4631.637834099369,2.0,2.0,2.0,4.0,10.0,-0.079,1.44,8.309000000000001,8.0
C100372,Company_372,Spain,Europe,1,Professional Services,1000+,283746.52,Starter,Enterprise,Inbound,2023-10-27,2024-10-27,0,0.21,4.4,0,250.0,0.7440476190476191,336,90.0,0.2678571428571428,3705.235980222066,11.027488036375194,157,2471.62,93.0,1233.6159802220652,0.0,0.0,0.0,0.0,0.0,0.0,0.0,0.0,0.0
C100373,Company_373,UK,Europe,1,Ecommerce,Nov-50,9505.82,Growth,SMB_Field,Inbound,2023-07-19,,1,0.29,3.9,0,1283.0,3.818452380952381,336,465.0,1.3839285714285714,9156.950045481804,27.252827516314895,682,4856.74,601.0,4300.210045481805,1.0,1.0,1.0,1.0,4.0,-0.075,4.28,9.7075,4.0
C100374,Company_374,France,Europe,1,Professional Services,201-1000,109176.02,Enterprise,Enterprise,SelfServe,2023-04-08,,1,0.09,7.7,0,3333.0,9.919642857142858,336,1163.0,3.4613095238095237,9708.052304800043,28.89301281190489,1841,5164.22,1492.0,4543.832304800042,1.0,3.0,2.0,1.0,7.0,0.1699999999999999,3.4685714285714284,15.808571428571428,7.0
C100375,Company_375,UK,Europe,1,Logistics,51-200,16849.94,Growth,MidMarket,Outbound,2023-07-26,2024-07-26,0,0.18,4.7,0,859.0,2.556547619047619,336,290.0,0.8630952380952381,5917.821770265917,17.612564792458084,757,5278.88,102.0,638.9417702659164,0.0,0.0,0.0,3.0,3.0,-0.01,2.8033333333333332,6.363333333333332,2.0
C100376,Company_376,Germany,Europe,1,Hospitality,201-1000,127522.63,Growth,Enterprise,Inbound,2024-03-21,2025-03-22,0,0.03,4.5,0,1015.0,3.0208333333333335,336,356.0,1.0595238095238095,6884.728892913772,20.490264562243368,399,2731.98,616.0,4152.748892913772,1.0,0.0,0.0,1.0,2.0,-0.01,3.7,12.71,2.0
C100377,Company_377,US,North America,0,Healthcare,51-200,22622.1,Growth,MidMarket,Partner,2023-06-17,,1,0.29,6.7,0,1490.0,4.0710382513661205,366,540.0,1.475409836065574,9716.37044857513,26.54746024200855,722,4691.87,768.0,5024.500448575131,1.0,0.0,1.0,0.0,2.0,0.0399999999999999,1.66,7.14,2.0
C100378,Company_378,Australia,North America,0,Hospitality,10-Jan,1137.51,Starter,SMB_Field,Inbound,2023-08-30,,1,0.16,5.7,0,351.0,0.9590163934426228,366,122.0,0.3333333333333333,4963.234842753086,13.560750936483842,166,2278.58,185.0,2684.654842753086,0.0,1.0,0.0,0.0,1.0,-0.24,5.93,22.34,1.0
C100379,Company_379,Spain,Europe,1,Healthcare,10-Jan,1609.81,Starter,SMB_Field,Outbound,2023-02-06,2024-02-07,0,0.16,3.7,1,37.0,0.1101190476190476,336,9.0,0.0267857142857142,573.96,1.708214285714286,37,573.96,0.0,0.0,0.0,1.0,1.0,0.0,2.0,0.215,2.045,3.905,2.0
C100380,Company_380,France,Europe,1,Ecommerce,Nov-50,6151.65,Enterprise,SMB_Inside,Inbound,2023-08-19,,1,0.11,5.2,0,3378.0,10.053571428571429,336,1157.0,3.443452380952381,10018.77324120541,29.81777750358753,1835,5399.67,1543.0,4619.103241205409,2.0,1.0,2.0,2.0,7.0,0.2414285714285714,2.7328571428571427,7.832857142857143,5.0
C100381,Company_381,US,North America,0,Wholesale,10-Jan,1828.82,Starter,SMB_Field,Outbound,2023-07-04,,1,0.14,6.5,0,368.0,1.005464480874317,366,123.0,0.3360655737704918,4672.968201874663,12.767672682717658,178,2260.41,190.0,2412.5582018746627,0.0,0.0,0.0,0.0,0.0,0.0,0.0,0.0,0.0
C100382,Company_382,Germany,Europe,1,Unknown,Nov-50,7305.49,Growth,SMB_Inside,Partner,2024-03-17,2025-03-18,0,0.09,7.6,0,1078.0,3.2083333333333335,336,375.0,1.1160714285714286,6822.622400796741,20.305423811895064,427,2800.38,651.0,4022.2424007967406,1.0,0.0,0.0,0.0,1.0,-0.08,7.09,33.95,1.0
C100383,Company_383,Netherlands,Europe,1,Unknown,201-1000,130601.02,Growth,Enterprise,Outbound,2023-02-26,,1,0.17,9.0,0,1309.0,3.8958333333333335,336,473.0,1.4077380952380951,9152.491945653504,27.239559362063996,688,5015.74,621.0,4136.751945653502,0.0,2.0,0.0,1.0,3.0,-0.2466666666666666,2.9233333333333333,22.96666666666667,3.0
C100384,Company_384,Spain,Europe,1,Unknown,10-Jan,2141.71,Growth,SMB_Inside,SelfServe,2023-07-17,,1,0.15,6.1,0,1301.0,3.8720238095238098,336,475.0,1.4136904761904765,9048.165936825992,26.929065288172595,724,5025.78,577.0,4022.385936825992,1.0,1.0,1.0,1.0,4.0,-0.1225,2.785,14.8625,4.0
C100385,Company_385,France,Europe,1,Wholesale,51-200,36478.46,Growth,MidMarket,Partner,2024-03-30,2024-09-29,0,0.14,5.3,0,612.0,1.8214285714285712,336,206.0,0.6130952380952381,4119.996662751929,12.261894829618836,375,2549.02,237.0,1570.9766627519286,0.0,1.0,0.0,0.0,1.0,0.02,1.95,36.42,1.0
C100386,Company_386,Netherlands,Europe,1,Unknown,51-200,33453.39,Enterprise,MidMarket,SelfServe,2023-09-09,,1,0.2,8.4,0,3261.0,9.705357142857142,336,1183.0,3.5208333333333335,9968.712605136092,29.668787515285988,1798,5444.01,1463.0,4524.702605136093,3.0,0.0,1.0,1.0,5.0,-0.108,3.66,8.581999999999999,4.0
C100387,Company_387,US,North America,0,Wholesale,10-Jan,1891.04,Starter,SMB_Field,Outbound,2023-04-13,,1,0.16,7.6,0,405.0,1.1065573770491803,366,140.0,0.3825136612021858,5479.934185403316,14.972497774326,224,2869.63,181.0,2610.3041854033168,0.0,0.0,0.0,0.0,0.0,0.0,0.0,0.0,0.0
C100388,Company_388,Netherlands,Europe,1,Unknown,51-200,31545.04,Growth,MidMarket,Partner,2024-01-28,2025-01-28,0,0.15,9.8,0,1286.0,3.827380952380953,336,451.0,1.3422619047619049,8271.736877674626,24.618264516888768,623,4250.62,663.0,4021.116877674626,0.0,0.0,5.0,2.0,7.0,-0.1299999999999999,5.547142857142857,8.935714285714285,7.0
C100389,Company_389,Netherlands,Europe,1,Logistics,201-1000,115654.61,Enterprise,Enterprise,Outbound,2023-08-23,2024-08-23,0,0.37,3.5,0,2320.0,6.904761904761905,336,807.0,2.4017857142857144,7079.862379266667,21.071018985912698,1796,5560.03,524.0,1519.8323792666663,0.0,4.0,0.0,2.0,6.0,0.15,1.9566666666666668,8.398333333333333,6.0
C100390,Company_390,US,North America,0,Ecommerce,10-Jan,1889.43,Starter,SMB_Inside,SelfServe,2023-12-25,2024-06-25,0,0.05,7.8,1,204.0,0.5573770491803278,366,66.0,0.180327868852459,2422.81,6.619699453551912,204,2422.81,0.0,0.0,0.0,0.0,0.0,0.0,0.0,0.0,0.0,0.0,0.0
C100391,Company_391,Canada,North America,0,Ecommerce,10-Jan,2687.63,Growth,SMB_Field,SelfServe,2023-09-28,,1,0.05,8.2,0,1457.0,3.980874316939891,366,508.0,1.3879781420765027,9530.074361839166,26.03845454054417,731,4599.47,726.0,4930.604361839166,0.0,1.0,0.0,0.0,1.0,-0.06,1.34,8.28,1.0
C100392,Company_392,France,Europe,1,Unknown,10-Jan,1733.36,Starter,SMB_Inside,Outbound,2024-01-28,,1,0.06,7.4,0,305.0,0.9077380952380952,336,100.0,0.2976190476190476,4263.676654667025,12.68951385317567,153,2080.79,152.0,2182.886654667025,0.0,0.0,0.0,0.0,0.0,0.0,0.0,0.0,0.0
C100393,Company_393,Canada,North America,0,Retail,10-Jan,1625.67,Growth,SMB_Inside,Partner,2023-09-19,,1,0.22,7.7,0,1556.0,4.251366120218579,366,533.0,1.4562841530054644,9968.381652168922,27.236015443084487,778,5035.28,778.0,4933.101652168922,0.0,1.0,1.0,2.0,4.0,0.19,6.4575,13.6525,4.0
C100394,Company_394,Canada,North America,0,Unknown,10-Jan,1450.32,Starter,SMB_Inside,SelfServe,2023-04-13,,1,0.06,6.6,0,360.0,0.9836065573770492,366,120.0,0.3278688524590163,5138.560092515878,14.03978167354065,167,2505.88,193.0,2632.6800925158777,1.0,0.0,0.0,0.0,1.0,-0.23,14.58,20.1,1.0
C100395,Company_395,Australia,North America,0,Manufacturing,Nov-50,6828.17,Starter,SMB_Inside,Partner,2023-04-27,,1,0.08,7.4,0,384.0,1.0491803278688523,366,142.0,0.3879781420765027,5100.103350982676,13.934708609242284,182,2525.78,202.0,2574.3233509826755,1.0,0.0,1.0,0.0,2.0,0.065,1.305,2.985,2.0
C100396,Company_396,France,Europe,1,Ecommerce,10-Jan,1608.25,Starter,SMB_Field,Inbound,2024-01-30,,1,0.13,5.7,0,266.0,0.7916666666666666,336,92.0,0.2738095238095238,3720.018416475315,11.07148338236701,147,1745.96,119.0,1974.0584164753147,0.0,0.0,1.0,0.0,1.0,0.7,5.43,17.57,1.0
C100397,Company_397,US,North America,0,Wholesale,51-200,11031.31,Growth,MidMarket,Outbound,2023-08-27,,1,0.1,5.1,0,1426.0,3.8961748633879782,366,495.0,1.352459016393443,9767.852666007577,26.688122038272063,705,4827.31,721.0,4940.542666007577,0.0,0.0,1.0,0.0,1.0,0.12,15.23,17.63,1.0
C100398,Company_398,UK,Europe,1,Unknown,10-Jan,1213.42,Starter,SMB_Inside,Outbound,2024-02-01,2024-08-02,0,0.19,6.2,0,202.0,0.6011904761904762,336,66.0,0.1964285714285714,2616.2359263897824,7.786416447588638,170,2227.35,32.0,388.8859263897824,0.0,0.0,1.0,0.0,1.0,-0.29,14.46,19.28,1.0
C100399,Company_399,Germany,Europe,1,Unknown,10-Jan,2885.97,Starter,SMB_Field,Inbound,2023-07-06,,1,0.29,4.3,0,389.0,1.1577380952380951,336,137.0,0.4077380952380952,4630.884823171763,13.78239530705882,227,2536.78,162.0,2094.1048231717627,0.0,1.0,2.0,0.0,3.0,0.2966666666666666,3.703333333333333,9.41,2.0
C100400,Company_400,Germany,Europe,1,Unknown,Nov-50,3524.72,Starter,SMB_Inside,Inbound,2023-12-24,2024-12-24,0,0.46,4.0,0,348.0,1.0357142857142858,336,120.0,0.3571428571428571,4647.181673696998,13.830897838383924,200,2650.7,148.0,1996.4816736969976,1.0,0.0,0.0,0.0,1.0,-0.58,3.02,3.71,1.0
C100401,Company_401,France,Europe,1,Ecommerce,51-200,39474.48,Growth,MidMarket,Partner,2023-06-08,,1,0.13,7.4,0,1406.0,4.184523809523809,336,474.0,1.4107142857142858,8938.085399196569,26.601444640465974,770,4720.07,636.0,4218.015399196569,0.0,2.0,0.0,1.0,3.0,0.0666666666666666,5.1866666666666665,10.46,2.0
C100402,Company_402,Spain,Europe,1,Ecommerce,201-1000,83775.64,Enterprise,Enterprise,Outbound,2023-04-24,,1,0.24,5.9,0,3210.0,9.553571428571429,336,1137.0,3.3839285714285716,10034.923543092,29.86584387825,1779,5399.86,1431.0,4635.063543092,1.0,1.0,1.0,1.0,4.0,-0.095,2.6375,10.5,4.0
C100403,Company_403,UK,Europe,1,Wholesale,51-200,13757.54,Growth,MidMarket,Outbound,2023-03-13,,1,0.14,6.4,0,1339.0,3.985119047619047,336,453.0,1.3482142857142858,9172.21004970037,27.298244195536817,731,4909.15,608.0,4263.060049700372,0.0,0.0,0.0,0.0,0.0,0.0,0.0,0.0,0.0
C100404,Company_404,Spain,Europe,1,Manufacturing,201-1000,143142.76,Growth,Enterprise,Partner,2023-12-24,2024-12-24,0,0.18,5.5,0,1365.0,4.0625,336,435.0,1.2946428571428572,9078.453590172883,27.01920711360977,701,4744.41,664.0,4334.043590172884,0.0,1.0,3.0,0.0,4.0,-0.255,3.845,5.9675,4.0
C100405,Company_405,Australia,North America,0,Unknown,201-1000,88184.85,Enterprise,Enterprise,SelfServe,2023-02-27,2024-02-28,0,0.44,3.8,1,600.0,1.639344262295082,366,207.0,0.5655737704918032,1759.16,4.806448087431694,600,1759.16,0.0,0.0,0.0,1.0,0.0,4.0,5.0,-0.1379999999999999,1.548,5.736,5.0
C100406,Company_406,Netherlands,Europe,1,Healthcare,Nov-50,4419.97,Growth,SMB_Field,SelfServe,2024-03-07,2025-03-08,0,0.2,4.0,0,1091.0,3.2470238095238093,336,400.0,1.1904761904761905,7095.150337793921,21.116518862481907,457,3052.59,634.0,4042.560337793921,0.0,0.0,1.0,0.0,1.0,-0.12,8.11,8.4,1.0
C100407,Company_407,France,Europe,1,Healthcare,Nov-50,3909.0,Growth,SMB_Inside,Inbound,2023-10-10,2024-10-10,0,0.2,7.1,0,1081.0,3.2172619047619047,336,392.0,1.1666666666666667,6973.005576569607,20.752992787409543,747,4965.93,334.0,2007.0755765696067,1.0,2.0,2.0,1.0,6.0,-0.1566666666666666,8.235,18.9,6.0
C100408,Company_408,Germany,Europe,1,Ecommerce,Nov-50,7709.82,Growth,SMB_Inside,Partner,2023-01-02,,1,0.26,5.5,0,1316.0,3.9166666666666665,336,461.0,1.3720238095238095,9102.018257670394,27.089340052590455,694,4845.94,622.0,4256.078257670394,1.0,0.0,0.0,1.0,2.0,-0.1649999999999999,2.2750000000000004,7.915000000000001,1.0
C100409,Company_409,US,North America,0,Hospitality,10-Jan,1029.29,Starter,SMB_Inside,Inbound,2024-02-14,2024-08-15,0,0.14,4.9,0,193.0,0.5273224043715847,366,62.0,0.1693989071038251,2457.136080632173,6.7134865591042985,154,1843.21,39.0,613.9260806321731,0.0,0.0,0.0,1.0,1.0,0.15,0.27,3.77,1.0
C100410,Company_410,Canada,North America,0,Retail,10-Jan,1330.84,Growth,SMB_Inside,SelfServe,2023-10-26,2024-10-26,0,0.11,6.9,0,1195.0,3.2650273224043715,366,401.0,1.0956284153005464,8280.475982562486,22.624251318476738,739,5061.91,456.0,3218.5659825624857,0.0,0.0,0.0,0.0,0.0,0.0,0.0,0.0,0.0
C100411,Company_411,Australia,North America,0,Ecommerce,1000+,215905.88,Growth,Enterprise,Inbound,2023-01-01,,1,0.07,5.4,0,1455.0,3.9754098360655736,366,552.0,1.5081967213114753,9849.14209086442,26.910224291979297,692,4825.66,763.0,5023.482090864421,2.0,1.0,0.0,1.0,4.0,-0.295,3.7825,17.935,3.0
C100412,Company_412,Netherlands,Europe,1,Unknown,Nov-50,4154.54,Starter,SMB_Field,SelfServe,2023-06-29,,1,0.19,7.1,0,297.0,0.8839285714285714,336,115.0,0.3422619047619047,4454.2096608125585,13.256576371465949,163,2348.04,134.0,2106.1696608125585,0.0,0.0,0.0,0.0,0.0,0.0,0.0,0.0,0.0
C100413,Company_413,Canada,North America,0,Unknown,1000+,494960.26,Starter,Enterprise,Outbound,2023-02-28,,1,0.32,5.7,0,377.0,1.030054644808743,366,146.0,0.3989071038251366,5258.772415316864,14.368230642942253,185,2600.41,192.0,2658.362415316864,0.0,0.0,0.0,1.0,1.0,-0.12,4.88,8.42,1.0
C100414,Company_414,Canada,North America,0,Logistics,10-Jan,2749.49,Growth,SMB_Inside,Outbound,2023-06-20,,1,0.28,5.6,0,1408.0,3.8469945355191255,366,523.0,1.4289617486338797,9524.399958278244,26.022950705678262,727,4740.42,681.0,4783.979958278243,0.0,1.0,1.0,3.0,5.0,0.072,3.192,13.74,5.0
C100415,Company_415,Spain,Europe,1,Unknown,10-Jan,1292.19,Growth,SMB_Field,Inbound,2023-09-17,2024-03-18,0,0.1,4.9,1,296.0,0.8809523809523809,336,118.0,0.3511904761904761,1971.43,5.867351190476191,296,1971.43,0.0,0.0,1.0,1.0,0.0,1.0,3.0,-0.2833333333333334,9.773333333333332,29.209999999999997,3.0
C100416,Company_416,UK,Europe,1,Logistics,201-1000,112914.58,Enterprise,Enterprise,Outbound,2023-07-15,2024-07-15,0,0.2,7.7,0,2010.0,5.982142857142857,336,682.0,2.0297619047619047,6006.80502684582,17.877395913231606,1866,5527.23,144.0,479.5750268458199,1.0,1.0,0.0,1.0,3.0,-0.53,3.31,7.02,3.0
C100417,Company_417,Netherlands,Europe,1,Wholesale,1000+,224621.38,Growth,Enterprise,Outbound,2023-03-08,,1,0.09,4.5,0,1305.0,3.883928571428571,336,454.0,1.3511904761904765,8786.953173975637,26.151646351117968,727,4782.81,578.0,4004.143173975637,1.0,1.0,0.0,1.0,3.0,-0.2199999999999999,6.263333333333333,13.26,2.0
C100418,Company_418,Germany,Europe,1,Unknown,10-Jan,2454.95,Starter,SMB_Field,Outbound,2023-10-24,2024-04-24,0,0.04,4.8,1,120.0,0.3571428571428571,336,50.0,0.1488095238095238,1455.59,4.332113095238095,120,1455.59,0.0,0.0,0.0,0.0,0.0,1.0,1.0,-0.4,15.11,18.11,1.0
C100419,Company_419,UK,Europe,1,Manufacturing,51-200,20846.21,Enterprise,MidMarket,Outbound,2023-03-12,,1,0.19,8.5,0,3318.0,9.875,336,1166.0,3.4702380952380953,10045.864661646929,29.898406731092045,1762,5374.25,1556.0,4671.614661646927,1.0,1.0,0.0,2.0,4.0,0.015,1.5325,10.545,4.0
C100420,Company_420,UK,Europe,1,Logistics,51-200,28803.12,Enterprise,MidMarket,Outbound,2023-05-26,,1,0.22,7.6,0,3319.0,9.87797619047619,336,1185.0,3.5267857142857144,10072.874857710352,29.97879421937605,1814,5512.66,1505.0,4560.214857710352,3.0,1.0,2.0,2.0,8.0,0.1075,2.4724999999999997,18.695,6.0
C100421,Company_421,Spain,Europe,1,Professional Services,10-Jan,1686.76,Enterprise,SMB_Field,SelfServe,2023-10-08,,1,0.17,6.9,0,3328.0,9.904761904761903,336,1189.0,3.5386904761904763,10128.084179911955,30.143107678309395,1790,5571.35,1538.0,4556.734179911958,1.0,2.0,3.0,0.0,6.0,0.0416666666666666,1.8083333333333331,14.196666666666667,6.0
C100422,Company_422,US,North America,0,Unknown,Nov-50,4657.04,Enterprise,SMB_Inside,SelfServe,2023-01-12,,1,0.11,8.5,0,3699.0,10.10655737704918,366,1344.0,3.672131147540984,10901.920572017583,29.786668229556245,1898,5319.22,1801.0,5582.700572017584,2.0,0.0,0.0,0.0,2.0,-0.2299999999999999,3.0200000000000005,10.42,2.0
C100423,Company_423,US,North America,0,Retail,Nov-50,6551.73,Starter,SMB_Inside,SelfServe,2023-07-24,2024-07-24,0,0.08,9.1,0,191.0,0.5218579234972678,366,60.0,0.1639344262295081,2881.8856100011367,7.874004398910209,165,2585.06,26.0,296.8256100011365,0.0,1.0,0.0,1.0,2.0,-0.4599999999999999,2.855,21.55,2.0
C100424,Company_424,France,Europe,1,Unknown,10-Jan,2869.79,Starter,SMB_Inside,Outbound,2023-09-19,,1,0.27,7.1,0,310.0,0.9226190476190476,336,109.0,0.3244047619047619,4211.399337041815,12.533926598338734,177,2322.72,133.0,1888.679337041815,0.0,0.0,1.0,1.0,2.0,0.085,3.915,11.670000000000002,2.0
C100425,Company_425,Spain,Europe,1,Wholesale,Nov-50,7972.95,Starter,SMB_Inside,Inbound,2023-09-26,2024-09-26,0,0.35,7.4,0,256.0,0.7619047619047619,336,105.0,0.3125,3348.909829523115,9.966993540247367,196,2592.68,60.0,756.2298295231153,1.0,0.0,1.0,1.0,3.0,0.0533333333333333,5.746666666666667,13.22,2.0
C100426,Company_426,Germany,Europe,1,Unknown,Nov-50,9809.91,Growth,SMB_Field,Outbound,2024-03-27,2024-09-26,0,0.24,6.5,0,630.0,1.875,336,241.0,0.7172619047619048,4395.100508864349,13.08065627638199,390,2631.92,240.0,1763.180508864349,0.0,0.0,2.0,0.0,2.0,-0.12,2.205,9.315,2.0
C100427,Company_427,Germany,Europe,1,Hospitality,51-200,17029.75,Enterprise,MidMarket,Partner,2023-11-12,2024-11-12,0,0.08,4.9,0,2900.0,8.630952380952381,336,1026.0,3.0535714285714284,8669.113874862793,25.80093415137736,1832,5549.07,1068.0,3120.0438748627935,2.0,1.0,2.0,1.0,6.0,0.0699999999999999,3.74,14.223333333333334,6.0
C100428,Company_428,Netherlands,Europe,1,Unknown,201-1000,43466.43,Growth,Enterprise,Outbound,2023-09-13,,1,0.28,6.1,0,1358.0,4.041666666666667,336,471.0,1.4017857142857142,8956.265320763296,26.65555154989076,746,4986.67,612.0,3969.595320763297,2.0,0.0,0.0,2.0,4.0,-0.16,5.5275,11.3725,4.0
C100429,Company_429,France,Europe,1,Wholesale,Nov-50,8539.18,Growth,SMB_Inside,Partner,2023-03-17,,1,0.17,7.0,0,1334.0,3.9702380952380953,336,475.0,1.4136904761904765,8935.382101877893,26.593399112731824,726,4850.79,608.0,4084.592101877893,1.0,0.0,0.0,1.0,2.0,-0.51,13.51,19.555,2.0
C100430,Company_430,Germany,Europe,1,Ecommerce,Nov-50,6755.29,Growth,SMB_Inside,Inbound,2023-04-25,,1,0.04,7.1,0,1381.0,4.1101190476190474,336,505.0,1.5029761904761905,9085.54395230617,27.0403093818636,744,4930.3,637.0,4155.243952306171,2.0,0.0,1.0,0.0,3.0,0.31,6.183333333333334,17.150000000000002,3.0
C100431,Company_431,France,Europe,1,Wholesale,Nov-50,8356.04,Growth,SMB_Inside,Inbound,2024-01-21,2024-07-22,0,0.11,5.2,0,749.0,2.2291666666666665,336,264.0,0.7857142857142857,4792.9769990625355,14.264812497209927,659,4124.55,90.0,668.4269990625355,0.0,0.0,0.0,2.0,2.0,0.36,5.16,9.09,2.0
C100432,Company_432,Spain,Europe,1,Unknown,10-Jan,1062.69,Enterprise,SMB_Inside,Inbound,2023-10-05,,1,0.28,6.6,0,3334.0,9.922619047619047,336,1170.0,3.482142857142857,9743.86517667351,28.99959874009973,1807,5326.2,1527.0,4417.665176673509,1.0,3.0,1.0,0.0,5.0,-0.058,2.682,11.08,5.0
C100433,Company_433,France,Europe,1,Unknown,Nov-50,3635.05,Starter,SMB_Field,Inbound,2024-03-05,2025-03-06,0,0.26,6.7,0,285.0,0.8482142857142857,336,104.0,0.3095238095238095,3952.881404854989,11.764527990639849,134,1733.24,151.0,2219.641404854989,0.0,0.0,0.0,0.0,0.0,0.0,0.0,0.0,0.0
C100434,Company_434,Germany,Europe,1,Unknown,201-1000,123946.51,Enterprise,Enterprise,Outbound,2023-07-27,,1,0.09,6.1,0,3283.0,9.770833333333334,336,1147.0,3.4136904761904763,10101.954957071575,30.065342134141595,1767,5505.41,1516.0,4596.5449570715755,0.0,0.0,1.0,2.0,3.0,-0.2566666666666666,1.4799999999999998,3.233333333333333,3.0
C100435,Company_435,Spain,Europe,1,Hospitality,51-200,25405.54,Starter,MidMarket,Inbound,2024-02-05,2025-02-05,0,0.37,1.1,0,304.0,0.9047619047619048,336,109.0,0.3244047619047619,4298.815182318728,12.794092804520025,150,2060.35,154.0,2238.465182318728,0.0,0.0,1.0,0.0,1.0,-0.03,5.54,14.15,0.0
C100436,Company_436,Canada,North America,0,Retail,Nov-50,7232.02,Growth,SMB_Inside,Partner,2023-11-22,2024-11-22,0,0.32,5.6,0,1297.0,3.5437158469945356,366,451.0,1.23224043715847,8719.63061245741,23.82412735644101,741,4906.94,556.0,3812.6906124574098,2.0,1.0,0.0,2.0,5.0,-0.06,11.622,19.178,4.0
C100437,Company_437,Netherlands,Europe,1,Professional Services,10-Jan,2344.72,Growth,SMB_Field,Outbound,2023-01-12,2023-04-13,0,0.09,7.7,1,0.0,0.0,336,0.0,0.0,0.0,0.0,0,0.0,0.0,0.0,0.0,0.0,0.0,0.0,0.0,0.0,0.0,0.0,0.0
C100438,Company_438,Spain,Europe,1,Manufacturing,10-Jan,2166.85,Starter,SMB_Inside,Inbound,2023-07-17,2024-07-17,0,0.07,7.7,0,203.0,0.6041666666666666,336,71.0,0.2113095238095238,2707.2877984008287,8.057404161907229,186,2429.88,17.0,277.40779840082894,0.0,0.0,0.0,0.0,0.0,0.0,0.0,0.0,0.0
C100439,Company_439,Canada,North America,0,Unknown,51-200,24790.9,Growth,MidMarket,SelfServe,2023-09-30,2024-09-30,0,0.28,7.7,0,1106.0,3.021857923497268,366,397.0,1.0846994535519126,7313.9637391802735,19.983507484099107,751,4853.7,355.0,2460.263739180273,1.0,0.0,0.0,0.0,1.0,-0.52,0.5,3.58,1.0
C100440,Company_440,Australia,North America,0,Hospitality,10-Jan,2604.55,Starter,SMB_Field,Partner,2023-08-23,2024-08-23,0,0.53,5.1,0,250.0,0.6830601092896175,366,77.0,0.2103825136612022,3296.259715773361,9.006174086812463,195,2568.67,55.0,727.5897157733611,0.0,1.0,0.0,0.0,1.0,-0.23,0.14,19.28,1.0
C100441,Company_441,Canada,North America,0,Wholesale,51-200,28616.71,Growth,MidMarket,Outbound,2023-12-30,2024-12-30,0,0.28,3.1,0,1371.0,3.7459016393442623,366,471.0,1.286885245901639,9663.104286860374,26.401924281039275,676,4593.28,695.0,5069.824286860374,0.0,1.0,0.0,0.0,1.0,0.31,1.0,15.99,1.0
C100442,Company_442,UK,Europe,1,Unknown,10-Jan,2987.16,Growth,SMB_Field,Outbound,2023-04-28,,1,0.57,5.6,0,1339.0,3.985119047619047,336,454.0,1.3511904761904765,8834.68549258138,26.29370682315887,718,4703.54,621.0,4131.145492581381,2.0,1.0,0.0,1.0,4.0,-0.0499999999999999,5.625,12.645,4.0
C100443,Company_443,Germany,Europe,1,Wholesale,10-Jan,1031.7,Enterprise,SMB_Inside,Inbound,2023-07-07,2024-07-07,0,0.22,6.3,0,1965.0,5.848214285714286,336,696.0,2.0714285714285716,5736.394628125208,17.072603059896455,1897,5499.9,68.0,236.49462812520835,1.0,1.0,2.0,3.0,7.0,0.0428571428571428,1.752857142857143,12.605714285714283,7.0
C100444,Company_444,Spain,Europe,1,Retail,10-Jan,1020.02,Starter,SMB_Inside,Partner,2023-08-14,2024-08-14,0,0.11,7.4,0,227.0,0.6755952380952381,336,91.0,0.2708333333333333,3129.713842692768,9.314624531823714,184,2561.85,43.0,567.8638426927682,0.0,0.0,1.0,0.0,1.0,0.49,1.13,34.16,1.0
C100445,Company_445,Spain,Europe,1,Unknown,10-Jan,1271.25,Starter,SMB_Field,SelfServe,2023-11-22,2024-02-21,0,0.29,5.9,1,53.0,0.1577380952380952,336,16.0,0.0476190476190476,741.72,2.2075,53,741.72,0.0,0.0,0.0,0.0,0.0,0.0,0.0,0.0,0.0,0.0,0.0
C100446,Company_446,US,North America,0,Unknown,201-1000,138340.79,Starter,Enterprise,SelfServe,2023-07-18,2024-07-18,0,0.18,5.3,0,205.0,0.5601092896174863,366,80.0,0.2185792349726776,2730.2366188856936,7.45966289313031,184,2435.5,21.0,294.7366188856936,0.0,0.0,0.0,0.0,0.0,0.0,0.0,0.0,0.0
C100447,Company_447,Germany,Europe,1,Ecommerce,10-Jan,2863.32,Starter,SMB_Inside,Inbound,2024-03-31,,1,0.17,4.2,0,262.0,0.7797619047619048,336,85.0,0.2529761904761904,3388.1253618431138,10.083706434056886,94,1191.11,168.0,2197.015361843114,0.0,0.0,0.0,0.0,0.0,0.0,0.0,0.0,0.0
C100448,Company_448,Canada,North America,0,Unknown,10-Jan,1986.56,Enterprise,SMB_Field,SelfServe,2023-04-22,2023-10-22,0,0.03,4.9,1,0.0,0.0,366,0.0,0.0,0.0,0.0,0,0.0,0.0,0.0,0.0,0.0,0.0,1.0,1.0,-0.53,4.46,14.58,1.0
C100449,Company_449,Canada,North America,0,Unknown,201-1000,106738.78,Enterprise,Enterprise,Inbound,2023-10-31,2024-10-31,0,0.02,8.2,0,3070.0,8.387978142076502,366,1095.0,2.9918032786885247,9002.855062390596,24.597964651340423,1850,5431.5,1220.0,3571.355062390596,0.0,1.0,2.0,1.0,4.0,0.05,2.8400000000000003,10.93,4.0
C100450,Company_450,Germany,Europe,1,Healthcare,201-1000,44094.39,Starter,Enterprise,Partner,2023-11-20,2024-11-20,0,0.18,9.4,0,299.0,0.8898809523809523,336,111.0,0.3303571428571428,3895.367667837329,11.593356154277766,204,2531.14,95.0,1364.227667837329,0.0,1.0,0.0,0.0,1.0,-0.31,5.98,27.64,0.0
C100451,Company_451,Spain,Europe,1,Manufacturing,1000+,256073.02,Starter,Enterprise,Outbound,2023-04-17,,1,0.26,8.8,0,299.0,0.8898809523809523,336,104.0,0.3095238095238095,4695.205298481611,13.973825293100033,168,2546.58,131.0,2148.625298481611,0.0,0.0,1.0,0.0,1.0,-0.25,0.9,3.36,1.0
C100452,Company_452,France,Europe,1,Unknown,Nov-50,5687.63,Growth,SMB_Inside,Partner,2023-09-14,2024-09-14,0,0.38,6.0,0,995.0,2.9613095238095237,336,332.0,0.988095238095238,6473.928018415743,19.26764291195162,746,4836.7,249.0,1637.228018415743,1.0,0.0,0.0,0.0,1.0,-0.32,2.14,4.93,1.0
C100453,Company_453,Canada,North America,0,Healthcare,Nov-50,3582.8,Enterprise,SMB_Inside,Partner,2023-09-09,2024-09-09,0,0.06,9.1,0,2564.0,7.005464480874317,366,917.0,2.5054644808743167,7504.450142549087,20.50396213811226,1893,5326.98,671.0,2177.470142549087,3.0,3.0,0.0,0.0,6.0,-0.245,1.6133333333333333,25.02,6.0
C100454,Company_454,Netherlands,Europe,1,Wholesale,Nov-50,9220.49,Starter,SMB_Inside,SelfServe,2024-01-18,2024-07-19,0,0.22,8.0,0,209.0,0.6220238095238095,336,86.0,0.2559523809523809,2626.165658772828,7.815969222538179,184,2366.7,25.0,259.4656587728278,0.0,0.0,0.0,0.0,0.0,0.0,0.0,0.0,0.0
C100455,Company_455,US,North America,0,Wholesale,51-200,25285.27,Starter,MidMarket,Outbound,2023-09-05,2024-09-05,0,0.02,6.8,0,221.0,0.6038251366120219,366,72.0,0.1967213114754098,3388.9209757252033,9.259346928210938,153,2425.77,68.0,963.1509757252034,0.0,1.0,0.0,1.0,2.0,-0.085,1.735,7.94,2.0
C100456,Company_456,France,Europe,1,Unknown,201-1000,86366.23,Enterprise,Enterprise,Outbound,2023-06-13,,1,0.26,4.7,0,3384.0,10.071428571428571,336,1219.0,3.6279761904761902,10068.608480054958,29.966096666830232,1881,5471.52,1503.0,4597.0884800549575,3.0,1.0,0.0,0.0,4.0,-0.0149999999999999,1.7925,10.375,4.0
C100457,Company_457,France,Europe,1,Wholesale,10-Jan,1828.26,Starter,SMB_Inside,SelfServe,2023-03-21,,1,0.31,7.8,0,320.0,0.9523809523809524,336,117.0,0.3482142857142857,4516.936408910725,13.44326312175811,178,2429.18,142.0,2087.7564089107245,0.0,2.0,0.0,0.0,2.0,0.06,2.395,11.49,2.0
C100458,Company_458,UK,Europe,1,Unknown,201-1000,91678.48,Enterprise,Enterprise,SelfServe,2023-05-25,,1,0.59,7.2,0,3399.0,10.116071428571429,336,1270.0,3.7797619047619047,10325.89739352076,30.731837480716553,1805,5643.77,1594.0,4682.127393520761,1.0,2.0,0.0,0.0,3.0,-0.2133333333333333,1.7566666666666668,16.093333333333334,3.0
C100459,Company_459,US,North America,0,Professional Services,10-Jan,2935.73,Starter,SMB_Field,Inbound,2023-04-19,2024-04-19,0,0.15,9.7,1,107.0,0.2923497267759563,366,39.0,0.1065573770491803,1371.67,3.7477322404371582,107,1371.67,0.0,0.0,0.0,1.0,0.0,0.0,1.0,-0.23,2.71,8.64,1.0
C100460,Company_460,Canada,North America,0,Professional Services,51-200,22803.71,Enterprise,MidMarket,Inbound,2023-04-29,,1,0.28,9.1,0,3726.0,10.18032786885246,366,1289.0,3.521857923497268,10992.816616024324,30.035018076569195,1836,5490.07,1890.0,5502.746616024327,2.0,1.0,1.0,0.0,4.0,-0.2025,1.4975,12.197500000000002,4.0
C100461,Company_461,Australia,North America,0,Ecommerce,Nov-50,3418.34,Growth,SMB_Inside,Outbound,2023-01-20,,1,0.05,5.2,0,1489.0,4.0683060109289615,366,532.0,1.453551912568306,9863.04729863851,26.94821666294675,729,4917.91,760.0,4945.1372986385095,2.0,1.0,0.0,2.0,5.0,-0.2,11.54,19.486,4.0
C100462,Company_462,UK,Europe,1,Logistics,10-Jan,2830.83,Starter,SMB_Field,Outbound,2023-06-25,,1,0.12,4.4,0,315.0,0.9375,336,110.0,0.3273809523809524,4699.712064478078,13.987238287137137,170,2676.45,145.0,2023.2620644780775,0.0,0.0,0.0,1.0,1.0,-0.24,2.75,5.86,1.0
C100463,Company_463,Australia,North America,0,Hospitality,51-200,24724.31,Enterprise,MidMarket,Partner,2024-01-29,2025-01-29,0,0.1,8.4,0,3383.0,9.243169398907105,366,1156.0,3.158469945355191,9946.830761795349,27.177133228949035,1519,4638.5,1864.0,5308.330761795347,1.0,2.0,0.0,0.0,3.0,0.0833333333333333,1.2666666666666668,16.213333333333335,3.0
C100464,Company_464,UK,Europe,1,Professional Services,10-Jan,1288.01,Growth,SMB_Field,SelfServe,2023-06-28,2023-09-27,0,0.04,10.0,1,0.0,0.0,336,0.0,0.0,0.0,0.0,0,0.0,0.0,0.0,0.0,1.0,0.0,0.0,1.0,-0.18,15.89,19.78,1.0
C100465,Company_465,Spain,Europe,1,Hospitality,Nov-50,4876.33,Enterprise,SMB_Inside,Outbound,2023-09-30,2024-09-30,0,0.17,5.5,0,2418.0,7.196428571428571,336,866.0,2.577380952380953,7346.787268342488,21.86543829863836,1801,5433.54,617.0,1913.2472683424887,1.0,2.0,0.0,0.0,3.0,-0.0966666666666666,1.7966666666666669,4.586666666666667,3.0
C100466,Company_466,Germany,Europe,1,Healthcare,201-1000,100176.93,Enterprise,Enterprise,Outbound,2023-11-22,2024-11-22,0,0.28,7.4,0,2917.0,8.681547619047619,336,990.0,2.9464285714285716,8920.143441123131,26.548045955723605,1804,5558.01,1113.0,3362.133441123132,4.0,0.0,2.0,0.0,6.0,-0.12,1.3549999999999998,3.5433333333333334,6.0
C100467,Company_467,Germany,Europe,1,Manufacturing,Nov-50,5685.26,Enterprise,SMB_Field,SelfServe,2024-02-06,2025-02-06,0,0.24,8.6,0,3024.0,9.0,336,1015.0,3.0208333333333335,8983.377460844746,26.736242442990314,1486,4473.19,1538.0,4510.187460844746,1.0,0.0,0.0,1.0,2.0,0.33,3.77,6.63,2.0
C100468,Company_468,Netherlands,Europe,1,Retail,10-Jan,2560.94,Starter,SMB_Inside,Inbound,2024-01-26,,1,0.15,6.3,0,333.0,0.9910714285714286,336,123.0,0.3660714285714285,4260.924761145141,12.681323693884348,170,2153.94,163.0,2106.9847611451414,0.0,0.0,0.0,1.0,1.0,-0.24,0.54,5.81,1.0
C100469,Company_469,UK,Europe,1,Professional Services,201-1000,134014.25,Enterprise,Enterprise,Partner,2023-11-27,2024-11-27,0,0.24,7.3,0,2957.0,8.800595238095237,336,1036.0,3.0833333333333335,8804.262828216713,26.20316317921641,1791,5288.51,1166.0,3515.752828216714,1.0,2.0,2.0,0.0,5.0,0.1679999999999999,0.934,9.048,5.0
C100470,Company_470,UK,Europe,1,Manufacturing,10-Jan,2470.93,Enterprise,SMB_Inside,Inbound,2023-03-22,2023-09-21,0,0.19,5.4,1,0.0,0.0,336,0.0,0.0,0.0,0.0,0,0.0,0.0,0.0,3.0,0.0,2.0,2.0,7.0,-0.1685714285714286,1.4457142857142855,8.27142857142857,6.0
C100471,Company_471,US,North America,0,Hospitality,10-Jan,2117.91,Starter,SMB_Inside,SelfServe,2023-07-05,2024-07-05,0,0.09,6.3,0,181.0,0.494535519125683,366,69.0,0.1885245901639344,2434.362303383334,6.651263123998181,177,2382.66,4.0,51.70230338333428,0.0,1.0,0.0,0.0,1.0,0.18,12.1,17.67,1.0
C100472,Company_472,US,North America,0,Ecommerce,Nov-50,3059.47,Growth,SMB_Inside,Inbound,2023-12-06,,1,0.21,5.2,0,1407.0,3.8442622950819674,366,482.0,1.3169398907103824,9663.408893042842,26.402756538368426,701,4733.55,706.0,4929.858893042841,0.0,0.0,0.0,0.0,0.0,0.0,0.0,0.0,0.0
C100473,Company_473,Canada,North America,0,Logistics,51-200,20234.48,Enterprise,MidMarket,Inbound,2023-04-28,,1,0.15,9.6,0,3693.0,10.09016393442623,366,1287.0,3.5163934426229506,10967.564939719332,29.966024425462656,1912,5442.83,1781.0,5524.734939719333,0.0,0.0,0.0,1.0,1.0,-0.07,3.24,21.77,1.0
C100474,Company_474,Netherlands,Europe,1,Unknown,51-200,36451.27,Growth,MidMarket,SelfServe,2023-12-10,2024-12-10,0,0.25,5.9,0,1229.0,3.6577380952380953,336,414.0,1.2321428571428572,8372.691865975812,24.91872579159468,685,4712.22,544.0,3660.4718659758114,0.0,2.0,0.0,0.0,2.0,0.05,6.405,10.105,2.0
C100475,Company_475,Australia,North America,0,Manufacturing,51-200,10873.71,Enterprise,MidMarket,SelfServe,2023-07-10,2024-07-10,0,0.37,7.3,0,1917.0,5.237704918032787,366,682.0,1.8633879781420768,5766.676117441703,15.755945676070228,1807,5462.89,110.0,303.78611744170365,1.0,1.0,0.0,1.0,3.0,0.0166666666666666,2.01,6.16,3.0
C100476,Company_476,Canada,North America,0,Manufacturing,Nov-50,9555.99,Growth,SMB_Field,SelfServe,2024-03-29,2025-03-30,0,0.3,4.8,0,1069.0,2.920765027322404,366,347.0,0.9480874316939892,7635.330914189177,20.861559874833816,379,2580.98,690.0,5054.350914189177,0.0,0.0,1.0,0.0,1.0,0.12,7.29,7.84,1.0
C100477,Company_477,Spain,Europe,1,Professional Services,Nov-50,8370.2,Starter,SMB_Inside,Outbound,2023-08-15,2024-08-15,0,0.28,5.9,0,201.0,0.5982142857142857,336,60.0,0.1785714285714285,2848.2135776827504,8.476826124055805,157,2229.08,44.0,619.1335776827503,0.0,0.0,0.0,1.0,1.0,-0.07,2.51,11.25,1.0
C100478,Company_478,UK,Europe,1,Manufacturing,51-200,29181.24,Growth,MidMarket,Inbound,2023-05-26,,1,0.28,8.5,0,1286.0,3.827380952380953,336,471.0,1.4017857142857142,8773.806242044422,26.11251857751316,715,4643.13,571.0,4130.676242044422,1.0,1.0,1.0,0.0,3.0,-0.0999999999999999,3.663333333333334,12.233333333333334,2.0
C100479,Company_479,Canada,North America,0,Unknown,51-200,15686.67,Growth,MidMarket,SelfServe,2023-04-02,,1,0.22,5.9,0,1433.0,3.915300546448087,366,509.0,1.3907103825136613,9686.803663991535,26.466676677572504,680,4648.23,753.0,5038.573663991538,0.0,1.0,0.0,0.0,1.0,-0.27,11.0,12.16,0.0
C100480,Company_480,UK,Europe,1,Ecommerce,10-Jan,1718.0,Starter,SMB_Field,Inbound,2024-01-30,2024-07-31,0,0.09,8.2,0,184.0,0.5476190476190477,336,65.0,0.1934523809523809,2421.5593246055923,7.207021799421406,154,2073.64,30.0,347.9193246055925,0.0,0.0,0.0,0.0,0.0,0.0,0.0,0.0,0.0
C100481,Company_481,Netherlands,Europe,1,Hospitality,10-Jan,1506.4,Starter,SMB_Inside,Partner,2023-07-27,,1,0.07,6.9,0,335.0,0.9970238095238096,336,119.0,0.3541666666666667,4711.891239080494,14.023485830596709,172,2544.28,163.0,2167.6112390804947,0.0,0.0,0.0,0.0,0.0,0.0,0.0,0.0,0.0
C100482,Company_482,Germany,Europe,1,Unknown,Nov-50,8592.64,Starter,SMB_Inside,Partner,2024-01-22,2025-01-22,0,0.09,9.4,0,330.0,0.9821428571428572,336,117.0,0.3482142857142857,4381.528465231643,13.04026328937989,171,2222.21,159.0,2159.3184652316427,0.0,0.0,0.0,0.0,0.0,0.0,0.0,0.0,0.0
C100483,Company_483,US,North America,0,Ecommerce,Nov-50,5119.37,Starter,SMB_Field,Partner,2023-11-04,2024-11-04,0,0.09,7.6,0,263.0,0.7185792349726776,366,82.0,0.2240437158469945,4038.674695035388,11.03463031430434,150,2252.23,113.0,1786.4446950353883,0.0,0.0,0.0,0.0,0.0,0.0,0.0,0.0,0.0
C100484,Company_484,France,Europe,1,Professional Services,Nov-50,7937.49,Growth,SMB_Inside,Inbound,2023-05-14,2024-05-14,0,0.26,6.7,1,534.0,1.5892857142857142,336,186.0,0.5535714285714286,3721.6,11.076190476190476,534,3721.6,0.0,0.0,0.0,0.0,1.0,0.0,1.0,-0.12,9.18,9.97,1.0
C100485,Company_485,Australia,North America,0,Unknown,10-Jan,1022.03,Starter,SMB_Inside,Partner,2023-01-20,2023-04-21,0,0.21,4.5,1,0.0,0.0,366,0.0,0.0,0.0,0.0,0,0.0,0.0,0.0,0.0,0.0,0.0,0.0,0.0,0.0,0.0,0.0,0.0
C100486,Company_486,Spain,Europe,1,Unknown,10-Jan,2764.41,Growth,SMB_Inside,Partner,2023-05-05,2023-11-04,0,0.13,4.6,1,0.0,0.0,336,0.0,0.0,0.0,0.0,0,0.0,0.0,0.0,1.0,0.0,2.0,1.0,4.0,0.0099999999999999,5.67,11.4925,4.0
C100487,Company_487,France,Europe,1,Unknown,Nov-50,4118.25,Enterprise,SMB_Inside,Inbound,2023-11-01,,1,0.16,6.0,0,3370.0,10.029761904761903,336,1175.0,3.4970238095238093,10171.190254749792,30.27139956770771,1798,5442.34,1572.0,4728.850254749793,0.0,0.0,5.0,2.0,7.0,-0.0757142857142857,1.9014285714285717,6.701428571428571,6.0
C100488,Company_488,France,Europe,1,Unknown,51-200,10450.68,Growth,MidMarket,SelfServe,2023-08-18,2024-08-18,0,0.36,6.3,0,926.0,2.755952380952381,336,314.0,0.9345238095238096,6384.570522745572,19.001697984361822,701,5032.24,225.0,1352.330522745572,1.0,2.0,2.0,0.0,5.0,0.0079999999999999,3.51,7.452,5.0
C100489,Company_489,Spain,Europe,1,Unknown,Nov-50,8954.06,Growth,SMB_Inside,Outbound,2024-01-15,2025-01-15,0,0.32,5.5,0,1302.0,3.875,336,442.0,1.3154761904761905,8641.511593127552,25.71878450335581,683,4436.47,619.0,4205.041593127552,0.0,0.0,0.0,1.0,1.0,-0.25,1.07,2.72,1.0
C100490,Company_490,US,North America,0,Healthcare,10-Jan,1438.78,Starter,SMB_Inside,Inbound,2024-02-02,,1,0.02,6.0,0,330.0,0.9016393442622952,366,110.0,0.3005464480874317,4329.286777889601,11.828652398605469,130,1936.52,200.0,2392.7667778896,0.0,0.0,0.0,0.0,0.0,0.0,0.0,0.0,0.0
C100491,Company_491,Spain,Europe,1,Ecommerce,Nov-50,6560.79,Starter,SMB_Field,SelfServe,2023-02-17,,1,0.23,7.1,0,362.0,1.0773809523809523,336,140.0,0.4166666666666667,4532.94883019094,13.490919137473034,193,2437.95,169.0,2094.9988301909393,0.0,0.0,0.0,0.0,0.0,0.0,0.0,0.0,0.0
C100492,Company_492,UK,Europe,1,Unknown,1000+,386632.56,Starter,Enterprise,SelfServe,2023-04-16,,1,0.2,6.4,0,347.0,1.0327380952380951,336,145.0,0.431547619047619,4451.140825392761,13.24744293271655,188,2502.27,159.0,1948.8708253927612,0.0,1.0,0.0,0.0,1.0,-0.04,2.62,11.02,1.0
C100493,Company_493,Canada,North America,0,Unknown,10-Jan,1170.82,Enterprise,SMB_Inside,Inbound,2023-06-27,2023-09-26,0,0.13,6.3,1,0.0,0.0,366,0.0,0.0,0.0,0.0,0,0.0,0.0,0.0,1.0,1.0,1.0,4.0,7.0,0.0714285714285714,1.6214285714285714,4.7057142857142855,7.0
C100494,Company_494,Canada,North America,0,Unknown,Nov-50,9109.81,Enterprise,SMB_Inside,Outbound,2023-02-25,,1,0.24,5.3,0,3591.0,9.811475409836063,366,1228.0,3.3551912568306013,10830.77957403263,29.59229391812194,1764,5507.34,1827.0,5323.43957403263,0.0,0.0,0.0,0.0,0.0,0.0,0.0,0.0,0.0
C100495,Company_495,UK,Europe,1,Unknown,Nov-50,8991.48,Growth,SMB_Inside,SelfServe,2023-07-01,2024-07-01,0,0.06,8.1,0,730.0,2.172619047619047,336,261.0,0.7767857142857143,4890.896901664167,14.5562407787624,726,4861.34,4.0,29.556901664167164,2.0,0.0,0.0,1.0,3.0,-0.1933333333333333,3.0933333333333337,12.52,3.0
C100496,Company_496,US,North America,0,Logistics,10-Jan,1298.8,Growth,SMB_Inside,Outbound,2024-01-31,,1,0.08,6.1,0,1353.0,3.69672131147541,366,492.0,1.3442622950819672,9199.436494975063,25.135072390642257,637,4292.66,716.0,4906.776494975065,0.0,0.0,0.0,0.0,0.0,0.0,0.0,0.0,0.0
C100497,Company_497,UK,Europe,1,Healthcare,Nov-50,7763.97,Starter,SMB_Inside,Outbound,2023-10-08,2024-10-08,0,0.17,4.5,0,266.0,0.7916666666666666,336,106.0,0.3154761904761904,3680.276001114931,10.953202384270629,184,2479.9,82.0,1200.376001114931,1.0,0.0,0.0,0.0,1.0,-0.41,4.2,10.6,1.0
C100498,Company_498,Netherlands,Europe,1,Hospitality,201-1000,63689.52,Starter,Enterprise,SelfServe,2023-05-19,,1,0.11,5.0,0,344.0,1.0238095238095235,336,132.0,0.3928571428571428,4808.0731081362865,14.309741393262758,172,2478.1,172.0,2329.973108136286,0.0,0.0,0.0,1.0,1.0,0.14,13.44,15.31,1.0
C100499,Company_499,Canada,North America,0,Unknown,51-200,11186.73,Growth,MidMarket,SelfServe,2023-11-20,2024-11-20,0,0.5,4.6,0,1242.0,3.3934426229508197,366,425.0,1.1612021857923498,8346.71074857402,22.80522062451918,706,4786.77,536.0,3559.9407485740203,3.0,1.0,0.0,2.0,6.0,-0.0616666666666666,2.943333333333334,18.438333333333333,6.0
C100500,Company_500,France,Europe,1,Professional Services,10-Jan,1620.07,Starter,SMB_Inside,Inbound,2023-03-07,,1,0.13,7.3,0,346.0,1.0297619047619049,336,119.0,0.3541666666666667,4821.6194868730945,14.350057996646116,182,2525.93,164.0,2295.6894868730947,0.0,1.0,1.0,0.0,2.0,-0.09,0.265,13.715,2.0
C100501,Company_501,US,North America,0,Unknown,201-1000,66723.99,Enterprise,Enterprise,SelfServe,2023-05-24,,1,0.31,4.8,0,3695.0,10.095628415300547,366,1318.0,3.601092896174863,10829.03904912331,29.587538385582818,1840,5328.18,1855.0,5500.859049123311,0.0,0.0,3.0,4.0,7.0,-0.1514285714285714,3.282857142857143,7.5528571428571425,7.0
C100502,Company_502,Netherlands,Europe,1,Manufacturing,Nov-50,5535.27,Growth,SMB_Inside,Partner,2023-07-25,2024-07-25,0,0.08,6.5,0,864.0,2.5714285714285716,336,305.0,0.9077380952380952,5739.491401868168,17.081819648417166,759,5038.75,105.0,700.7414018681689,0.0,1.0,1.0,0.0,2.0,-0.06,5.095000000000001,12.615,2.0
C100503,Company_503,Netherlands,Europe,1,Retail,Nov-50,3927.28,Growth,SMB_Inside,Inbound,2023-02-21,,1,0.11,6.2,0,1390.0,4.136904761904762,336,512.0,1.5238095238095235,9230.419111324743,27.47148545037126,768,5087.57,622.0,4142.849111324744,0.0,0.0,1.0,0.0,1.0,-0.06,3.45,36.68,1.0
C100504,Company_504,Spain,Europe,1,Professional Services,Nov-50,3583.65,Growth,SMB_Inside,Inbound,2023-05-30,,1,0.34,5.4,0,1348.0,4.011904761904762,336,499.0,1.4851190476190477,9141.372575633392,27.206465998908904,721,4870.2300000000005,627.0,4271.142575633391,2.0,2.0,2.0,1.0,7.0,-0.0971428571428571,7.444285714285714,15.777142857142858,7.0
C100505,Company_505,US,North America,0,Manufacturing,Nov-50,7731.25,Starter,SMB_Inside,Inbound,2024-01-10,2025-01-10,0,0.12,7.8,0,369.0,1.0081967213114753,366,128.0,0.3497267759562841,4928.981070786603,13.46716139559181,180,2393.61,189.0,2535.371070786603,0.0,0.0,0.0,0.0,0.0,0.0,0.0,0.0,0.0
C100506,Company_506,Australia,North America,0,Unknown,10-Jan,2717.5,Growth,SMB_Field,SelfServe,2023-07-12,,1,0.06,7.5,0,1457.0,3.980874316939891,366,509.0,1.3907103825136613,9959.698284195125,27.212290393975746,718,5043.28,739.0,4916.418284195122,0.0,0.0,0.0,0.0,0.0,0.0,0.0,0.0,0.0
C100507,Company_507,Germany,Europe,1,Ecommerce,51-200,33519.16,Growth,MidMarket,Partner,2023-12-06,,1,0.08,7.4,0,1320.0,3.928571428571429,336,479.0,1.425595238095238,8687.33194734025,25.855154605179315,724,4824.81,596.0,3862.5219473402494,0.0,0.0,0.0,2.0,2.0,0.0199999999999999,0.625,16.235,2.0
C100508,Company_508,France,Europe,1,Unknown,51-200,19080.38,Growth,MidMarket,SelfServe,2023-11-21,,1,0.04,10.0,0,1400.0,4.166666666666667,336,507.0,1.5089285714285714,9232.78869413237,27.478537780155865,748,5072.3,652.0,4160.488694132371,0.0,0.0,0.0,1.0,1.0,-0.31,4.81,11.6,1.0
C100509,Company_509,US,North America,0,Unknown,201-1000,106105.29,Growth,Enterprise,Inbound,2023-06-01,,1,0.05,6.8,0,1542.0,4.213114754098361,366,586.0,1.6010928961748634,9967.647189713056,27.234008715062995,776,4953.88,766.0,5013.767189713056,0.0,0.0,2.0,0.0,2.0,-0.24,1.62,5.3149999999999995,1.0
C100510,Company_510,France,Europe,1,Unknown,10-Jan,2113.42,Starter,SMB_Field,SelfServe,2023-03-04,2023-09-03,0,0.06,9.6,1,0.0,0.0,336,0.0,0.0,0.0,0.0,0,0.0,0.0,0.0,0.0,0.0,1.0,0.0,1.0,0.21,1.02,7.94,1.0
C100511,Company_511,Australia,North America,0,Hospitality,Nov-50,6166.2,Starter,SMB_Field,SelfServe,2023-05-08,,1,0.22,4.6,0,385.0,1.0519125683060109,366,133.0,0.3633879781420765,5062.037114139815,13.830702497649767,187,2429.45,198.0,2632.5871141398143,0.0,0.0,0.0,0.0,0.0,0.0,0.0,0.0,0.0
C100512,Company_512,Canada,North America,0,Professional Services,201-1000,68783.85,Enterprise,Enterprise,Partner,2023-11-26,2024-11-26,0,0.26,6.0,0,3276.0,8.950819672131148,366,1102.0,3.010928961748634,9775.383535804638,26.708698185258573,1756,5542.91,1520.0,4232.473535804639,0.0,1.0,0.0,1.0,2.0,0.155,1.555,5.495,2.0
C100513,Company_513,Canada,North America,0,Wholesale,10-Jan,2814.93,Growth,SMB_Field,Outbound,2024-01-16,2024-07-17,0,0.21,6.0,0,722.0,1.9726775956284153,366,241.0,0.6584699453551912,4903.997137186709,13.398899281930898,644,4346.13,78.0,557.8671371867084,0.0,1.0,1.0,2.0,4.0,0.1399999999999999,4.9325,11.9425,4.0
C100514,Company_514,Netherlands,Europe,1,Unknown,51-200,23826.06,Growth,MidMarket,Partner,2023-11-23,2024-11-23,0,0.07,7.3,0,1179.0,3.5089285714285716,336,439.0,1.306547619047619,8147.874075595953,24.249625224987955,715,4902.9,464.0,3244.974075595953,0.0,0.0,1.0,1.0,2.0,-0.1599999999999999,5.95,13.670000000000002,2.0
C100515,Company_515,Canada,North America,0,Ecommerce,51-200,11392.09,Growth,MidMarket,SelfServe,2023-12-17,2024-12-17,0,0.24,6.7,0,1402.0,3.830601092896175,366,476.0,1.3005464480874316,9765.219850007756,26.680928551933757,711,5108.2699999999995,691.0,4656.949850007755,0.0,0.0,1.0,0.0,1.0,-0.11,7.22,9.64,1.0
C100516,Company_516,Spain,Europe,1,Logistics,Nov-50,8759.32,Starter,SMB_Field,Outbound,2023-07-11,2024-07-11,0,0.0,6.1,0,212.0,0.6309523809523809,336,76.0,0.2261904761904762,2907.502674014652,8.653281767900749,197,2710.68,15.0,196.8226740146517,0.0,0.0,0.0,0.0,0.0,0.0,0.0,0.0,0.0
C100517,Company_517,France,Europe,1,Manufacturing,Nov-50,4931.5,Starter,SMB_Inside,Outbound,2023-03-19,,1,0.42,7.3,0,326.0,0.9702380952380952,336,122.0,0.3630952380952381,4656.929268944753,13.859908538526051,188,2759.37,138.0,1897.559268944753,0.0,1.0,0.0,1.0,2.0,-0.1049999999999999,11.5,18.21,2.0
C100518,Company_518,Australia,North America,0,Logistics,Nov-50,5866.93,Growth,SMB_Inside,Inbound,2023-09-30,2024-09-30,0,0.22,3.8,0,1101.0,3.0081967213114753,366,384.0,1.0491803278688523,7221.123914227695,19.72984676018496,727,4877.1,374.0,2344.023914227695,0.0,0.0,0.0,0.0,0.0,0.0,0.0,0.0,0.0
C100519,Company_519,US,North America,0,Professional Services,10-Jan,2083.52,Starter,SMB_Inside,Inbound,2023-08-28,2024-08-28,0,0.36,6.2,0,228.0,0.6229508196721312,366,88.0,0.2404371584699453,3126.259682165706,8.541693120671328,175,2343.19,53.0,783.0696821657062,1.0,1.0,1.0,0.0,3.0,-0.0499999999999999,6.52,12.056666666666668,3.0
C100520,Company_520,UK,Europe,1,Retail,10-Jan,2589.33,Starter,SMB_Field,Partner,2023-07-30,,1,0.07,6.8,0,325.0,0.9672619047619048,336,122.0,0.3630952380952381,4709.026781310694,14.01496065866278,169,2525.87,156.0,2183.1567813106935,0.0,0.0,0.0,1.0,1.0,-0.39,5.05,9.57,1.0
C100521,Company_521,US,North America,0,Healthcare,10-Jan,2790.17,Growth,SMB_Field,Partner,2024-01-15,,1,0.08,7.2,0,1454.0,3.972677595628415,366,515.0,1.407103825136612,9504.858288872594,25.969558166318564,703,4484.28,751.0,5020.5782888725935,0.0,2.0,1.0,1.0,4.0,0.385,1.96,13.0875,4.0
C100522,Company_522,France,Europe,1,Manufacturing,10-Jan,1868.1,Starter,SMB_Inside,Partner,2023-09-27,2024-03-28,0,0.26,7.0,1,83.0,0.2470238095238095,336,25.0,0.0744047619047619,1171.23,3.4858035714285713,83,1171.23,0.0,0.0,0.0,0.0,0.0,0.0,0.0,0.0,0.0,0.0,0.0
C100523,Company_523,Australia,North America,0,Retail,10-Jan,1101.01,Starter,SMB_Inside,Outbound,2023-07-06,2024-01-05,0,0.26,8.3,1,7.0,0.0191256830601092,366,2.0,0.0054644808743169,71.53,0.1954371584699453,7,71.53,0.0,0.0,1.0,0.0,0.0,0.0,1.0,0.66,1.2,9.23,1.0
C100524,Company_524,Netherlands,Europe,1,Hospitality,Nov-50,9269.51,Starter,SMB_Field,Outbound,2023-05-08,,1,0.24,6.4,0,326.0,0.9702380952380952,336,111.0,0.3303571428571428,4714.278202802057,14.030589889291836,178,2593.68,148.0,2120.5982028020576,0.0,1.0,1.0,1.0,3.0,0.2266666666666666,6.93,13.416666666666666,2.0
C100525,Company_525,US,North America,0,Professional Services,Nov-50,3449.77,Growth,SMB_Inside,SelfServe,2024-01-25,2024-07-26,0,0.25,6.6,0,730.0,1.994535519125683,366,239.0,0.6530054644808743,4955.3724217023855,13.539268911755151,637,4327.64,93.0,627.7324217023859,1.0,1.0,0.0,1.0,3.0,0.0299999999999999,3.0466666666666664,9.53,3.0
C100526,Company_526,Germany,Europe,1,Ecommerce,Nov-50,3284.1,Growth,SMB_Field,Inbound,2023-09-30,,1,0.35,3.1,0,1339.0,3.985119047619047,336,496.0,1.4761904761904765,9294.680640604432,27.662740001798905,712,4911.27,627.0,4383.410640604432,0.0,0.0,1.0,1.0,2.0,0.03,3.16,9.205,2.0
C100527,Company_527,Netherlands,Europe,1,Unknown,51-200,36029.25,Enterprise,MidMarket,Inbound,2023-03-29,,1,0.32,8.5,0,3324.0,9.892857142857142,336,1182.0,3.517857142857143,9906.814414040113,29.48456670845271,1801,5387.01,1523.0,4519.804414040111,3.0,0.0,0.0,0.0,3.0,0.3333333333333333,4.676666666666667,26.906666666666663,2.0
C100528,Company_528,Netherlands,Europe,1,Unknown,10-Jan,1161.42,Starter,SMB_Inside,SelfServe,2023-08-25,,1,0.34,7.8,0,361.0,1.074404761904762,336,121.0,0.3601190476190476,4727.072542431151,14.068668281045094,206,2646.75,155.0,2080.322542431151,0.0,0.0,0.0,0.0,0.0,0.0,0.0,0.0,0.0
C100529,Company_529,Germany,Europe,1,Unknown,10-Jan,1352.17,Starter,SMB_Inside,Inbound,2023-08-16,,1,0.39,6.5,0,380.0,1.130952380952381,336,130.0,0.3869047619047619,4807.753227040343,14.308789366191496,199,2511.57,181.0,2296.1832270403424,0.0,1.0,0.0,1.0,2.0,0.06,0.96,10.415,2.0
C100530,Company_530,Germany,Europe,1,Retail,51-200,37027.23,Growth,MidMarket,Inbound,2023-07-08,2024-07-08,0,0.22,2.7,0,793.0,2.360119047619047,336,273.0,0.8125,5192.141379587006,15.452801724961327,774,4990.42,19.0,201.72137958700617,0.0,1.0,0.0,1.0,2.0,0.0199999999999999,0.565,4.859999999999999,2.0
C100531,Company_531,Germany,Europe,1,Manufacturing,51-200,27392.99,Growth,MidMarket,Outbound,2023-03-02,,1,0.23,5.9,0,1371.0,4.080357142857143,336,498.0,1.4821428571428572,9433.645646279674,28.076326328213316,734,5089.87,637.0,4343.775646279674,0.0,0.0,0.0,1.0,1.0,0.03,9.04,10.09,1.0
C100532,Company_532,Canada,North America,0,Unknown,Nov-50,4137.49,Growth,SMB_Inside,Inbound,2023-04-17,,1,0.18,7.5,0,1461.0,3.9918032786885247,366,543.0,1.4836065573770492,9937.847875894697,27.1525898248489,696,4850.48,765.0,5087.367875894697,0.0,0.0,0.0,0.0,0.0,0.0,0.0,0.0,0.0
C100533,Company_533,Spain,Europe,1,Manufacturing,Nov-50,6036.45,Enterprise,SMB_Field,Inbound,2024-02-27,2025-02-27,0,0.6,5.4,0,2804.0,8.345238095238095,336,1000.0,2.9761904761904763,8569.792054721569,25.505333496195146,1273,3747.81,1531.0,4821.9820547215695,1.0,0.0,1.0,1.0,3.0,0.18,0.37,19.506666666666664,3.0
C100534,Company_534,Germany,Europe,1,Unknown,10-Jan,2306.27,Starter,SMB_Inside,Partner,2023-11-21,2024-02-20,0,0.28,4.2,1,41.0,0.1220238095238095,336,10.0,0.0297619047619047,586.38,1.7451785714285717,41,586.38,0.0,0.0,0.0,1.0,0.0,0.0,1.0,-0.04,5.8,11.53,1.0
C100535,Company_535,UK,Europe,1,Logistics,10-Jan,2823.64,Starter,SMB_Inside,Inbound,2024-02-21,,1,0.17,5.5,0,285.0,0.8482142857142857,336,106.0,0.3154761904761904,4007.298889479692,11.92648479011813,136,1896.65,149.0,2110.6488894796917,0.0,0.0,0.0,1.0,1.0,0.14,7.88,10.85,1.0
C100536,Company_536,Canada,North America,0,Unknown,Nov-50,4875.12,Growth,SMB_Field,Outbound,2023-02-10,,1,0.32,5.3,0,1412.0,3.8579234972677594,366,511.0,1.3961748633879782,9853.008512985349,26.920788286845216,722,4815.27,690.0,5037.738512985349,1.0,0.0,1.0,0.0,2.0,0.03,1.745,4.25,2.0
C100537,Company_537,Netherlands,Europe,1,Manufacturing,Nov-50,8831.04,Starter,SMB_Inside,Inbound,2024-01-31,2025-01-31,0,0.05,6.9,0,277.0,0.8244047619047619,336,99.0,0.2946428571428571,4008.387361631671,11.92972429057045,150,2055.31,127.0,1953.077361631671,0.0,0.0,0.0,0.0,0.0,0.0,0.0,0.0,0.0
C100538,Company_538,US,North America,0,Unknown,Nov-50,3967.72,Growth,SMB_Field,Partner,2024-01-05,2025-01-05,0,0.34,5.8,0,1375.0,3.756830601092896,366,492.0,1.3442622950819672,9518.749066590624,26.007511110903344,693,4612.57,682.0,4906.179066590625,0.0,1.0,0.0,1.0,2.0,-0.415,8.355,10.775,2.0
C100539,Company_539,US,North America,0,Professional Services,51-200,30801.46,Enterprise,MidMarket,SelfServe,2023-07-10,2024-07-10,0,0.16,8.2,0,1879.0,5.133879781420765,366,664.0,1.814207650273224,5957.356916062935,16.27693146465283,1785,5632.08,94.0,325.2769160629346,0.0,0.0,0.0,1.0,1.0,-0.54,0.25,1.5,1.0
C100540,Company_540,Spain,Europe,1,Logistics,51-200,26704.55,Enterprise,MidMarket,Inbound,2023-07-16,2024-07-16,0,0.31,4.8,0,1868.0,5.559523809523809,336,678.0,2.017857142857143,5975.860445656629,17.785298945406634,1704,5508.39,164.0,467.4704456566292,0.0,3.0,1.0,0.0,4.0,-0.1625,1.56,5.435,4.0
C100541,Company_541,US,North America,0,Professional Services,10-Jan,1570.49,Starter,SMB_Field,Partner,2023-03-23,,1,0.32,9.9,0,325.0,0.8879781420765027,366,114.0,0.3114754098360656,5078.635235937379,13.876052557205952,161,2632.61,164.0,2446.0252359373785,0.0,0.0,0.0,0.0,0.0,0.0,0.0,0.0,0.0
C100542,Company_542,Netherlands,Europe,1,Ecommerce,51-200,18167.22,Growth,MidMarket,Inbound,2024-01-21,2025-01-21,0,0.23,6.7,0,1312.0,3.9047619047619047,336,448.0,1.3333333333333333,8481.293492499894,25.241944918154445,672,4394.57,640.0,4086.7234924998934,0.0,0.0,2.0,0.0,2.0,0.03,3.755,11.364999999999998,2.0
C100543,Company_543,Australia,North America,0,Unknown,51-200,15756.2,Enterprise,MidMarket,Inbound,2023-01-09,,1,0.24,7.3,0,3650.0,9.972677595628417,366,1271.0,3.4726775956284155,11041.47786013584,30.16797229545312,1835,5487.3099999999995,1815.0,5554.167860135842,1.0,0.0,1.0,0.0,2.0,0.16,1.275,5.609999999999999,2.0
C100544,Company_544,Germany,Europe,1,Professional Services,Nov-50,6798.03,Growth,SMB_Inside,Inbound,2023-05-01,,1,0.08,7.2,0,1296.0,3.857142857142857,336,478.0,1.4226190476190477,8844.698982632468,26.323508876882347,714,4875.09,582.0,3969.608982632468,0.0,1.0,0.0,1.0,2.0,0.155,7.58,13.275,2.0
C100545,Company_545,Canada,North America,0,Healthcare,51-200,34619.25,Growth,MidMarket,SelfServe,2023-02-01,,1,0.19,6.9,0,1469.0,4.0136612021857925,366,500.0,1.366120218579235,9798.899825490616,26.77295034287053,761,4897.2,708.0,4901.699825490615,0.0,0.0,3.0,0.0,3.0,0.1933333333333333,6.796666666666667,12.323333333333332,3.0
C100546,Company_546,Australia,North America,0,Retail,Nov-50,6424.61,Starter,SMB_Field,Inbound,2023-10-10,,1,0.05,6.1,0,343.0,0.9371584699453552,366,123.0,0.3360655737704918,5225.785645259787,14.278102855901055,163,2548.88,180.0,2676.905645259787,0.0,0.0,0.0,0.0,0.0,0.0,0.0,0.0,0.0
C100547,Company_547,US,North America,0,Manufacturing,51-200,16282.2,Enterprise,MidMarket,Inbound,2023-12-05,2024-12-05,0,0.4,5.4,0,3457.0,9.44535519125683,366,1196.0,3.26775956284153,10420.062427733334,28.47011592276867,1871,5522.0,1586.0,4898.062427733333,1.0,0.0,1.0,1.0,3.0,-0.0366666666666666,0.9466666666666668,2.9499999999999997,3.0
C100548,Company_548,US,North America,0,Healthcare,51-200,18874.68,Growth,MidMarket,Partner,2023-11-30,2024-11-30,0,0.26,8.1,0,1398.0,3.819672131147541,366,504.0,1.3770491803278688,9085.048832714903,24.82253779430302,772,4883.2,626.0,4201.848832714905,0.0,0.0,0.0,0.0,0.0,0.0,0.0,0.0,0.0
C100549,Company_549,Spain,Europe,1,Retail,10-Jan,2459.03,Enterprise,SMB_Field,SelfServe,2023-09-18,2023-12-18,0,0.45,3.8,1,0.0,0.0,336,0.0,0.0,0.0,0.0,0,0.0,0.0,0.0,1.0,1.0,1.0,3.0,6.0,0.0183333333333333,0.8166666666666665,11.365,6.0
C100550,Company_550,Spain,Europe,1,Ecommerce,Nov-50,7363.2,Growth,SMB_Inside,Partner,2023-04-04,,1,0.16,5.9,0,1358.0,4.041666666666667,336,447.0,1.3303571428571428,9026.779484500375,26.86541513244159,719,4774.13,639.0,4252.649484500375,0.0,1.0,1.0,0.0,2.0,-0.38,5.98,8.15,2.0
C100551,Company_551,Australia,North America,0,Hospitality,10-Jan,1144.46,Starter,SMB_Field,Inbound,2024-03-11,2024-09-10,0,0.21,5.5,0,169.0,0.4617486338797814,366,53.0,0.1448087431693989,2279.500375898902,6.228143103548912,104,1393.8,65.0,885.7003758989017,0.0,0.0,0.0,0.0,0.0,0.0,0.0,0.0,0.0
C100552,Company_552,Germany,Europe,1,Healthcare,51-200,30136.65,Enterprise,MidMarket,Inbound,2023-01-30,,1,0.37,6.6,0,3442.0,10.24404761904762,336,1244.0,3.702380952380953,10244.991134130483,30.491045042055013,1954,5513.43,1488.0,4731.561134130485,0.0,3.0,0.0,1.0,4.0,-0.22,0.585,11.31,3.0
C100553,Company_553,Australia,North America,0,Hospitality,Nov-50,9752.83,Enterprise,SMB_Inside,Outbound,2024-02-19,2024-08-20,0,0.15,6.8,0,1869.0,5.10655737704918,366,622.0,1.6994535519125684,5298.5331365189395,14.476866493221149,1367,3791.97,502.0,1506.5631365189397,3.0,1.0,0.0,0.0,4.0,-0.125,2.45,20.31,4.0
C100554,Company_554,Germany,Europe,1,Logistics,10-Jan,2164.79,Growth,SMB_Field,Inbound,2023-05-27,2024-05-27,0,0.1,6.0,1,592.0,1.761904761904762,336,216.0,0.6428571428571429,3803.92,11.321190476190475,592,3803.92,0.0,0.0,0.0,0.0,1.0,0.0,1.0,0.13,0.83,2.78,1.0
C100555,Company_555,Spain,Europe,1,Unknown,1000+,160869.91,Growth,Enterprise,SelfServe,2024-03-27,2025-03-28,0,0.35,5.8,0,987.0,2.9375,336,356.0,1.0595238095238095,6509.313092082866,19.372955631199005,344,2529.52,643.0,3979.7930920828658,2.0,0.0,0.0,0.0,2.0,0.0049999999999999,7.904999999999999,13.695,2.0
C100556,Company_556,France,Europe,1,Unknown,10-Jan,2971.05,Enterprise,SMB_Field,Outbound,2024-03-25,2024-09-24,0,0.13,6.5,0,1574.0,4.684523809523809,336,535.0,1.5922619047619049,4803.293674605688,14.295516888707404,979,2879.63,595.0,1923.6636746056872,0.0,0.0,4.0,0.0,4.0,0.0249999999999999,3.3625,9.4625,4.0
C100557,Company_557,Australia,North America,0,Retail,Nov-50,5696.14,Growth,SMB_Inside,SelfServe,2023-11-27,2024-11-27,0,0.31,6.9,0,1353.0,3.69672131147541,366,461.0,1.2595628415300546,8770.727501345995,23.963736342475396,743,4784.26,610.0,3986.467501345995,0.0,0.0,0.0,0.0,0.0,0.0,0.0,0.0,0.0
C100558,Company_558,Australia,North America,0,Unknown,Nov-50,4198.91,Growth,SMB_Inside,Outbound,2024-02-29,2025-03-01,0,0.3,4.2,0,1198.0,3.273224043715847,366,419.0,1.144808743169399,8019.328818141887,21.910734475797504,498,3211.84,700.0,4807.488818141887,0.0,1.0,1.0,0.0,2.0,-0.4399999999999999,3.385,10.8,2.0
C100559,Company_559,US,North America,0,Healthcare,51-200,38841.47,Growth,MidMarket,Inbound,2023-06-23,,1,0.2,7.4,0,1471.0,4.01912568306011,366,518.0,1.4153005464480874,9704.1434089703,26.514053029973496,745,4937.14,726.0,4767.003408970299,0.0,0.0,2.0,0.0,2.0,0.04,4.03,16.33,2.0
C100560,Company_560,Canada,North America,0,Professional Services,Nov-50,7961.36,Growth,SMB_Inside,Partner,2023-11-14,2024-11-14,0,0.27,4.3,0,1284.0,3.5081967213114753,366,470.0,1.284153005464481,8508.311093800114,23.24675162240468,718,4667.68,566.0,3840.6310938001134,0.0,0.0,0.0,0.0,0.0,0.0,0.0,0.0,0.0
C100561,Company_561,Germany,Europe,1,Hospitality,Nov-50,7469.19,Growth,SMB_Inside,SelfServe,2023-08-16,,1,0.12,9.7,0,1342.0,3.994047619047619,336,466.0,1.386904761904762,8853.855731077727,26.350761104397996,742,4837.69,600.0,4016.1657310777273,0.0,1.0,1.0,0.0,2.0,0.055,6.584999999999999,8.14,2.0
C100562,Company_562,Spain,Europe,1,Logistics,10-Jan,2361.83,Growth,SMB_Field,SelfServe,2023-03-11,,1,0.14,5.1,0,1335.0,3.9732142857142856,336,455.0,1.3541666666666667,9002.628940577655,26.793538513623975,740,4991.68,595.0,4010.9489405776553,0.0,0.0,0.0,0.0,0.0,0.0,0.0,0.0,0.0
C100563,Company_563,Canada,North America,0,Wholesale,10-Jan,1830.43,Starter,SMB_Inside,Partner,2023-12-21,,1,0.07,9.0,0,356.0,0.9726775956284152,366,120.0,0.3278688524590163,4871.760513168842,13.31082107423181,173,2432.91,183.0,2438.8505131688426,1.0,0.0,1.0,1.0,3.0,0.1333333333333333,5.29,11.413333333333334,3.0
C100564,Company_564,Germany,Europe,1,Professional Services,Nov-50,8997.11,Growth,SMB_Inside,Outbound,2023-09-02,2024-09-02,0,0.28,3.3,0,943.0,2.806547619047619,336,318.0,0.9464285714285714,6546.915808363014,19.484868477270872,687,4810.82,256.0,1736.095808363014,1.0,0.0,0.0,0.0,1.0,0.04,2.43,9.21,1.0
C100565,Company_565,Australia,North America,0,Unknown,10-Jan,2383.73,Growth,SMB_Field,Inbound,2024-01-22,2024-07-23,0,0.32,5.4,0,745.0,2.0355191256830603,366,238.0,0.6502732240437158,4923.801896067798,13.453010644993984,652,4357.65,93.0,566.1518960677985,0.0,1.0,0.0,0.0,1.0,-0.19,8.43,17.72,1.0
C100566,Company_566,Canada,North America,0,Professional Services,51-200,13550.87,Growth,MidMarket,Partner,2023-10-28,2024-10-28,0,0.08,6.0,0,1189.0,3.248633879781421,366,414.0,1.1311475409836065,7971.546527432002,21.780181768939897,703,4658.49,486.0,3313.0565274320024,0.0,0.0,0.0,0.0,0.0,0.0,0.0,0.0,0.0
C100567,Company_567,Spain,Europe,1,Professional Services,Nov-50,4386.92,Growth,SMB_Inside,Partner,2024-01-13,2025-01-13,0,0.17,9.9,0,1317.0,3.919642857142857,336,475.0,1.4136904761904765,8732.812866407166,25.990514483354666,701,4548.3,616.0,4184.512866407166,1.0,0.0,1.0,1.0,3.0,-0.1833333333333333,4.226666666666667,8.286666666666667,3.0
C100568,Company_568,UK,Europe,1,Hospitality,Nov-50,9214.72,Starter,SMB_Field,Partner,2023-01-17,,1,0.46,6.5,0,358.0,1.0654761904761905,336,141.0,0.4196428571428571,4735.604087835126,14.094059785223587,181,2541.13,177.0,2194.4740878351263,1.0,0.0,0.0,0.0,1.0,-0.22,17.91,28.1,1.0
C100569,Company_569,Australia,North America,0,Retail,Nov-50,9275.53,Growth,SMB_Inside,Outbound,2023-02-04,,1,0.16,8.1,0,1484.0,4.054644808743169,366,499.0,1.3633879781420766,9641.148472532654,26.34193571730233,754,4771.91,730.0,4869.238472532653,0.0,0.0,0.0,0.0,0.0,0.0,0.0,0.0,0.0
C100570,Company_570,Canada,North America,0,Manufacturing,10-Jan,2338.37,Starter,SMB_Inside,SelfServe,2023-10-30,2024-10-30,0,0.06,5.3,0,285.0,0.7786885245901639,366,101.0,0.2759562841530054,4083.735414420697,11.15774703393633,171,2357.52,114.0,1726.2154144206966,0.0,0.0,0.0,0.0,0.0,0.0,0.0,0.0,0.0
C100571,Company_571,US,North America,0,Healthcare,51-200,39158.53,Enterprise,MidMarket,Outbound,2023-11-23,2024-11-23,0,0.18,6.9,0,3236.0,8.841530054644808,366,1110.0,3.0327868852459017,9778.336973335345,26.716767686708582,1760,5404.13,1476.0,4374.206973335343,0.0,1.0,1.0,1.0,3.0,-0.1099999999999999,1.7633333333333334,11.156666666666666,3.0
C100572,Company_572,Australia,North America,0,Hospitality,10-Jan,1226.27,Starter,SMB_Inside,Partner,2024-01-25,2024-07-26,0,0.09,5.3,0,173.0,0.4726775956284153,366,63.0,0.1721311475409836,2405.684986442258,6.572909799022563,143,2062.04,30.0,343.6449864422579,0.0,0.0,0.0,0.0,0.0,0.0,0.0,0.0,0.0
C100573,Company_573,US,North America,0,Retail,10-Jan,1691.46,Enterprise,SMB_Inside,Outbound,2023-11-07,,1,0.26,6.9,0,3764.0,10.28415300546448,366,1342.0,3.6666666666666665,11032.17730196276,30.14256093432448,1864,5506.7,1900.0,5525.477301962761,0.0,2.0,1.0,0.0,3.0,-0.0533333333333333,0.7066666666666667,11.196666666666664,3.0
C100574,Company_574,Australia,North America,0,Logistics,10-Jan,2871.63,Starter,SMB_Field,Outbound,2023-06-07,2023-12-07,0,0.11,5.7,1,0.0,0.0,366,0.0,0.0,0.0,0.0,0,0.0,0.0,0.0,0.0,0.0,1.0,0.0,1.0,-0.65,2.29,2.78,1.0
C100575,Company_575,Canada,North America,0,Retail,10-Jan,2507.56,Starter,SMB_Field,Outbound,2023-05-07,,1,0.04,5.6,0,368.0,1.005464480874317,366,126.0,0.3442622950819672,4672.701236248866,12.766943268439524,185,2216.81,183.0,2455.891236248866,0.0,0.0,0.0,0.0,0.0,0.0,0.0,0.0,0.0
C100576,Company_576,Canada,North America,0,Hospitality,51-200,18194.79,Enterprise,MidMarket,Outbound,2024-02-29,2025-03-01,0,0.22,6.2,0,3001.0,8.199453551912569,366,1033.0,2.8224043715846996,9118.69600318916,24.914469954068743,1219,3605.56,1782.0,5513.136003189159,1.0,1.0,2.0,0.0,4.0,0.0849999999999999,3.8225,8.3875,4.0
C100577,Company_577,Netherlands,Europe,1,Unknown,10-Jan,1514.73,Growth,SMB_Inside,SelfServe,2024-03-11,2024-09-10,0,0.17,4.1,0,666.0,1.9821428571428572,336,268.0,0.7976190476190477,4604.394510822216,13.703555091732786,419,2954.38,247.0,1650.0145108222157,1.0,0.0,2.0,1.0,4.0,0.04,3.0525,16.23,4.0
C100578,Company_578,Netherlands,Europe,1,Professional Services,Nov-50,4748.98,Growth,SMB_Inside,Inbound,2023-08-22,2024-08-22,0,0.35,9.4,0,931.0,2.7708333333333335,336,321.0,0.9553571428571428,6336.6753537974,18.85915283868274,734,5005.26,197.0,1331.4153537973996,0.0,0.0,1.0,1.0,2.0,0.3899999999999999,12.96,17.814999999999998,2.0
C100579,Company_579,UK,Europe,1,Wholesale,51-200,21346.2,Enterprise,MidMarket,Partner,2023-12-30,2024-12-30,0,0.2,7.6,0,3309.0,9.848214285714286,336,1152.0,3.4285714285714284,10036.25918398767,29.869818999963304,1823,5565.53,1486.0,4470.729183987669,2.0,0.0,1.0,0.0,3.0,0.0066666666666666,2.2366666666666664,21.05,3.0
C100580,Company_580,Germany,Europe,1,Retail,1000+,307845.28,Enterprise,Enterprise,Outbound,2023-09-28,2024-09-28,0,0.12,6.4,0,2487.0,7.401785714285714,336,838.0,2.494047619047619,7154.016572573251,21.291715989801343,1862,5250.58,625.0,1903.4365725732516,1.0,1.0,0.0,1.0,3.0,-0.1,1.6266666666666667,17.363333333333333,3.0
C100581,Company_581,France,Europe,1,Logistics,51-200,19833.14,Growth,MidMarket,SelfServe,2023-05-13,,1,0.07,7.6,0,1408.0,4.190476190476191,336,488.0,1.4523809523809523,9054.681936606736,26.948458144662904,771,4967.59,637.0,4087.091936606736,2.0,0.0,0.0,0.0,2.0,0.0099999999999999,12.9,16.0,2.0
C100582,Company_582,US,North America,0,Wholesale,51-200,27555.84,Growth,MidMarket,Outbound,2023-12-20,2024-12-20,0,0.32,5.6,0,1419.0,3.877049180327869,366,528.0,1.4426229508196722,9446.723954298372,25.810721186607577,729,4857.84,690.0,4588.883954298372,1.0,0.0,0.0,1.0,2.0,-0.775,6.205,14.165,2.0
C100583,Company_583,Australia,North America,0,Manufacturing,Nov-50,5608.24,Growth,SMB_Field,SelfServe,2023-09-03,2024-09-03,0,0.22,6.6,0,1001.0,2.7349726775956285,366,350.0,0.9562841530054644,6570.136407713536,17.951192370802012,752,4895.5,249.0,1674.6364077135363,1.0,1.0,1.0,0.0,3.0,0.04,6.486666666666667,14.386666666666668,3.0
C100584,Company_584,Germany,Europe,1,Wholesale,10-Jan,1772.31,Starter,SMB_Field,Outbound,2023-09-07,,1,0.15,4.9,0,332.0,0.988095238095238,336,125.0,0.3720238095238095,4625.341078383311,13.765896066616996,175,2525.7,157.0,2099.6410783833107,1.0,1.0,0.0,0.0,2.0,-0.045,2.25,5.41,2.0
C100585,Company_585,UK,Europe,1,Hospitality,51-200,27848.6,Enterprise,MidMarket,Inbound,2024-02-07,2025-02-07,0,0.28,5.7,0,2970.0,8.839285714285714,336,1097.0,3.264880952380953,9051.15536963261,26.937962409620862,1491,4423.5,1479.0,4627.65536963261,1.0,1.0,1.0,1.0,4.0,0.1,1.405,17.7025,4.0
C100586,Company_586,US,North America,0,Manufacturing,201-1000,81096.62,Growth,Enterprise,Outbound,2023-01-05,2024-01-06,0,0.12,3.9,1,18.0,0.0491803278688524,366,6.0,0.0163934426229508,188.77,0.5157650273224044,18,188.77,0.0,0.0,0.0,2.0,0.0,1.0,3.0,0.1366666666666666,3.7166666666666663,13.363333333333337,2.0
C100587,Company_587,UK,Europe,1,Ecommerce,Nov-50,8468.8,Enterprise,SMB_Field,Partner,2024-01-14,2025-01-14,0,0.18,4.7,0,3150.0,9.375,336,1120.0,3.3333333333333335,9405.826613378958,27.993531587437374,1628,5071.6,1522.0,4334.226613378958,1.0,2.0,1.0,1.0,5.0,-0.198,0.8400000000000001,13.124,5.0
C100588,Company_588,Germany,Europe,1,Professional Services,201-1000,84252.41,Growth,Enterprise,Outbound,2024-02-24,2025-02-24,0,0.21,5.6,0,1211.0,3.6041666666666665,336,406.0,1.2083333333333333,7657.774474757111,22.79099546058664,559,3473.3,652.0,4184.474474757112,1.0,1.0,0.0,2.0,4.0,-0.09,5.8925,12.075,4.0
C100589,Company_589,Germany,Europe,1,Unknown,10-Jan,2276.19,Growth,SMB_Inside,SelfServe,2024-02-07,2024-05-08,0,0.13,4.8,1,364.0,1.0833333333333333,336,145.0,0.431547619047619,2507.84,7.463809523809524,364,2507.84,0.0,0.0,0.0,1.0,4.0,0.0,5.0,-0.2279999999999999,3.3019999999999996,9.632,4.0
C100590,Company_590,Canada,North America,0,Unknown,10-Jan,2872.25,Enterprise,SMB_Field,Inbound,2023-04-30,2023-07-30,0,0.3,4.7,1,0.0,0.0,366,0.0,0.0,0.0,0.0,0,0.0,0.0,0.0,1.0,0.0,0.0,0.0,1.0,-0.17,0.51,20.82,1.0
C100591,Company_591,Australia,North America,0,Professional Services,Nov-50,3776.44,Starter,SMB_Field,Partner,2023-10-16,2024-10-16,0,0.4,7.4,0,270.0,0.7377049180327869,366,113.0,0.3087431693989071,3906.755111729785,10.674194294343677,178,2471.14,92.0,1435.615111729785,0.0,0.0,0.0,0.0,0.0,0.0,0.0,0.0,0.0
C100592,Company_592,Australia,North America,0,Professional Services,10-Jan,2377.29,Growth,SMB_Inside,SelfServe,2023-07-31,2023-10-30,0,0.15,6.3,1,0.0,0.0,366,0.0,0.0,0.0,0.0,0,0.0,0.0,0.0,0.0,0.0,0.0,3.0,3.0,-0.0066666666666666,1.1666666666666667,4.0633333333333335,2.0
C100593,Company_593,Spain,Europe,1,Unknown,201-1000,104826.48,Growth,Enterprise,Partner,2023-09-08,2024-09-08,0,0.05,5.6,0,974.0,2.8988095238095237,336,357.0,1.0625,6562.14433393087,19.53019147003235,744,4991.54,230.0,1570.6043339308694,0.0,1.0,1.0,2.0,4.0,-0.125,4.7275,10.3175,4.0
C100594,Company_594,Australia,North America,0,Hospitality,10-Jan,2460.83,Starter,SMB_Field,Inbound,2023-04-24,2023-10-24,0,0.27,7.8,1,0.0,0.0,366,0.0,0.0,0.0,0.0,0,0.0,0.0,0.0,0.0,0.0,0.0,0.0,0.0,0.0,0.0,0.0,0.0
C100595,Company_595,Germany,Europe,1,Logistics,51-200,22385.18,Enterprise,MidMarket,Outbound,2023-09-01,2024-09-01,0,0.11,7.5,0,2405.0,7.157738095238095,336,847.0,2.5208333333333335,7354.483187752217,21.88834282069112,1796,5549.82,609.0,1804.6631877522177,1.0,0.0,2.0,1.0,4.0,-0.1775,1.2575,4.5600000000000005,4.0
C100596,Company_596,Australia,North America,0,Unknown,10-Jan,1684.95,Starter,SMB_Inside,SelfServe,2023-08-21,,1,0.1,5.1,0,345.0,0.9426229508196722,366,137.0,0.3743169398907104,4805.4325356511845,13.129597091943127,186,2307.26,159.0,2498.1725356511843,0.0,0.0,0.0,0.0,0.0,0.0,0.0,0.0,0.0
C100597,Company_597,Germany,Europe,1,Retail,10-Jan,1658.76,Starter,SMB_Inside,Inbound,2023-05-15,,1,0.3,5.6,0,337.0,1.0029761904761905,336,128.0,0.3809523809523809,4435.368061226589,13.20050018222199,174,2280.81,163.0,2154.5580612265894,1.0,0.0,0.0,0.0,1.0,-0.31,5.45,20.26,1.0
C100598,Company_598,UK,Europe,1,Unknown,51-200,29332.7,Enterprise,MidMarket,SelfServe,2023-12-21,,1,0.08,7.6,0,3433.0,10.217261904761903,336,1178.0,3.505952380952381,10058.547129085066,29.93615216989603,1869,5568.84,1564.0,4489.707129085065,0.0,2.0,1.0,0.0,3.0,0.0266666666666666,0.7366666666666667,8.576666666666666,3.0
C100599,Company_599,Canada,North America,0,Unknown,10-Jan,1953.51,Starter,SMB_Inside,Partner,2023-04-25,,1,0.03,7.3,0,367.0,1.0027322404371584,366,120.0,0.3278688524590163,4901.396711136178,13.391794292721798,175,2409.41,192.0,2491.9867111361777,1.0,0.0,0.0,0.0,1.0,0.26,1.26,25.66,1.0
C100600,Company_600,Canada,North America,0,Unknown,10-Jan,2806.2,Starter,SMB_Field,Partner,2024-03-12,,1,0.15,5.7,0,310.0,0.8469945355191257,366,97.0,0.2650273224043716,4221.94643285484,11.53537276736295,112,1615.86,198.0,2606.0864328548405,1.0,0.0,0.0,0.0,1.0,-0.56,2.33,7.27,1.0
C100601,Company_601,Spain,Europe,1,Wholesale,Nov-50,7030.5,Enterprise,SMB_Inside,Outbound,2023-12-07,,1,0.23,8.7,0,3449.0,10.264880952380953,336,1240.0,3.6904761904761902,9856.09644317314,29.33362036658673,1946,5421.02,1503.0,4435.076443173141,2.0,0.0,0.0,0.0,2.0,-0.145,0.86,10.485,2.0
C100602,Company_602,Germany,Europe,1,Wholesale,10-Jan,1906.74,Starter,SMB_Inside,SelfServe,2024-02-04,,1,0.19,8.3,0,295.0,0.8779761904761905,336,107.0,0.3184523809523809,4119.1023565834685,12.259233204117466,143,1973.02,152.0,2146.082356583468,1.0,0.0,0.0,1.0,2.0,0.15,2.855,9.395,2.0
C100603,Company_603,Netherlands,Europe,1,Wholesale,10-Jan,1341.52,Starter,SMB_Inside,Partner,2023-08-30,,1,0.34,6.2,0,318.0,0.9464285714285714,336,117.0,0.3482142857142857,4474.194281607062,13.316054409544828,182,2469.67,136.0,2004.524281607062,0.0,0.0,0.0,0.0,0.0,0.0,0.0,0.0,0.0
C100604,Company_604,Netherlands,Europe,1,Hospitality,Nov-50,8366.94,Starter,SMB_Inside,Partner,2023-08-26,2024-08-26,0,0.1,7.5,0,221.0,0.6577380952380952,336,81.0,0.2410714285714285,2969.21828479061,8.836959180924435,168,2329.85,53.0,639.3682847906103,0.0,0.0,0.0,0.0,0.0,0.0,0.0,0.0,0.0
C100605,Company_605,France,Europe,1,Unknown,Nov-50,7083.33,Growth,SMB_Inside,Outbound,2023-06-19,,1,0.01,7.1,0,1315.0,3.913690476190476,336,429.0,1.2767857142857142,8590.791864280032,25.567832929404855,761,4832.63,554.0,3758.161864280032,1.0,0.0,1.0,0.0,2.0,0.0049999999999999,2.495,10.09,1.0
C100606,Company_606,US,North America,0,Logistics,10-Jan,1331.97,Starter,SMB_Field,SelfServe,2023-09-09,,1,0.05,2.9,0,378.0,1.0327868852459017,366,133.0,0.3633879781420765,5188.275800188369,14.175616940405382,181,2592.22,197.0,2596.0558001883696,0.0,0.0,0.0,0.0,0.0,0.0,0.0,0.0,0.0
C100607,Company_607,Netherlands,Europe,1,Unknown,10-Jan,2425.51,Starter,SMB_Field,SelfServe,2023-09-14,2023-12-14,0,0.01,7.8,1,0.0,0.0,336,0.0,0.0,0.0,0.0,0,0.0,0.0,0.0,0.0,0.0,1.0,0.0,1.0,-0.03,5.94,6.5,1.0
C100608,Company_608,Germany,Europe,1,Retail,10-Jan,1619.46,Starter,SMB_Inside,Inbound,2024-03-05,2025-03-06,0,0.29,5.2,0,281.0,0.8363095238095238,336,89.0,0.2648809523809524,4020.834062593314,11.96676804343248,110,1730.56,171.0,2290.274062593314,1.0,2.0,0.0,0.0,3.0,-0.2733333333333334,4.566666666666666,20.09,3.0
C100609,Company_609,Germany,Europe,1,Retail,Nov-50,5309.82,Growth,SMB_Field,SelfServe,2023-04-07,,1,0.33,7.3,0,1325.0,3.943452380952381,336,467.0,1.3898809523809523,9264.212868108518,27.572062107465825,698,4945.95,627.0,4318.262868108517,0.0,0.0,1.0,2.0,3.0,0.1666666666666666,9.9,15.14,3.0
C100610,Company_610,Netherlands,Europe,1,Unknown,10-Jan,1170.4,Starter,SMB_Field,SelfServe,2024-03-18,2024-09-17,0,0.21,7.3,0,179.0,0.5327380952380952,336,66.0,0.1964285714285714,2351.3132147834226,6.997955996379234,123,1537.27,56.0,814.0432147834229,0.0,0.0,1.0,1.0,2.0,0.045,5.914999999999999,6.895,2.0
C100611,Company_611,Canada,North America,0,Unknown,51-200,36958.5,Growth,MidMarket,SelfServe,2023-03-02,,1,0.3,7.1,0,1514.0,4.136612021857924,366,515.0,1.407103825136612,9842.88535965506,26.893129397964643,742,4796.24,772.0,5046.645359655059,0.0,1.0,1.0,0.0,2.0,0.15,1.67,8.47,2.0
C100612,Company_612,US,North America,0,Retail,10-Jan,2466.66,Starter,SMB_Inside,SelfServe,2023-09-03,,1,0.13,7.6,0,382.0,1.0437158469945356,366,143.0,0.3907103825136612,5057.5640518025475,13.818481015853957,196,2585.25,186.0,2472.3140518025475,0.0,0.0,1.0,0.0,1.0,-0.5,3.33,45.45,1.0
C100613,Company_613,Australia,North America,0,Wholesale,Nov-50,8556.9,Growth,SMB_Inside,Partner,2023-11-28,2024-11-28,0,0.32,4.6,0,1319.0,3.6038251366120218,366,447.0,1.221311475409836,8881.438221594612,24.266224649165604,695,4685.26,624.0,4196.178221594611,1.0,0.0,1.0,0.0,2.0,-0.0049999999999999,3.745,37.45,2.0
C100614,Company_614,Germany,Europe,1,Healthcare,51-200,26711.43,Enterprise,MidMarket,Partner,2023-09-02,2024-09-02,0,0.14,6.5,0,2442.0,7.267857142857143,336,849.0,2.5267857142857144,7189.175985910272,21.396357100923428,1855,5322.51,587.0,1866.6659859102724,1.0,2.0,1.0,2.0,6.0,-0.21,2.4133333333333336,16.55,6.0
C100615,Company_615,France,Europe,1,Logistics,51-200,20059.87,Enterprise,MidMarket,Partner,2023-08-20,2024-08-20,0,0.27,6.8,0,2393.0,7.122023809523809,336,836.0,2.488095238095238,6879.777310622143,20.47552771018495,1872,5429.25,521.0,1450.527310622143,0.0,2.0,0.0,1.0,3.0,-0.2366666666666666,2.2933333333333334,19.063333333333333,2.0
C100616,Company_616,Australia,North America,0,Wholesale,201-1000,114750.7,Starter,Enterprise,Partner,2023-01-14,,1,0.24,7.5,0,386.0,1.0546448087431697,366,146.0,0.3989071038251366,5219.302145152081,14.26038837473246,204,2566.73,182.0,2652.5721451520803,0.0,0.0,0.0,0.0,0.0,0.0,0.0,0.0,0.0
C100617,Company_617,Canada,North America,0,Logistics,10-Jan,1573.73,Starter,SMB_Field,SelfServe,2023-02-10,2023-05-12,0,0.29,6.4,1,0.0,0.0,366,0.0,0.0,0.0,0.0,0,0.0,0.0,0.0,0.0,0.0,0.0,0.0,0.0,0.0,0.0,0.0,0.0
C100618,Company_618,UK,Europe,1,Manufacturing,10-Jan,2525.6,Starter,SMB_Inside,Partner,2023-11-07,2024-11-07,0,0.43,6.5,0,269.0,0.8005952380952381,336,101.0,0.3005952380952381,3613.994371061904,10.755935628160428,177,2325.79,92.0,1288.2043710619034,0.0,0.0,0.0,1.0,1.0,0.09,9.25,11.42,1.0
C100619,Company_619,Germany,Europe,1,Manufacturing,10-Jan,2505.62,Starter,SMB_Inside,Partner,2023-10-09,2024-04-09,0,0.16,7.6,1,94.0,0.2797619047619047,336,30.0,0.0892857142857142,1426.98,4.246964285714286,94,1426.98,0.0,0.0,0.0,0.0,0.0,0.0,0.0,0.0,0.0,0.0,0.0
C100620,Company_620,Australia,North America,0,Logistics,Nov-50,4631.37,Starter,SMB_Inside,Outbound,2023-11-10,2024-11-10,0,0.27,3.9,0,351.0,0.9590163934426228,366,113.0,0.3087431693989071,4648.342569107748,12.70038953308128,197,2714.31,154.0,1934.032569107748,0.0,0.0,0.0,0.0,0.0,0.0,0.0,0.0,0.0
C100621,Company_621,France,Europe,1,Professional Services,10-Jan,1578.39,Starter,SMB_Field,Inbound,2023-06-15,,1,0.28,7.8,0,326.0,0.9702380952380952,336,113.0,0.3363095238095238,4513.590296918538,13.433304455114698,169,2307.88,157.0,2205.7102969185385,0.0,0.0,0.0,0.0,0.0,0.0,0.0,0.0,0.0
C100622,Company_622,Germany,Europe,1,Unknown,Nov-50,9490.45,Starter,SMB_Inside,Outbound,2023-04-30,,1,0.02,6.9,0,325.0,0.9672619047619048,336,102.0,0.3035714285714285,4593.058738295844,13.669817673499535,173,2547.77,152.0,2045.288738295844,0.0,0.0,1.0,1.0,2.0,-0.0099999999999999,19.59,22.66,2.0
C100623,Company_623,US,North America,0,Professional Services,Nov-50,5884.66,Starter,SMB_Inside,Outbound,2023-02-04,,1,0.12,6.5,0,350.0,0.9562841530054644,366,117.0,0.319672131147541,4560.144023335981,12.459409899825085,171,2302.05,179.0,2258.0940233359806,0.0,1.0,0.0,0.0,1.0,-0.15,0.52,5.25,1.0
C100624,Company_624,Canada,North America,0,Ecommerce,51-200,26377.08,Enterprise,MidMarket,Outbound,2023-06-24,,1,0.5,7.9,0,3605.0,9.849726775956285,366,1275.0,3.4836065573770494,11044.32514989451,30.17575177566806,1808,5465.62,1797.0,5578.70514989451,2.0,1.0,0.0,3.0,6.0,0.0116666666666666,1.5883333333333332,7.716666666666666,5.0
C100625,Company_625,Netherlands,Europe,1,Wholesale,10-Jan,1586.31,Starter,SMB_Field,Inbound,2024-01-31,,1,0.11,5.9,0,307.0,0.9136904761904762,336,107.0,0.3184523809523809,4334.119785376961,12.899166027907622,142,2163.4500000000003,165.0,2170.6697853769606,0.0,0.0,1.0,0.0,1.0,-0.52,2.77,4.17,1.0
C100626,Company_626,US,North America,0,Ecommerce,201-1000,95486.31,Enterprise,Enterprise,Inbound,2023-08-02,2024-08-02,0,0.11,5.7,0,2235.0,6.10655737704918,366,799.0,2.1830601092896176,6399.514328250082,17.485011825819896,1946,5489.35,289.0,910.1643282500822,1.0,0.0,0.0,0.0,1.0,0.19,0.33,2.05,1.0
C100627,Company_627,UK,Europe,1,Manufacturing,51-200,17755.02,Enterprise,MidMarket,Inbound,2023-02-13,,1,0.25,7.7,0,3392.0,10.095238095238097,336,1195.0,3.556547619047619,9856.207737731576,29.333951600391597,1832,5328.18,1560.0,4528.027737731576,2.0,0.0,1.0,0.0,3.0,-0.48,3.283333333333333,13.346666666666666,3.0
C100628,Company_628,Netherlands,Europe,1,Logistics,201-1000,71251.46,Enterprise,Enterprise,SelfServe,2023-06-01,,1,0.3,6.4,0,3416.0,10.166666666666666,336,1193.0,3.550595238095238,10090.028366466591,30.029846328769615,1857,5496.17,1559.0,4593.858366466591,2.0,1.0,2.0,1.0,6.0,0.1433333333333333,1.2966666666666666,18.685,6.0
C100629,Company_629,US,North America,0,Wholesale,10-Jan,2033.09,Starter,SMB_Inside,Outbound,2023-01-15,2023-04-16,0,0.25,6.4,1,0.0,0.0,366,0.0,0.0,0.0,0.0,0,0.0,0.0,0.0,0.0,0.0,0.0,0.0,0.0,0.0,0.0,0.0,0.0
C100630,Company_630,Germany,Europe,1,Unknown,Nov-50,3794.95,Starter,SMB_Field,SelfServe,2024-02-27,2025-02-27,0,0.09,7.1,0,295.0,0.8779761904761905,336,99.0,0.2946428571428571,3973.345961028487,11.82543440782288,137,1779.29,158.0,2194.055961028487,0.0,0.0,0.0,0.0,0.0,0.0,0.0,0.0,0.0
C100631,Company_631,Canada,North America,0,Healthcare,10-Jan,1222.13,Starter,SMB_Inside,Outbound,2023-11-05,,1,0.05,8.2,0,360.0,0.9836065573770492,366,137.0,0.3743169398907104,4695.54019132164,12.829344785031804,174,2305.69,186.0,2389.85019132164,0.0,0.0,0.0,0.0,0.0,0.0,0.0,0.0,0.0
C100632,Company_632,Spain,Europe,1,Manufacturing,51-200,12633.19,Starter,MidMarket,Outbound,2024-02-23,2025-02-23,0,0.24,5.5,0,283.0,0.8422619047619048,336,96.0,0.2857142857142857,3782.2432483667703,11.256676334424911,118,1663.6,165.0,2118.6432483667704,0.0,0.0,0.0,0.0,0.0,0.0,0.0,0.0,0.0
C100633,Company_633,Australia,North America,0,Logistics,10-Jan,1961.57,Starter,SMB_Inside,Partner,2024-03-03,,1,0.25,5.1,0,302.0,0.825136612021858,366,126.0,0.3442622950819672,4248.36150881328,11.607545106047214,114,1587.48,188.0,2660.881508813281,1.0,1.0,0.0,0.0,2.0,0.19,2.2350000000000003,18.105,2.0
C100634,Company_634,Netherlands,Europe,1,Retail,Nov-50,4657.69,Growth,SMB_Inside,SelfServe,2023-08-28,2024-08-28,0,0.08,7.4,0,975.0,2.9017857142857144,336,357.0,1.0625,6785.883459439993,20.19608172452379,742,5066.3,233.0,1719.583459439993,1.0,1.0,0.0,2.0,4.0,-0.1925,1.205,10.0625,4.0
C100635,Company_635,Australia,North America,0,Hospitality,10-Jan,2559.92,Starter,SMB_Field,SelfServe,2023-01-27,2023-04-28,0,0.05,5.4,1,0.0,0.0,366,0.0,0.0,0.0,0.0,0,0.0,0.0,0.0,0.0,1.0,0.0,0.0,1.0,0.59,2.02,15.75,1.0
C100636,Company_636,France,Europe,1,Unknown,10-Jan,2305.23,Starter,SMB_Field,Outbound,2023-10-01,2024-10-01,0,0.36,10.0,0,239.0,0.7113095238095238,336,95.0,0.2827380952380952,3297.657355382983,9.814456414830309,174,2420.85,65.0,876.8073553829832,2.0,0.0,0.0,2.0,4.0,-0.2925,3.7875,11.22,4.0
C100637,Company_637,Australia,North America,0,Hospitality,Nov-50,6540.2,Growth,SMB_Inside,Outbound,2023-08-21,2024-08-21,0,0.2,5.3,0,907.0,2.478142076502732,366,348.0,0.9508196721311476,6444.971205425831,17.609210943786422,710,5087.48,197.0,1357.4912054258311,0.0,1.0,0.0,0.0,1.0,0.03,1.04,12.96,1.0
C100638,Company_638,Germany,Europe,1,Wholesale,Nov-50,9417.65,Enterprise,SMB_Field,Partner,2023-04-24,,1,0.36,5.2,0,3473.0,10.336309523809524,336,1260.0,3.75,9822.787349975351,29.234486160640927,1876,5261.03,1597.0,4561.757349975351,2.0,1.0,0.0,1.0,4.0,0.0649999999999999,1.87,19.15,2.0
C100639,Company_639,Netherlands,Europe,1,Ecommerce,Nov-50,8074.1,Enterprise,SMB_Inside,SelfServe,2024-03-17,2025-03-18,0,0.05,6.4,0,2693.0,8.014880952380953,336,960.0,2.857142857142857,7737.646406049217,23.028709541813143,1107,3138.73,1586.0,4598.916406049218,1.0,2.0,0.0,1.0,4.0,0.0375,0.66,9.465,4.0
C100640,Company_640,US,North America,0,Professional Services,Nov-50,5369.69,Starter,SMB_Inside,Inbound,2024-01-21,2024-07-22,0,0.15,3.2,0,197.0,0.5382513661202186,366,60.0,0.1639344262295081,2598.508146906217,7.099749035262888,179,2273.06,18.0,325.44814690621723,0.0,0.0,0.0,1.0,1.0,-0.19,3.9,6.76,0.0
C100641,Company_641,Spain,Europe,1,Unknown,Nov-50,4509.48,Growth,SMB_Field,SelfServe,2023-09-27,2024-09-27,0,0.23,9.4,0,963.0,2.8660714285714284,336,310.0,0.9226190476190476,6577.285735159631,19.57525516416557,691,4911.21,272.0,1666.0757351596314,1.0,0.0,2.0,1.0,4.0,-0.0424999999999999,7.3325,13.915,4.0
C100642,Company_642,Australia,North America,0,Manufacturing,201-1000,40652.1,Enterprise,Enterprise,Outbound,2024-03-02,2024-09-01,0,0.05,8.3,0,1761.0,4.811475409836065,366,679.0,1.855191256830601,5390.536458680423,14.728241690383667,1144,3494.06,617.0,1896.4764586804224,1.0,2.0,0.0,0.0,3.0,0.3899999999999999,1.5266666666666666,9.62,3.0
C100643,Company_643,Spain,Europe,1,Unknown,10-Jan,2373.17,Starter,SMB_Field,SelfServe,2023-02-09,2023-05-11,0,0.4,6.8,1,0.0,0.0,336,0.0,0.0,0.0,0.0,0,0.0,0.0,0.0,1.0,0.0,0.0,0.0,1.0,0.15,1.61,5.99,1.0
C100644,Company_644,Germany,Europe,1,Healthcare,51-200,15103.91,Growth,MidMarket,Inbound,2023-11-14,,1,0.1,7.2,0,1329.0,3.955357142857143,336,472.0,1.4047619047619049,9058.399220754369,26.95952149034038,712,4955.88,617.0,4102.519220754366,0.0,0.0,2.0,0.0,2.0,-0.435,3.165,5.195,2.0
C100645,Company_645,Australia,North America,0,Healthcare,Nov-50,6897.69,Starter,SMB_Inside,Partner,2023-09-07,2024-03-08,0,0.2,4.1,1,72.0,0.1967213114754098,366,27.0,0.0737704918032786,1046.09,2.8581693989071035,72,1046.09,0.0,0.0,0.0,0.0,0.0,0.0,0.0,0.0,0.0,0.0,0.0
C100646,Company_646,France,Europe,1,Logistics,10-Jan,2297.39,Growth,SMB_Inside,SelfServe,2023-06-22,,1,0.28,5.7,0,1373.0,4.086309523809524,336,477.0,1.4196428571428572,9126.439059748673,27.162021011156764,766,5089.68,607.0,4036.759059748673,1.0,1.0,0.0,0.0,2.0,-0.025,3.98,9.845,2.0
C100647,Company_647,France,Europe,1,Wholesale,51-200,26761.88,Growth,MidMarket,Partner,2023-03-05,2023-09-04,0,0.09,8.2,1,0.0,0.0,336,0.0,0.0,0.0,0.0,0,0.0,0.0,0.0,0.0,1.0,0.0,0.0,1.0,0.33,4.4,7.76,1.0
C100648,Company_648,UK,Europe,1,Wholesale,Nov-50,6486.91,Growth,SMB_Inside,SelfServe,2023-01-20,2023-07-22,0,0.03,4.8,1,0.0,0.0,336,0.0,0.0,0.0,0.0,0,0.0,0.0,0.0,0.0,0.0,0.0,2.0,2.0,-0.21,0.73,3.065,2.0
C100649,Company_649,Spain,Europe,1,Unknown,10-Jan,2743.09,Growth,SMB_Field,Partner,2023-05-18,,1,0.03,4.9,0,1361.0,4.050595238095238,336,482.0,1.4345238095238095,9012.067787455217,26.821630319807188,749,4753.06,612.0,4259.007787455215,0.0,1.0,2.0,0.0,3.0,-0.1733333333333333,1.7933333333333332,5.963333333333334,3.0
C100650,Company_650,Spain,Europe,1,Logistics,10-Jan,1214.91,Starter,SMB_Inside,SelfServe,2023-04-16,,1,0.25,6.8,0,334.0,0.9940476190476192,336,113.0,0.3363095238095238,4672.232246969823,13.905453115981617,187,2478.22,147.0,2194.0122469698226,1.0,1.0,0.0,0.0,2.0,0.0099999999999999,2.83,6.32,2.0
C100651,Company_651,Netherlands,Europe,1,Professional Services,Nov-50,6617.15,Starter,SMB_Inside,Outbound,2023-12-22,2024-12-22,0,0.14,7.5,0,311.0,0.925595238095238,336,111.0,0.3303571428571428,4579.316981773803,13.628919588612508,164,2589.14,147.0,1990.1769817738027,0.0,0.0,0.0,0.0,0.0,0.0,0.0,0.0,0.0
C100652,Company_652,UK,Europe,1,Unknown,201-1000,129299.44,Growth,Enterprise,Partner,2024-02-03,2024-08-04,0,0.24,7.1,0,685.0,2.0386904761904763,336,244.0,0.7261904761904762,4778.610973964242,14.22205647013167,535,3799.07,150.0,979.5409739642412,1.0,0.0,0.0,0.0,1.0,0.52,3.98,8.04,1.0
C100653,Company_653,Netherlands,Europe,1,Healthcare,Nov-50,6620.05,Growth,SMB_Field,Inbound,2023-06-14,2024-06-14,0,0.42,4.4,1,671.0,1.9970238095238095,336,221.0,0.6577380952380952,4419.7699999999995,13.15407738095238,671,4419.7699999999995,0.0,0.0,0.0,1.0,1.0,1.0,3.0,-0.16,5.75,13.45,3.0
C100654,Company_654,Australia,North America,0,Manufacturing,51-200,35620.49,Growth,MidMarket,Inbound,2024-01-12,2024-07-13,0,0.27,5.5,0,703.0,1.9207650273224044,366,235.0,0.6420765027322405,4754.455959553668,12.990316829381609,661,4414.1,42.0,340.3559595536682,1.0,1.0,0.0,0.0,2.0,-0.155,3.22,18.94,2.0
C100655,Company_655,Spain,Europe,1,Professional Services,Nov-50,9555.96,Starter,SMB_Inside,Inbound,2023-09-08,2024-09-08,0,0.51,4.4,0,257.0,0.7648809523809523,336,97.0,0.2886904761904761,3427.290762797136,10.200270127372429,184,2503.23,73.0,924.0607627971358,0.0,0.0,0.0,0.0,0.0,0.0,0.0,0.0,0.0
C100656,Company_656,UK,Europe,1,Wholesale,201-1000,117478.83,Growth,Enterprise,Inbound,2023-11-12,2024-11-12,0,0.17,9.5,0,1136.0,3.380952380952381,336,409.0,1.2172619047619049,7782.894894131975,23.16337766110707,698,4931.56,438.0,2851.334894131975,1.0,1.0,0.0,0.0,2.0,-0.005,4.75,17.215,2.0
C100657,Company_657,Germany,Europe,1,Unknown,201-1000,138457.34,Growth,Enterprise,Outbound,2024-01-04,2025-01-04,0,0.24,6.5,0,1267.0,3.7708333333333335,336,415.0,1.2351190476190477,8835.391205580669,26.295807159466275,684,4904.82,583.0,3930.57120558067,1.0,0.0,2.0,0.0,3.0,0.0166666666666666,9.956666666666663,20.356666666666666,3.0
C100658,Company_658,US,North America,0,Logistics,Nov-50,6325.55,Starter,SMB_Inside,Inbound,2023-06-20,,1,0.16,6.3,0,326.0,0.8907103825136612,366,127.0,0.3469945355191257,4707.899241028715,12.863112680406324,172,2415.42,154.0,2292.4792410287146,0.0,1.0,0.0,0.0,1.0,-0.1,5.16,10.1,1.0
C100659,Company_659,UK,Europe,1,Professional Services,Nov-50,6809.26,Growth,SMB_Inside,Inbound,2023-05-05,,1,0.07,6.7,0,1371.0,4.080357142857143,336,480.0,1.4285714285714286,8936.843742208946,26.59774923276472,740,4805.27,631.0,4131.573742208946,2.0,1.0,0.0,2.0,5.0,-0.148,3.646,13.722,5.0
C100660,Company_660,Spain,Europe,1,Logistics,10-Jan,2920.02,Growth,SMB_Inside,Partner,2023-07-25,2023-10-24,0,0.19,6.4,1,0.0,0.0,336,0.0,0.0,0.0,0.0,0,0.0,0.0,0.0,0.0,0.0,0.0,0.0,0.0,0.0,0.0,0.0,0.0
C100661,Company_661,Canada,North America,0,Unknown,Nov-50,7132.19,Starter,SMB_Field,Partner,2024-02-25,2025-02-25,0,0.15,6.4,0,293.0,0.8005464480874317,366,116.0,0.3169398907103825,4318.801630398628,11.80000445464106,100,1666.67,193.0,2652.1316303986277,0.0,1.0,0.0,0.0,1.0,-0.02,0.42,5.88,1.0
C100662,Company_662,Canada,North America,0,Logistics,201-1000,145590.84,Growth,Enterprise,SelfServe,2023-05-20,,1,0.29,6.3,0,1433.0,3.915300546448087,366,509.0,1.3907103825136613,9490.300320333085,25.92978229599203,670,4645.6,763.0,4844.700320333081,1.0,0.0,0.0,0.0,1.0,-0.5,1.39,27.2,1.0
C100663,Company_663,Australia,North America,0,Unknown,Nov-50,4691.1,Growth,SMB_Inside,Partner,2023-08-15,2024-08-15,0,0.33,3.5,0,910.0,2.4863387978142075,366,352.0,0.9617486338797814,5976.520501188402,16.329290986853557,715,4771.76,195.0,1204.760501188402,0.0,1.0,0.0,0.0,1.0,0.01,16.31,21.57,0.0
C100664,Company_664,Germany,Europe,1,Professional Services,201-1000,98532.98,Enterprise,Enterprise,Outbound,2023-12-21,2024-12-21,0,0.23,6.0,0,3301.0,9.824404761904765,336,1128.0,3.357142857142857,9816.674201868816,29.216292267466716,1862,5374.77,1439.0,4441.904201868816,3.0,1.0,1.0,0.0,5.0,-0.062,1.3039999999999998,10.46,5.0
C100665,Company_665,US,North America,0,Unknown,10-Jan,2250.29,Growth,SMB_Inside,Outbound,2023-04-17,2023-07-17,0,0.11,6.3,1,0.0,0.0,366,0.0,0.0,0.0,0.0,0,0.0,0.0,0.0,0.0,1.0,0.0,0.0,1.0,0.19,1.78,10.8,1.0
C100666,Company_666,Netherlands,Europe,1,Unknown,201-1000,84202.37,Growth,Enterprise,Outbound,2023-12-13,2024-12-13,0,0.36,6.5,0,1271.0,3.7827380952380953,336,431.0,1.2827380952380951,8424.932369464539,25.074203480549222,728,4902.57,543.0,3522.362369464539,1.0,1.0,1.0,0.0,3.0,-0.0966666666666666,2.866666666666667,17.973333333333333,2.0
C100667,Company_667,UK,Europe,1,Manufacturing,10-Jan,1661.59,Starter,SMB_Field,Inbound,2023-01-15,2023-07-17,0,0.29,5.5,1,0.0,0.0,336,0.0,0.0,0.0,0.0,0,0.0,0.0,0.0,0.0,0.0,0.0,0.0,0.0,0.0,0.0,0.0,0.0
C100668,Company_668,Australia,North America,0,Unknown,Nov-50,4945.07,Starter,SMB_Inside,SelfServe,2023-02-17,,1,0.2,7.9,0,389.0,1.0628415300546448,366,138.0,0.3770491803278688,5040.892199967697,13.772929508108462,198,2450.03,191.0,2590.862199967697,0.0,0.0,0.0,0.0,0.0,0.0,0.0,0.0,0.0
C100669,Company_669,Australia,North America,0,Logistics,51-200,16645.03,Enterprise,MidMarket,SelfServe,2023-02-11,,1,0.48,5.9,0,3669.0,10.024590163934429,366,1289.0,3.521857923497268,10778.274328030368,29.448836961831606,1844,5396.45,1825.0,5381.824328030368,0.0,1.0,1.0,0.0,2.0,0.125,5.325,12.2,2.0
C100670,Company_670,France,Europe,1,Retail,10-Jan,1504.83,Growth,SMB_Inside,Inbound,2023-07-09,2023-10-08,0,0.24,4.2,1,0.0,0.0,336,0.0,0.0,0.0,0.0,0,0.0,0.0,0.0,0.0,1.0,0.0,0.0,1.0,-0.48,0.67,1.43,1.0
C100671,Company_671,Germany,Europe,1,Ecommerce,Nov-50,5490.92,Starter,SMB_Inside,Inbound,2023-01-08,,1,0.38,4.7,0,318.0,0.9464285714285714,336,112.0,0.3333333333333333,4722.060356615711,14.053751061356282,169,2572.61,149.0,2149.4503566157105,0.0,0.0,0.0,1.0,1.0,-0.2,2.33,16.39,1.0
C100672,Company_672,Germany,Europe,1,Hospitality,10-Jan,1275.53,Starter,SMB_Inside,Inbound,2023-02-12,,1,0.22,6.7,0,350.0,1.0416666666666667,336,134.0,0.3988095238095238,4713.54174672353,14.028398055724791,191,2448.56,159.0,2264.9817467235303,0.0,0.0,1.0,0.0,1.0,-0.54,11.44,17.17,1.0
C100673,Company_673,Germany,Europe,1,Wholesale,51-200,39952.64,Growth,MidMarket,Partner,2023-08-06,2024-08-06,0,0.22,5.9,0,901.0,2.681547619047619,336,309.0,0.9196428571428572,5968.148170896631,17.762345746716164,746,5022.53,155.0,945.6181708966316,1.0,0.0,0.0,0.0,1.0,-0.01,0.96,1.22,1.0
C100674,Company_674,Canada,North America,0,Unknown,51-200,15388.26,Enterprise,MidMarket,SelfServe,2023-07-06,2024-07-06,0,0.1,6.5,0,1937.0,5.2923497267759565,366,644.0,1.7595628415300546,5745.56096361982,15.698253998961256,1879,5569.53,58.0,176.03096361981954,2.0,0.0,0.0,0.0,2.0,0.0,2.02,7.765000000000001,2.0
C100675,Company_675,Spain,Europe,1,Unknown,10-Jan,1886.36,Growth,SMB_Inside,Inbound,2024-02-20,2024-08-21,0,0.27,10.0,0,767.0,2.2827380952380953,336,279.0,0.8303571428571429,4942.571768674162,14.71003502581596,559,3501.63,208.0,1440.941768674162,0.0,2.0,0.0,1.0,3.0,0.1033333333333333,7.93,15.156666666666666,3.0
C100676,Company_676,Germany,Europe,1,Unknown,Nov-50,7302.49,Starter,SMB_Field,Inbound,2023-06-16,,1,0.14,6.9,0,331.0,0.9851190476190476,336,112.0,0.3333333333333333,4689.022213405385,13.955423254182692,174,2519.68,157.0,2169.342213405385,0.0,0.0,0.0,0.0,0.0,0.0,0.0,0.0,0.0
C100677,Company_677,Spain,Europe,1,Wholesale,201-1000,40891.9,Starter,Enterprise,SelfServe,2023-08-02,2024-08-02,0,0.19,4.7,0,197.0,0.5863095238095238,336,65.0,0.1934523809523809,2748.7392533727466,8.180771587418889,161,2361.24,36.0,387.4992533727463,0.0,0.0,0.0,1.0,1.0,0.2,0.73,18.3,1.0
C100678,Company_678,France,Europe,1,Unknown,10-Jan,2016.81,Starter,SMB_Field,Inbound,2023-12-22,,1,0.23,7.0,0,321.0,0.9553571428571428,336,107.0,0.3184523809523809,4593.063397922081,13.669831541434766,182,2447.22,139.0,2145.8433979220813,1.0,0.0,1.0,0.0,2.0,-0.215,0.75,8.39,2.0
C100679,Company_679,Spain,Europe,1,Unknown,Nov-50,7312.65,Growth,SMB_Inside,Inbound,2023-11-08,2024-11-08,0,0.18,6.1,0,1143.0,3.4017857142857144,336,409.0,1.2172619047619049,7583.70097013021,22.570538601578008,754,4882.58,389.0,2701.1209701302105,0.0,2.0,2.0,0.0,4.0,0.0825,3.225,11.260000000000002,4.0
C100680,Company_680,US,North America,0,Unknown,10-Jan,1912.62,Starter,SMB_Inside,SelfServe,2024-01-09,2024-04-09,0,0.28,5.9,1,91.0,0.2486338797814207,366,36.0,0.0983606557377049,1254.52,3.4276502732240437,91,1254.52,0.0,0.0,1.0,0.0,1.0,0.0,2.0,-0.215,3.4850000000000003,14.485,2.0
C100681,Company_681,France,Europe,1,Unknown,1000+,369185.69,Growth,Enterprise,Inbound,2023-10-19,2024-10-19,0,0.16,7.9,0,1037.0,3.0863095238095237,336,380.0,1.130952380952381,6795.636252508609,20.225107894370858,701,4610.61,336.0,2185.026252508609,0.0,0.0,0.0,1.0,1.0,-0.2,0.9,6.99,0.0
C100682,Company_682,US,North America,0,Ecommerce,1000+,310175.97,Starter,Enterprise,Inbound,2023-05-12,,1,0.11,8.1,0,382.0,1.0437158469945356,366,127.0,0.3469945355191257,5249.147840926749,14.34193399160314,194,2532.86,188.0,2716.287840926749,0.0,0.0,1.0,0.0,1.0,-0.26,2.97,22.63,1.0
C100683,Company_683,Australia,North America,0,Unknown,Nov-50,9851.99,Starter,SMB_Inside,Partner,2023-07-27,,1,0.12,7.9,0,346.0,0.9453551912568308,366,110.0,0.3005464480874317,4944.7987456135925,13.510379086375936,168,2467.12,178.0,2477.6787456135926,0.0,1.0,0.0,0.0,1.0,0.21,0.67,3.48,1.0
C100684,Company_684,Germany,Europe,1,Unknown,10-Jan,1086.79,Starter,SMB_Field,SelfServe,2023-12-22,,1,0.04,4.8,0,329.0,0.9791666666666666,336,126.0,0.375,4471.257708807124,13.307314609545012,172,2408.24,157.0,2063.017708807124,0.0,0.0,0.0,0.0,0.0,0.0,0.0,0.0,0.0
C100685,Company_685,UK,Europe,1,Unknown,10-Jan,1755.94,Starter,SMB_Inside,SelfServe,2024-01-01,2025-01-01,0,0.09,6.5,0,320.0,0.9523809523809524,336,106.0,0.3154761904761904,4544.133290655375,13.524206222188615,185,2564.41,135.0,1979.723290655375,0.0,0.0,0.0,0.0,0.0,0.0,0.0,0.0,0.0
C100686,Company_686,Spain,Europe,1,Ecommerce,10-Jan,2058.87,Starter,SMB_Field,Outbound,2023-01-29,,1,0.05,4.0,0,317.0,0.9434523809523808,336,87.0,0.2589285714285714,4373.716999985413,13.017014880908969,171,2369.17,146.0,2004.5469999854135,0.0,0.0,0.0,0.0,0.0,0.0,0.0,0.0,0.0
C100687,Company_687,Spain,Europe,1,Wholesale,Nov-50,9747.61,Starter,SMB_Inside,Inbound,2023-10-17,2024-10-17,0,0.16,9.0,0,258.0,0.7678571428571429,336,96.0,0.2857142857142857,3453.9875289900506,10.279724788660864,184,2490.41,74.0,963.5775289900506,0.0,0.0,1.0,0.0,1.0,-0.08,1.91,8.49,1.0
C100688,Company_688,US,North America,0,Unknown,10-Jan,1088.18,Starter,SMB_Field,SelfServe,2023-06-21,2023-09-20,0,0.42,1.9,1,0.0,0.0,366,0.0,0.0,0.0,0.0,0,0.0,0.0,0.0,0.0,0.0,1.0,0.0,1.0,0.0,4.23,8.81,1.0
C100689,Company_689,US,North America,0,Ecommerce,201-1000,51761.19,Enterprise,Enterprise,Inbound,2023-04-03,,1,0.42,6.1,0,3635.0,9.931693989071038,366,1252.0,3.420765027322404,11135.826217771477,30.425754693364684,1799,5397.45,1836.0,5738.376217771474,1.0,2.0,1.0,0.0,4.0,0.1575,2.335,18.7575,3.0
C100690,Company_690,Netherlands,Europe,1,Ecommerce,51-200,19341.26,Enterprise,MidMarket,SelfServe,2023-07-12,2024-07-12,0,0.15,5.8,0,1881.0,5.598214285714286,336,627.0,1.8660714285714288,6003.169324148771,17.86657536949039,1759,5625.83,122.0,377.33932414877125,1.0,2.0,2.0,1.0,6.0,-0.0116666666666666,1.0833333333333333,5.833333333333333,5.0
C100691,Company_691,Netherlands,Europe,1,Unknown,10-Jan,1674.44,Starter,SMB_Field,Outbound,2023-03-26,,1,0.11,7.2,0,312.0,0.9285714285714286,336,121.0,0.3601190476190476,4563.476251767071,13.581774558830569,174,2610.73,138.0,1952.7462517670704,0.0,0.0,0.0,0.0,0.0,0.0,0.0,0.0,0.0
C100692,Company_692,Netherlands,Europe,1,Retail,51-200,20293.47,Growth,MidMarket,Outbound,2024-01-13,2024-07-14,0,0.35,5.9,0,722.0,2.1488095238095237,336,247.0,0.7351190476190477,4843.701050981195,14.415776937444033,660,4466.88,62.0,376.8210509811957,1.0,0.0,0.0,2.0,3.0,-0.0766666666666666,4.223333333333334,12.626666666666663,3.0
C100693,Company_693,Spain,Europe,1,Healthcare,10-Jan,2474.46,Growth,SMB_Inside,Partner,2023-02-21,,1,0.06,6.9,0,1305.0,3.883928571428571,336,434.0,1.2916666666666667,9035.89457479922,26.892543377378633,726,4968.48,579.0,4067.414574799221,1.0,2.0,1.0,1.0,5.0,0.098,3.708,12.426,5.0
C100694,Company_694,Canada,North America,0,Unknown,Nov-50,8620.76,Starter,SMB_Inside,Partner,2024-02-20,2025-02-20,0,0.28,7.7,0,319.0,0.8715846994535519,366,112.0,0.3060109289617486,4495.168362874546,12.281880772881271,130,1800.89,189.0,2694.2783628745456,0.0,0.0,0.0,0.0,0.0,0.0,0.0,0.0,0.0
C100695,Company_695,UK,Europe,1,Manufacturing,10-Jan,2335.85,Starter,SMB_Inside,Partner,2023-10-07,,1,0.24,6.3,0,328.0,0.9761904761904762,336,110.0,0.3273809523809524,4373.082797948405,13.015127374846443,175,2402.18,153.0,1970.902797948404,0.0,0.0,0.0,0.0,0.0,0.0,0.0,0.0,0.0
C100696,Company_696,France,Europe,1,Ecommerce,10-Jan,2861.33,Growth,SMB_Inside,Inbound,2023-09-09,2024-09-09,0,0.02,6.0,0,1010.0,3.005952380952381,336,355.0,1.056547619047619,6503.849293079019,19.35669432463994,762,4791.69,248.0,1712.159293079019,1.0,0.0,0.0,0.0,1.0,-0.1,10.09,28.03,1.0
C100697,Company_697,Australia,North America,0,Unknown,10-Jan,2030.17,Starter,SMB_Inside,Outbound,2023-04-03,,1,0.22,5.9,0,336.0,0.918032786885246,366,124.0,0.3387978142076502,4953.265172537572,13.53351140037588,151,2332.76,185.0,2620.505172537572,0.0,1.0,0.0,0.0,1.0,0.2,2.21,2.64,1.0
C100698,Company_698,France,Europe,1,Healthcare,10-Jan,1924.71,Starter,SMB_Inside,SelfServe,2023-01-13,,1,0.09,5.8,0,349.0,1.0386904761904765,336,108.0,0.3214285714285714,4485.11058900126,13.348543419646608,198,2353.54,151.0,2131.570589001261,0.0,0.0,0.0,1.0,1.0,-0.04,0.52,14.73,1.0
C100699,Company_699,Netherlands,Europe,1,Manufacturing,Nov-50,8465.13,Growth,SMB_Field,Inbound,2023-12-26,2024-12-26,0,0.34,2.9,0,1322.0,3.9345238095238098,336,484.0,1.4404761904761905,8995.445085688265,26.772157993119837,740,5007.5199999999995,582.0,3987.9250856882654,1.0,0.0,0.0,1.0,2.0,0.0,2.035,18.424999999999997,2.0
C100700,Company_700,Spain,Europe,1,Hospitality,10-Jan,1430.17,Starter,SMB_Field,Inbound,2023-06-27,,1,0.09,5.0,0,340.0,1.011904761904762,336,112.0,0.3333333333333333,4831.0958071961595,14.378261330940951,172,2497.97,168.0,2333.12580719616,0.0,1.0,0.0,0.0,1.0,0.14,12.09,17.05,1.0
C100701,Company_701,UK,Europe,1,Unknown,51-200,15584.95,Enterprise,MidMarket,SelfServe,2023-11-09,2024-11-09,0,0.1,9.1,0,2823.0,8.401785714285714,336,981.0,2.919642857142857,8472.785355413189,25.21662308158687,1771,5426.72,1052.0,3046.065355413189,3.0,0.0,1.0,2.0,6.0,-0.0766666666666666,3.466666666666667,9.823333333333332,5.0
C100702,Company_702,Spain,Europe,1,Manufacturing,Nov-50,8822.77,Starter,SMB_Field,SelfServe,2023-08-11,,1,0.21,4.6,0,324.0,0.9642857142857144,336,115.0,0.3422619047619047,4587.526100293747,13.653351488969484,183,2508.54,141.0,2078.9861002937464,0.0,0.0,0.0,0.0,0.0,0.0,0.0,0.0,0.0
C100703,Company_703,France,Europe,1,Logistics,10-Jan,1159.31,Growth,SMB_Inside,Outbound,2023-07-23,,1,0.24,7.1,0,1342.0,3.994047619047619,336,483.0,1.4375,9223.83506543788,27.451890075707972,734,4894.3,608.0,4329.535065437879,1.0,0.0,0.0,0.0,1.0,-0.6,0.43,1.35,1.0
C100704,Company_704,Germany,Europe,1,Unknown,10-Jan,1351.25,Growth,SMB_Field,SelfServe,2023-04-23,,1,0.35,7.6,0,1379.0,4.104166666666667,336,474.0,1.4107142857142858,8873.027381341983,26.407819587327328,756,4882.81,623.0,3990.217381341983,1.0,0.0,0.0,1.0,2.0,0.03,1.69,7.105,2.0
C100705,Company_705,Spain,Europe,1,Logistics,Nov-50,3668.81,Starter,SMB_Inside,Inbound,2024-01-12,2025-01-12,0,0.24,6.4,0,341.0,1.0148809523809523,336,103.0,0.306547619047619,4696.728718539869,13.978359281368656,168,2432.89,173.0,2263.838718539869,0.0,0.0,0.0,0.0,0.0,0.0,0.0,0.0,0.0
C100706,Company_706,Australia,North America,0,Wholesale,10-Jan,1271.66,Growth,SMB_Inside,SelfServe,2023-09-06,,1,0.3,5.1,0,1425.0,3.89344262295082,366,495.0,1.352459016393443,9823.433192772354,26.83998140101736,708,5002.44,717.0,4820.993192772355,0.0,1.0,0.0,2.0,3.0,-0.18,6.213333333333334,18.406666666666663,3.0
C100707,Company_707,Canada,North America,0,Unknown,Nov-50,8441.12,Starter,SMB_Inside,Outbound,2023-03-13,,1,0.18,4.4,0,366.0,1.0,366,135.0,0.3688524590163934,4985.200544204444,13.620766514219792,189,2390.65,177.0,2594.550544204444,0.0,0.0,0.0,0.0,0.0,0.0,0.0,0.0,0.0
C100708,Company_708,UK,Europe,1,Unknown,201-1000,103235.64,Growth,Enterprise,SelfServe,2024-03-10,2025-03-11,0,0.05,5.4,0,1056.0,3.142857142857143,336,399.0,1.1875,7183.004943328473,21.37799090276331,461,2990.52,595.0,4192.484943328473,0.0,0.0,1.0,1.0,2.0,0.035,5.355,7.965,2.0
C100709,Company_709,Netherlands,Europe,1,Unknown,10-Jan,2574.5,Growth,SMB_Inside,SelfServe,2023-02-01,,1,0.36,8.0,0,1367.0,4.068452380952381,336,475.0,1.4136904761904765,9019.077756567034,26.842493323116173,754,4898.56,613.0,4120.517756567034,0.0,1.0,0.0,1.0,2.0,-0.32,1.755,11.405,1.0
C100710,Company_710,Canada,North America,0,Hospitality,Nov-50,6651.2,Starter,SMB_Field,Inbound,2023-12-23,,1,0.17,7.9,0,321.0,0.8770491803278688,366,115.0,0.314207650273224,4633.1983348252625,12.65901184378487,156,2288.53,165.0,2344.6683348252623,0.0,0.0,0.0,0.0,0.0,0.0,0.0,0.0,0.0
C100711,Company_711,Australia,North America,0,Unknown,10-Jan,2198.2,Starter,SMB_Inside,Partner,2024-02-26,,1,0.43,2.2,0,325.0,0.8879781420765027,366,120.0,0.3278688524590163,4287.367784368274,11.714119629421514,137,1854.97,188.0,2432.397784368274,0.0,0.0,0.0,0.0,0.0,0.0,0.0,0.0,0.0
C100712,Company_712,Australia,North America,0,Wholesale,51-200,16464.08,Enterprise,MidMarket,Partner,2023-02-17,,1,0.24,7.3,0,3521.0,9.620218579234972,366,1231.0,3.363387978142077,10767.154750296766,29.418455601903737,1670,5555.39,1851.0,5211.764750296766,0.0,0.0,2.0,0.0,2.0,-0.35,3.765,9.585,2.0
C100713,Company_713,UK,Europe,1,Wholesale,51-200,26751.53,Growth,MidMarket,Outbound,2023-11-03,2024-11-03,0,0.13,7.6,0,1095.0,3.2589285714285716,336,387.0,1.1517857142857142,7351.190634149737,21.878543554017075,706,4813.85,389.0,2537.3406341497366,0.0,1.0,0.0,0.0,1.0,0.3,4.99,18.69,1.0
C100714,Company_714,Netherlands,Europe,1,Hospitality,51-200,21013.99,Enterprise,MidMarket,Outbound,2023-04-18,,1,0.13,3.8,0,3288.0,9.785714285714286,336,1103.0,3.2827380952380953,9858.80494761149,29.341681391700863,1742,5414.35,1546.0,4444.454947611491,1.0,2.0,2.0,0.0,5.0,0.106,1.256,5.518000000000001,5.0
C100715,Company_715,US,North America,0,Manufacturing,Nov-50,8762.58,Growth,SMB_Inside,SelfServe,2024-02-19,2025-02-19,0,0.17,6.4,0,1291.0,3.5273224043715845,366,467.0,1.2759562841530054,8442.815602612764,23.067802192931048,543,3434.87,748.0,5007.945602612764,1.0,0.0,1.0,0.0,2.0,-0.11,2.46,14.86,2.0
C100716,Company_716,Spain,Europe,1,Professional Services,10-Jan,1578.7,Growth,SMB_Field,SelfServe,2023-10-07,2024-04-07,0,0.13,4.8,1,385.0,1.1458333333333333,336,137.0,0.4077380952380952,2596.18,7.72672619047619,385,2596.18,0.0,0.0,2.0,0.0,0.0,0.0,2.0,-0.455,2.24,27.455,2.0
C100717,Company_717,Canada,North America,0,Manufacturing,201-1000,75031.64,Growth,Enterprise,SelfServe,2024-01-11,2025-01-11,0,0.24,7.3,0,1371.0,3.7459016393442623,366,469.0,1.2814207650273224,9074.972900202936,24.79500792405174,633,4283.5,738.0,4791.472900202935,1.0,0.0,1.0,0.0,2.0,-0.095,7.5,16.29,2.0
C100718,Company_718,UK,Europe,1,Hospitality,Nov-50,3951.2,Growth,SMB_Inside,Outbound,2023-11-13,2024-11-13,0,0.27,5.2,0,1062.0,3.1607142857142856,336,352.0,1.0476190476190477,7248.008606767354,21.5714541868076,654,4464.1,408.0,2783.9086067673534,0.0,1.0,0.0,2.0,3.0,0.1033333333333333,6.163333333333334,9.623333333333331,3.0
C100719,Company_719,Germany,Europe,1,Hospitality,Nov-50,6072.36,Growth,SMB_Inside,SelfServe,2024-02-27,2025-02-27,0,0.17,4.7,0,1126.0,3.3511904761904763,336,389.0,1.1577380952380951,7708.8787914126815,22.94309164110917,539,3533.07,587.0,4175.808791412682,0.0,1.0,0.0,2.0,3.0,-0.29,6.609999999999999,8.813333333333334,3.0
C100720,Company_720,Canada,North America,0,Hospitality,Nov-50,7957.19,Growth,SMB_Inside,Inbound,2023-01-14,2024-01-15,0,0.27,4.6,1,70.0,0.1912568306010929,366,24.0,0.0655737704918032,415.32,1.1347540983606557,70,415.32,0.0,0.0,1.0,1.0,1.0,0.0,3.0,-0.1133333333333333,6.653333333333333,25.66,3.0
C100721,Company_721,Australia,North America,0,Manufacturing,Nov-50,8316.41,Starter,SMB_Inside,Partner,2023-02-13,2024-02-14,0,0.19,5.9,1,52.0,0.1420765027322404,366,16.0,0.0437158469945355,676.74,1.849016393442623,52,676.74,0.0,0.0,0.0,0.0,0.0,1.0,1.0,-0.04,3.26,7.36,1.0
C100722,Company_722,Netherlands,Europe,1,Unknown,Nov-50,3084.44,Starter,SMB_Field,SelfServe,2024-03-19,2025-03-20,0,0.25,7.7,0,286.0,0.8511904761904762,336,86.0,0.2559523809523809,3688.924927866816,10.978943237698855,106,1373.54,180.0,2315.384927866816,0.0,0.0,2.0,1.0,3.0,-0.2533333333333333,5.81,11.416666666666666,3.0
C100723,Company_723,Canada,North America,0,Retail,51-200,29777.34,Enterprise,MidMarket,Outbound,2023-04-19,,1,0.29,5.5,0,3637.0,9.937158469945356,366,1289.0,3.521857923497268,11002.650547191352,30.061886740959977,1822,5482.93,1815.0,5519.720547191351,2.0,2.0,0.0,1.0,5.0,-0.1399999999999999,2.4560000000000004,9.976,5.0
C100724,Company_724,Australia,North America,0,Unknown,Nov-50,9194.12,Starter,SMB_Inside,SelfServe,2023-05-01,,1,0.09,2.1,0,372.0,1.0163934426229508,366,133.0,0.3633879781420765,5082.93213698479,13.88779272400216,186,2575.41,186.0,2507.52213698479,0.0,0.0,0.0,0.0,0.0,0.0,0.0,0.0,0.0
C100725,Company_725,Netherlands,Europe,1,Ecommerce,51-200,27495.85,Growth,MidMarket,Outbound,2023-09-09,2024-09-09,0,0.14,6.6,0,991.0,2.949404761904762,336,359.0,1.068452380952381,6653.871348297876,19.80318853660082,723,4973.43,268.0,1680.4413482978753,1.0,1.0,1.0,0.0,3.0,0.0133333333333333,1.41,9.79,3.0
C100726,Company_726,Canada,North America,0,Wholesale,51-200,13870.13,Enterprise,MidMarket,Outbound,2023-05-12,,1,0.3,8.9,0,3773.0,10.308743169398907,366,1345.0,3.6748633879781423,10980.489914679863,30.00133856469909,1901,5468.13,1872.0,5512.359914679865,1.0,1.0,0.0,0.0,2.0,-0.0349999999999999,0.305,5.615,2.0
C100727,Company_727,Australia,North America,0,Healthcare,Nov-50,3441.66,Growth,SMB_Inside,Outbound,2023-03-22,,1,0.27,6.8,0,1479.0,4.040983606557377,366,526.0,1.4371584699453552,9995.857843572803,27.31108700429728,761,5118.67,718.0,4877.187843572803,0.0,1.0,0.0,0.0,1.0,-0.29,0.63,4.75,1.0
C100728,Company_728,Canada,North America,0,Retail,Nov-50,9869.91,Starter,SMB_Inside,Partner,2023-04-08,,1,0.24,7.4,0,340.0,0.9289617486338798,366,106.0,0.2896174863387978,4961.093861616809,13.55490126124811,166,2428.4,174.0,2532.693861616808,2.0,0.0,0.0,0.0,2.0,-0.41,5.54,19.405,2.0
C100729,Company_729,Germany,Europe,1,Unknown,Nov-50,4767.98,Starter,SMB_Inside,Partner,2023-05-01,2024-05-01,0,0.27,7.8,1,119.0,0.3541666666666667,336,42.0,0.125,1507.77,4.487410714285714,119,1507.77,0.0,0.0,0.0,1.0,0.0,0.0,1.0,0.35,5.56,22.33,1.0
C100730,Company_730,Canada,North America,0,Professional Services,51-200,39805.05,Starter,MidMarket,Inbound,2023-01-28,2024-01-29,0,0.41,9.1,1,26.0,0.0710382513661202,366,12.0,0.0327868852459016,360.41,0.984726775956284,26,360.41,0.0,0.0,0.0,1.0,0.0,0.0,1.0,-0.08,12.07,41.26,1.0
C100731,Company_731,Netherlands,Europe,1,Hospitality,51-200,37450.97,Growth,MidMarket,Outbound,2023-11-29,2024-11-29,0,0.11,6.6,0,1186.0,3.5297619047619047,336,429.0,1.2767857142857142,8008.74140717801,23.835539902315507,702,4839.65,484.0,3169.0914071780107,1.0,1.0,0.0,0.0,2.0,0.16,3.7,5.279999999999999,2.0
C100732,Company_732,Canada,North America,0,Hospitality,10-Jan,1868.37,Starter,SMB_Inside,SelfServe,2023-09-09,,1,0.24,5.5,0,365.0,0.9972677595628416,366,121.0,0.3306010928961748,5057.772649349856,13.819050954507803,186,2399.65,179.0,2658.1226493498552,0.0,0.0,0.0,2.0,2.0,-0.125,3.94,7.16,2.0
C100733,Company_733,Netherlands,Europe,1,Healthcare,201-1000,90339.51,Growth,Enterprise,Outbound,2023-03-05,,1,0.07,6.2,0,1277.0,3.800595238095238,336,472.0,1.4047619047619049,8802.867347993097,26.19900996426517,690,4664.49,587.0,4138.377347993097,0.0,2.0,0.0,1.0,3.0,-0.4033333333333333,4.26,11.77,3.0
C100734,Company_734,Australia,North America,0,Professional Services,Nov-50,4032.67,Starter,SMB_Inside,SelfServe,2023-02-08,2024-02-09,0,0.37,5.5,1,51.0,0.1393442622950819,366,14.0,0.0382513661202185,605.6800000000001,1.6548633879781425,51,605.6800000000001,0.0,0.0,0.0,0.0,0.0,0.0,0.0,0.0,0.0,0.0,0.0
C100735,Company_735,US,North America,0,Unknown,10-Jan,1489.68,Starter,SMB_Inside,Inbound,2023-03-26,,1,0.18,6.7,0,391.0,1.0683060109289615,366,157.0,0.4289617486338797,5400.612446197305,14.755771710921598,188,2525.46,203.0,2875.152446197305,1.0,0.0,0.0,0.0,1.0,0.25,2.0,18.03,1.0
C100736,Company_736,Australia,North America,0,Professional Services,10-Jan,2781.65,Starter,SMB_Inside,Partner,2023-03-13,,1,0.17,8.9,0,360.0,0.9836065573770492,366,109.0,0.2978142076502732,5184.818738221674,14.166171415906213,199,2720.62,161.0,2464.198738221674,0.0,0.0,0.0,0.0,0.0,0.0,0.0,0.0,0.0
C100737,Company_737,Canada,North America,0,Unknown,51-200,26368.25,Enterprise,MidMarket,SelfServe,2023-12-08,,1,0.25,3.1,0,3702.0,10.114754098360656,366,1295.0,3.5382513661202184,10916.826152553916,29.82739385943693,1888,5524.53,1814.0,5392.296152553916,2.0,2.0,1.0,1.0,6.0,0.0049999999999999,1.5466666666666669,5.3500000000000005,6.0
C100738,Company_738,Germany,Europe,1,Logistics,Nov-50,5554.7,Growth,SMB_Inside,Inbound,2023-10-08,2024-10-08,0,0.37,6.0,0,1009.0,3.0029761904761907,336,359.0,1.068452380952381,6811.609675166563,20.272647842757628,724,5013.21,285.0,1798.399675166563,1.0,0.0,1.0,0.0,2.0,0.175,4.83,16.125,2.0
C100739,Company_739,US,North America,0,Logistics,1000+,394659.59,Starter,Enterprise,Inbound,2024-01-19,2025-01-19,0,0.27,7.8,0,342.0,0.9344262295081968,366,109.0,0.2978142076502732,4736.338460783284,12.940815466620997,176,2365.17,166.0,2371.1684607832844,0.0,0.0,0.0,0.0,0.0,0.0,0.0,0.0,0.0
C100740,Company_740,Germany,Europe,1,Wholesale,10-Jan,1942.17,Starter,SMB_Inside,Outbound,2023-05-28,2023-08-27,0,0.21,3.1,1,0.0,0.0,336,0.0,0.0,0.0,0.0,0,0.0,0.0,0.0,0.0,0.0,0.0,0.0,0.0,0.0,0.0,0.0,0.0
C100741,Company_741,Spain,Europe,1,Retail,51-200,28111.8,Growth,MidMarket,SelfServe,2023-11-01,2024-11-01,0,0.16,7.7,0,1085.0,3.2291666666666665,336,385.0,1.1458333333333333,7266.486762273078,21.626448697241305,695,4636.93,390.0,2629.556762273078,1.0,2.0,1.0,2.0,6.0,-0.0333333333333333,3.4566666666666666,10.616666666666667,5.0
C100742,Company_742,US,North America,0,Unknown,10-Jan,2766.24,Enterprise,SMB_Inside,Partner,2023-09-24,,1,0.25,5.0,0,3630.0,9.918032786885243,366,1298.0,3.546448087431694,11124.253181147313,30.394134374719435,1791,5575.15,1839.0,5549.103181147313,2.0,0.0,0.0,0.0,2.0,0.25,1.8,4.215,2.0
C100743,Company_743,France,Europe,1,Healthcare,10-Jan,2426.92,Growth,SMB_Field,Outbound,2024-03-29,,1,0.05,7.3,0,985.0,2.931547619047619,336,332.0,0.988095238095238,6518.5166874623155,19.400347284114034,349,2400.31,636.0,4118.206687462316,3.0,0.0,0.0,0.0,3.0,-0.3166666666666666,3.0400000000000005,17.393333333333334,3.0
C100744,Company_744,Australia,North America,0,Healthcare,10-Jan,2573.1,Starter,SMB_Inside,Outbound,2023-03-19,,1,0.14,3.3,0,388.0,1.0601092896174864,366,136.0,0.3715846994535519,5357.75699031218,14.6386803013994,175,2606.22,213.0,2751.5369903121805,0.0,0.0,0.0,0.0,0.0,0.0,0.0,0.0,0.0
C100745,Company_745,Spain,Europe,1,Unknown,10-Jan,1573.63,Starter,SMB_Inside,Outbound,2023-05-14,2023-11-13,0,0.42,4.7,1,0.0,0.0,336,0.0,0.0,0.0,0.0,0,0.0,0.0,0.0,1.0,0.0,0.0,0.0,1.0,-0.23,1.09,2.0,1.0
C100746,Company_746,Canada,North America,0,Unknown,Nov-50,7358.38,Starter,SMB_Inside,Inbound,2023-01-25,,1,0.27,6.9,0,364.0,0.994535519125683,366,121.0,0.3306010928961748,4848.749774694159,13.247950204082402,189,2445.8,175.0,2402.949774694159,1.0,0.0,0.0,0.0,1.0,-0.08,5.52,12.98,1.0
C100747,Company_747,Germany,Europe,1,Professional Services,1000+,278188.55,Growth,Enterprise,Outbound,2024-03-16,2025-03-17,0,0.27,1.3,0,1118.0,3.327380952380953,336,404.0,1.2023809523809523,7132.881413556503,21.228813730822925,468,2827.85,650.0,4305.031413556503,0.0,1.0,1.0,1.0,3.0,0.0466666666666666,2.1,4.586666666666667,3.0
C100748,Company_748,Germany,Europe,1,Unknown,Nov-50,8985.62,Growth,SMB_Inside,SelfServe,2023-09-15,,1,0.37,4.6,0,1349.0,4.0148809523809526,336,501.0,1.4910714285714286,9114.474066992218,27.12641091366731,718,4750.18,631.0,4364.294066992218,1.0,1.0,2.0,2.0,6.0,-0.31,3.483333333333333,12.223333333333334,5.0
C100749,Company_749,Spain,Europe,1,Logistics,1000+,376240.61,Growth,Enterprise,Partner,2023-07-20,,1,0.11,6.7,0,1337.0,3.9791666666666665,336,434.0,1.2916666666666667,9032.096790112506,26.88124044676341,718,4936.45,619.0,4095.6467901125066,1.0,1.0,1.0,4.0,7.0,-0.1385714285714285,6.078571428571428,11.89,6.0
C100750,Company_750,US,North America,0,Unknown,1000+,436228.49,Growth,Enterprise,Outbound,2023-11-27,2024-11-27,0,0.44,7.3,0,1276.0,3.4863387978142075,366,471.0,1.286885245901639,8917.130101712883,24.36374344730296,687,4991.52,589.0,3925.610101712883,0.0,0.0,0.0,0.0,0.0,0.0,0.0,0.0,0.0
C100751,Company_751,US,North America,0,Unknown,10-Jan,2072.6,Starter,SMB_Inside,Partner,2023-07-26,,1,0.28,4.2,0,338.0,0.9234972677595628,366,119.0,0.3251366120218579,4795.639678230885,13.102840650904056,163,2470.92,175.0,2324.7196782308847,1.0,0.0,0.0,0.0,1.0,-0.17,2.21,3.75,0.0
C100752,Company_752,Canada,North America,0,Unknown,10-Jan,2319.93,Growth,SMB_Inside,Outbound,2023-09-24,2024-09-24,0,0.09,3.2,0,1082.0,2.9562841530054644,366,370.0,1.010928961748634,7325.56924936152,20.01521652831016,737,4935.13,345.0,2390.43924936152,2.0,1.0,1.0,0.0,4.0,0.0125,7.98,22.9075,4.0
C100753,Company_753,Spain,Europe,1,Hospitality,51-200,31482.8,Growth,MidMarket,SelfServe,2023-05-16,,1,0.47,5.3,0,1369.0,4.074404761904762,336,510.0,1.5178571428571428,8976.796302137747,26.716655661124246,766,4757.85,603.0,4218.946302137747,1.0,1.0,2.0,0.0,4.0,-0.045,2.7,6.0225,4.0
C100754,Company_754,Spain,Europe,1,Wholesale,Nov-50,6641.49,Growth,SMB_Inside,Inbound,2023-11-24,2024-11-24,0,0.22,4.8,0,1153.0,3.431547619047619,336,404.0,1.2023809523809523,7802.066352348573,23.22043557246599,726,4744.59,427.0,3057.4763523485726,0.0,0.0,2.0,1.0,3.0,-0.05,2.49,6.513333333333333,3.0
C100755,Company_755,US,North America,0,Manufacturing,10-Jan,2469.42,Growth,SMB_Inside,Partner,2023-10-10,2024-10-10,0,0.07,5.0,0,1072.0,2.92896174863388,366,359.0,0.9808743169398908,7358.823843755625,20.10607607583504,693,4786.57,379.0,2572.253843755624,1.0,0.0,2.0,0.0,3.0,-0.2133333333333333,9.213333333333331,15.96,3.0
C100756,Company_756,Australia,North America,0,Ecommerce,201-1000,106015.45,Growth,Enterprise,Partner,2024-01-04,2025-01-04,0,0.2,3.5,0,1479.0,4.040983606557377,366,508.0,1.3879781420765027,9608.799301429925,26.2535500039069,723,4873.44,756.0,4735.359301429925,1.0,0.0,0.0,0.0,1.0,0.23,2.67,9.59,1.0
C100757,Company_757,Netherlands,Europe,1,Manufacturing,10-Jan,2533.11,Starter,SMB_Field,Inbound,2024-02-11,2024-05-12,0,0.23,6.9,1,82.0,0.244047619047619,336,38.0,0.1130952380952381,1177.38,3.5041071428571433,82,1177.38,0.0,0.0,1.0,0.0,0.0,1.0,2.0,-0.31,7.885,24.369999999999997,2.0
C100758,Company_758,Spain,Europe,1,Healthcare,Nov-50,7941.56,Starter,SMB_Inside,Outbound,2024-02-16,2024-08-17,0,0.09,7.3,0,176.0,0.5238095238095238,336,64.0,0.1904761904761904,2388.2269488477095,7.107818300141993,127,1659.43,49.0,728.7969488477097,0.0,1.0,0.0,0.0,1.0,0.32,1.36,18.58,1.0
C100759,Company_759,Australia,North America,0,Manufacturing,51-200,11293.83,Starter,MidMarket,Inbound,2023-01-30,2023-08-01,0,0.3,5.2,1,0.0,0.0,366,0.0,0.0,0.0,0.0,0,0.0,0.0,0.0,0.0,0.0,0.0,0.0,0.0,0.0,0.0,0.0,0.0
C100760,Company_760,UK,Europe,1,Wholesale,Nov-50,5244.89,Growth,SMB_Field,Inbound,2023-07-20,,1,0.32,9.6,0,1298.0,3.863095238095238,336,448.0,1.3333333333333333,8996.540704764046,26.775418764178703,701,4854.13,597.0,4142.410704764045,1.0,1.0,0.0,3.0,5.0,-0.1079999999999999,3.258,8.836,4.0
C100761,Company_761,Netherlands,Europe,1,Unknown,Nov-50,9008.04,Growth,SMB_Field,Partner,2023-01-27,,1,0.17,6.2,0,1406.0,4.184523809523809,336,483.0,1.4375,9332.632235121357,27.775691175956418,745,4903.16,661.0,4429.472235121355,0.0,1.0,0.0,0.0,1.0,0.28,0.1,0.82,1.0
C100762,Company_762,Australia,North America,0,Ecommerce,10-Jan,2952.97,Starter,SMB_Inside,Inbound,2023-11-08,2024-11-08,0,0.31,5.3,0,305.0,0.8333333333333334,366,116.0,0.3169398907103825,4127.065863346606,11.27613623865193,180,2448.96,125.0,1678.1058633466062,0.0,0.0,1.0,0.0,1.0,0.21,1.65,19.32,1.0
C100763,Company_763,Canada,North America,0,Ecommerce,201-1000,75312.37,Growth,Enterprise,Outbound,2023-10-27,,1,0.25,8.9,0,1524.0,4.163934426229508,366,533.0,1.4562841530054644,9878.91714185677,26.99157689031904,775,4939.62,749.0,4939.29714185677,1.0,0.0,1.0,0.0,2.0,0.03,4.705,19.040000000000003,2.0
C100764,Company_764,Spain,Europe,1,Unknown,51-200,15811.01,Enterprise,MidMarket,Outbound,2023-02-05,,1,0.28,6.6,0,3324.0,9.892857142857142,336,1186.0,3.5297619047619047,9993.896817484354,29.74374052822724,1816,5592.07,1508.0,4401.826817484354,2.0,0.0,0.0,4.0,6.0,-0.1316666666666666,2.6999999999999997,10.256666666666666,6.0
C100765,Company_765,Spain,Europe,1,Hospitality,1000+,239741.96,Enterprise,Enterprise,Inbound,2024-03-06,2025-03-07,0,0.16,6.5,0,2743.0,8.163690476190476,336,968.0,2.880952380952381,8219.32330339508,24.46227173629488,1206,3574.94,1537.0,4644.38330339508,2.0,2.0,2.0,1.0,7.0,0.1528571428571428,3.117142857142857,9.07,5.0
C100766,Company_766,Netherlands,Europe,1,Professional Services,10-Jan,1416.65,Starter,SMB_Inside,Inbound,2023-12-08,,1,0.18,6.5,0,331.0,0.9851190476190476,336,106.0,0.3154761904761904,4596.421673240973,13.679826408455275,186,2551.79,145.0,2044.6316732409737,0.0,0.0,0.0,0.0,0.0,0.0,0.0,0.0,0.0
C100767,Company_767,Australia,North America,0,Retail,51-200,15037.1,Enterprise,MidMarket,Inbound,2024-02-24,2025-02-24,0,0.31,7.6,0,3186.0,8.704918032786885,366,1145.0,3.128415300546448,9294.856324814384,25.395782308236026,1277,3781.04,1909.0,5513.816324814384,4.0,0.0,1.0,3.0,8.0,0.21625,2.7725,11.97125,8.0
C100768,Company_768,France,Europe,1,Ecommerce,51-200,35332.79,Growth,MidMarket,Partner,2023-05-03,,1,0.06,6.6,0,1361.0,4.050595238095238,336,476.0,1.4166666666666667,9007.497530300552,26.808028363989735,756,4811.38,605.0,4196.117530300553,0.0,1.0,0.0,0.0,1.0,-0.16,18.86,21.84,1.0
C100769,Company_769,UK,Europe,1,Hospitality,51-200,31363.54,Starter,MidMarket,Inbound,2023-07-25,2024-07-25,0,0.5,3.9,0,191.0,0.5684523809523809,336,73.0,0.2172619047619047,2674.8722796089846,7.960929403598168,170,2350.54,21.0,324.3322796089847,0.0,0.0,0.0,1.0,1.0,-0.5,6.19,16.81,1.0
C100770,Company_770,US,North America,0,Unknown,10-Jan,2134.97,Starter,SMB_Inside,SelfServe,2023-12-05,,1,0.15,4.0,0,366.0,1.0,366,126.0,0.3442622950819672,4912.958704532571,13.42338443861358,162,2291.44,204.0,2621.518704532571,0.0,0.0,0.0,0.0,0.0,0.0,0.0,0.0,0.0
C100771,Company_771,Australia,North America,0,Unknown,10-Jan,1142.9,Starter,SMB_Field,SelfServe,2023-04-13,2024-04-13,0,0.15,6.7,1,106.0,0.2896174863387978,366,34.0,0.0928961748633879,1511.89,4.13084699453552,106,1511.89,0.0,0.0,0.0,0.0,0.0,0.0,0.0,0.0,0.0,0.0,0.0
C100772,Company_772,Germany,Europe,1,Unknown,10-Jan,1187.82,Starter,SMB_Inside,Outbound,2023-06-11,,1,0.04,6.0,0,336.0,1.0,336,113.0,0.3363095238095238,4782.15016763298,14.232589784621965,168,2449.43,168.0,2332.72016763298,1.0,1.0,0.0,1.0,3.0,-0.4766666666666667,1.8766666666666667,14.663333333333334,2.0
C100773,Company_773,US,North America,0,Healthcare,10-Jan,1535.69,Growth,SMB_Inside,Outbound,2023-07-08,2024-07-08,0,0.19,4.8,0,785.0,2.1448087431693987,366,281.0,0.76775956284153,5077.118874684718,13.871909493674094,756,4825.24,29.0,251.87887468471803,0.0,0.0,0.0,0.0,0.0,0.0,0.0,0.0,0.0
C100774,Company_774,US,North America,0,Unknown,Nov-50,4469.52,Growth,SMB_Field,Outbound,2023-12-11,,1,0.11,7.4,0,1511.0,4.128415300546448,366,505.0,1.3797814207650274,9817.594102826306,26.82402760335056,750,4951.84,761.0,4865.754102826306,0.0,0.0,1.0,2.0,3.0,-0.0333333333333333,9.566666666666666,17.066666666666666,3.0
C100775,Company_775,Australia,North America,0,Professional Services,10-Jan,1852.89,Growth,SMB_Inside,Inbound,2023-05-29,,1,0.07,7.4,0,1527.0,4.172131147540983,366,533.0,1.4562841530054644,10107.846663445376,27.617067386462775,793,5218.74,734.0,4889.106663445376,0.0,1.0,0.0,0.0,1.0,0.23,6.88,13.96,1.0
C100776,Company_776,Spain,Europe,1,Manufacturing,10-Jan,1453.74,Growth,SMB_Field,Inbound,2023-12-27,,1,0.18,9.7,0,1342.0,3.994047619047619,336,484.0,1.4404761904761905,8866.865396330928,26.389480346223,743,4768.57,599.0,4098.295396330927,0.0,0.0,5.0,1.0,6.0,-0.05,4.5249999999999995,13.341666666666669,5.0
C100777,Company_777,Netherlands,Europe,1,Unknown,51-200,34190.66,Growth,MidMarket,Outbound,2023-09-28,2024-09-28,0,0.14,2.2,0,976.0,2.9047619047619047,336,343.0,1.0208333333333333,6403.465263431555,19.057932331641535,723,4743.08,253.0,1660.3852634315551,1.0,3.0,0.0,0.0,4.0,-0.185,9.765,17.945,3.0
C100778,Company_778,Spain,Europe,1,Manufacturing,201-1000,40969.63,Enterprise,Enterprise,Outbound,2023-06-23,,1,0.06,6.5,0,3365.0,10.014880952380953,336,1148.0,3.4166666666666665,9844.492035209054,29.299083438122185,1872,5269.46,1493.0,4575.032035209054,1.0,0.0,0.0,0.0,1.0,0.03,3.82,11.26,1.0
C100779,Company_779,US,North America,0,Hospitality,51-200,22324.28,Enterprise,MidMarket,Inbound,2024-02-10,2025-02-10,0,0.19,7.3,0,3298.0,9.010928961748634,366,1200.0,3.278688524590164,9875.587318351812,26.9824790118902,1404,4300.69,1894.0,5574.897318351813,1.0,0.0,1.0,1.0,3.0,0.08,2.8533333333333335,12.92,3.0
C100780,Company_780,Canada,North America,0,Logistics,10-Jan,2666.42,Starter,SMB_Inside,Partner,2023-10-08,,1,0.16,5.5,0,371.0,1.0136612021857925,366,130.0,0.3551912568306011,5030.033925172833,13.743262090636156,187,2595.11,184.0,2434.9239251728327,0.0,0.0,0.0,1.0,1.0,0.52,4.11,12.04,1.0
C100781,Company_781,UK,Europe,1,Unknown,Nov-50,4289.75,Growth,SMB_Inside,SelfServe,2023-06-18,,1,0.04,7.2,0,1399.0,4.163690476190476,336,461.0,1.3720238095238095,9035.436724940344,26.89118072898912,762,4961.03,637.0,4074.4067249403433,4.0,0.0,2.0,1.0,7.0,-0.3857142857142857,3.732857142857142,14.294285714285715,7.0
C100782,Company_782,Netherlands,Europe,1,Unknown,51-200,18747.3,Growth,MidMarket,SelfServe,2023-05-02,,1,0.28,2.6,0,1338.0,3.982142857142857,336,482.0,1.4345238095238095,9104.102086716552,27.095541924751647,717,5101.92,621.0,4002.1820867165534,1.0,1.0,0.0,1.0,3.0,0.1066666666666666,3.4133333333333336,15.463333333333331,3.0
C100783,Company_783,Australia,North America,0,Wholesale,Nov-50,5878.79,Growth,SMB_Field,Partner,2023-10-02,2024-10-02,0,0.16,5.4,0,1089.0,2.9754098360655736,366,353.0,0.96448087431694,7547.042329940846,20.620334234811057,693,4859.72,396.0,2687.322329940846,3.0,0.0,1.0,0.0,4.0,-0.0925,4.4799999999999995,8.9375,4.0
C100784,Company_784,Canada,North America,0,Unknown,1000+,173044.76,Enterprise,Enterprise,SelfServe,2023-03-21,,1,0.22,5.6,0,3627.0,9.90983606557377,366,1237.0,3.379781420765027,10798.869476015718,29.505107857966443,1787,5327.0199999999995,1840.0,5471.849476015717,1.0,0.0,1.0,0.0,2.0,0.035,1.625,10.67,2.0
C100785,Company_785,Netherlands,Europe,1,Wholesale,1000+,223702.72,Starter,Enterprise,SelfServe,2023-10-21,2024-10-21,0,0.02,8.8,0,282.0,0.8392857142857143,336,94.0,0.2797619047619047,3797.64794175871,11.302523636186638,200,2622.67,82.0,1174.97794175871,1.0,0.0,0.0,0.0,1.0,-0.54,2.28,4.98,0.0
C100786,Company_786,Spain,Europe,1,Unknown,10-Jan,1605.5,Starter,SMB_Inside,SelfServe,2024-03-07,2024-09-06,0,0.07,7.0,0,184.0,0.5476190476190477,336,67.0,0.1994047619047619,2369.4617357589063,7.051969451663412,122,1646.15,62.0,723.3117357589061,1.0,0.0,0.0,0.0,1.0,-0.13,3.38,18.15,1.0
C100787,Company_787,France,Europe,1,Unknown,51-200,35264.98,Growth,MidMarket,Partner,2023-12-26,2024-06-26,0,0.41,5.5,1,711.0,2.1160714285714284,336,239.0,0.7113095238095238,4769.8,14.195833333333336,711,4769.8,0.0,0.0,2.0,1.0,0.0,1.0,4.0,-0.41,8.5725,18.9925,4.0
C100788,Company_788,UK,Europe,1,Logistics,10-Jan,1050.74,Starter,SMB_Inside,Outbound,2023-01-30,,1,0.08,7.8,0,331.0,0.9851190476190476,336,107.0,0.3184523809523809,4566.245854819727,13.590017425058711,183,2605.02,148.0,1961.2258548197276,0.0,0.0,1.0,0.0,1.0,0.23,0.68,6.37,1.0
C100789,Company_789,Canada,North America,0,Professional Services,10-Jan,1051.61,Starter,SMB_Field,Inbound,2024-01-25,,1,0.13,7.8,0,360.0,0.9836065573770492,366,135.0,0.3688524590163934,5095.1701845536745,13.921230012441734,165,2368.25,195.0,2726.9201845536745,0.0,0.0,0.0,0.0,0.0,0.0,0.0,0.0,0.0
C100790,Company_790,US,North America,0,Unknown,201-1000,78507.84,Enterprise,Enterprise,Partner,2023-08-23,2024-08-23,0,0.35,5.5,0,2301.0,6.286885245901639,366,832.0,2.273224043715847,7239.954563776992,19.78129662234151,1761,5517.26,540.0,1722.6945637769925,0.0,2.0,1.0,4.0,7.0,-0.0371428571428571,1.3642857142857143,10.794285714285715,7.0
C100791,Company_791,UK,Europe,1,Ecommerce,201-1000,138060.06,Enterprise,Enterprise,Outbound,2023-05-07,,1,0.06,5.1,0,3409.0,10.145833333333334,336,1205.0,3.5863095238095237,10060.161565089124,29.94095703895573,1832,5560.04,1577.0,4500.121565089125,1.0,2.0,0.0,1.0,4.0,-0.1625,1.24,10.26,4.0
C100792,Company_792,Canada,North America,0,Unknown,Nov-50,9186.81,Growth,SMB_Inside,SelfServe,2023-09-07,2024-09-07,0,0.41,3.1,0,1036.0,2.830601092896175,366,348.0,0.9508196721311476,6860.261460293026,18.74388377129242,734,5002.74,302.0,1857.5214602930257,0.0,1.0,3.0,0.0,4.0,-0.23,9.4775,15.775,4.0
C100793,Company_793,UK,Europe,1,Professional Services,10-Jan,1140.47,Starter,SMB_Inside,Inbound,2023-03-10,,1,0.22,4.0,0,305.0,0.9077380952380952,336,89.0,0.2648809523809524,4542.399269940431,13.51904544625128,163,2426.24,142.0,2116.1592699404305,0.0,0.0,1.0,0.0,1.0,-0.43,11.99,16.44,1.0
C100794,Company_794,Germany,Europe,1,Manufacturing,51-200,27737.29,Growth,MidMarket,Inbound,2023-04-02,,1,0.15,7.1,0,1306.0,3.886904761904762,336,488.0,1.4523809523809523,9058.686839092014,26.96037749729766,701,4911.68,605.0,4147.006839092013,0.0,0.0,0.0,0.0,0.0,0.0,0.0,0.0,0.0
C100795,Company_795,France,Europe,1,Hospitality,10-Jan,2862.53,Starter,SMB_Inside,Partner,2023-09-11,,1,0.27,5.9,0,301.0,0.8958333333333334,336,108.0,0.3214285714285714,4638.112525867276,13.803906326985942,169,2594.29,132.0,2043.8225258672765,0.0,0.0,0.0,0.0,0.0,0.0,0.0,0.0,0.0
C100796,Company_796,France,Europe,1,Wholesale,51-200,31204.58,Growth,MidMarket,Inbound,2023-04-07,,1,0.06,8.0,0,1286.0,3.827380952380953,336,448.0,1.3333333333333333,8788.147475539525,26.15520082005811,684,4618.89,602.0,4169.257475539525,1.0,0.0,1.0,0.0,2.0,-0.31,0.98,11.52,2.0
C100797,Company_797,France,Europe,1,Manufacturing,51-200,21051.24,Growth,MidMarket,Inbound,2023-04-30,,1,0.06,6.2,0,1428.0,4.25,336,477.0,1.4196428571428572,9279.850245825388,27.61860192209937,775,5115.85,653.0,4164.000245825388,1.0,0.0,0.0,0.0,1.0,0.42,0.15,17.9,1.0
C100798,Company_798,UK,Europe,1,Professional Services,51-200,27981.38,Enterprise,MidMarket,Partner,2023-11-26,2024-11-26,0,0.24,6.5,0,3042.0,9.053571428571429,336,1048.0,3.119047619047619,8840.520099161864,26.311071723696024,1818,5419.77,1224.0,3420.750099161863,1.0,1.0,2.0,2.0,6.0,-0.045,1.893333333333333,6.491666666666667,6.0
C100799,Company_799,Germany,Europe,1,Wholesale,Nov-50,3092.88,Starter,SMB_Field,Outbound,2023-01-15,,1,0.03,8.0,0,324.0,0.9642857142857144,336,117.0,0.3482142857142857,4439.944121247941,13.214119408476016,160,2346.07,164.0,2093.8741212479413,1.0,1.0,0.0,0.0,2.0,-0.0249999999999999,5.425000000000001,15.98,2.0
C100800,Company_800,Canada,North America,0,Retail,Nov-50,8382.65,Growth,SMB_Inside,Partner,2023-01-19,,1,0.26,6.5,0,1438.0,3.92896174863388,366,460.0,1.2568306010928962,9713.813778070456,26.54047480347119,701,4829.18,737.0,4884.633778070457,2.0,0.0,0.0,1.0,3.0,0.1033333333333333,4.026666666666666,11.02,3.0
C100801,Company_801,Netherlands,Europe,1,Unknown,51-200,20590.73,Enterprise,MidMarket,SelfServe,2024-02-12,2025-02-12,0,0.17,6.6,0,3017.0,8.979166666666666,336,1074.0,3.1964285714285716,8607.589881348596,25.617827027823203,1445,4044.88,1572.0,4562.709881348597,1.0,2.0,0.0,0.0,3.0,0.0133333333333333,2.8433333333333333,8.136666666666667,3.0
C100802,Company_802,Germany,Europe,1,Logistics,10-Jan,2871.09,Starter,SMB_Field,SelfServe,2024-03-03,2024-09-02,0,0.21,3.9,0,192.0,0.5714285714285714,336,67.0,0.1994047619047619,2640.739587513809,7.859344010457765,122,1763.99,70.0,876.7495875138092,0.0,0.0,0.0,0.0,0.0,0.0,0.0,0.0,0.0
C100803,Company_803,Germany,Europe,1,Hospitality,51-200,33269.64,Enterprise,MidMarket,Outbound,2024-01-25,2024-07-26,0,0.13,5.9,0,1824.0,5.428571428571429,336,641.0,1.9077380952380951,5667.081632181361,16.866314381492145,1572,4782.19,252.0,884.891632181361,1.0,0.0,2.0,0.0,3.0,-0.2133333333333333,2.256666666666667,13.366666666666667,3.0
C100804,Company_804,Canada,North America,0,Professional Services,51-200,33144.55,Enterprise,MidMarket,Partner,2023-04-23,,1,0.1,9.7,0,3680.0,10.05464480874317,366,1305.0,3.5655737704918034,10954.899797758051,29.93142021245369,1782,5410.21,1898.0,5544.689797758052,0.0,0.0,0.0,2.0,2.0,-0.13,2.3600000000000003,4.03,2.0
C100805,Company_805,Canada,North America,0,Professional Services,51-200,28641.54,Growth,MidMarket,Outbound,2023-10-02,2024-10-02,0,0.3,6.3,0,1093.0,2.9863387978142075,366,394.0,1.0765027322404372,7137.232432191092,19.5006350606314,738,4740.85,355.0,2396.3824321910915,0.0,0.0,1.0,2.0,3.0,-0.1933333333333333,9.343333333333334,13.086666666666666,3.0
C100806,Company_806,Netherlands,Europe,1,Professional Services,51-200,16262.38,Growth,MidMarket,Outbound,2024-03-22,2024-09-21,0,0.1,6.8,0,664.0,1.9761904761904765,336,225.0,0.6696428571428571,4370.48396397485,13.007392749925147,421,2736.47,243.0,1634.0139639748495,0.0,0.0,2.0,0.0,2.0,-0.1099999999999999,2.7249999999999996,6.955,2.0
C100807,Company_807,UK,Europe,1,Wholesale,Nov-50,4396.08,Enterprise,SMB_Inside,Partner,2023-11-30,2024-11-30,0,0.19,6.8,0,3064.0,9.11904761904762,336,1089.0,3.2410714285714284,9153.20427358503,27.241679385669737,1866,5429.9,1198.0,3723.30427358503,1.0,1.0,1.0,3.0,6.0,0.0666666666666666,2.19,14.275,5.0
C100808,Company_808,UK,Europe,1,Retail,10-Jan,1377.34,Growth,SMB_Inside,SelfServe,2024-02-25,2024-08-26,0,0.03,7.5,0,690.0,2.0535714285714284,336,247.0,0.7351190476190477,4829.782773422771,14.374353492329677,484,3259.71,206.0,1570.0727734227714,0.0,0.0,0.0,0.0,0.0,0.0,0.0,0.0,0.0
C100809,Company_809,UK,Europe,1,Wholesale,10-Jan,1512.09,Growth,SMB_Inside,Inbound,2023-01-31,2023-08-02,0,0.1,7.3,1,0.0,0.0,336,0.0,0.0,0.0,0.0,0,0.0,0.0,0.0,0.0,1.0,0.0,0.0,1.0,0.15,10.43,10.55,1.0
C100810,Company_810,Spain,Europe,1,Ecommerce,Nov-50,9599.4,Growth,SMB_Field,Outbound,2023-06-22,,1,0.11,6.2,0,1366.0,4.065476190476191,336,445.0,1.324404761904762,9449.337239834873,28.123027499508545,729,5170.47,637.0,4278.86723983487,1.0,1.0,0.0,0.0,2.0,-0.2799999999999999,8.375,8.92,2.0
C100811,Company_811,Germany,Europe,1,Manufacturing,Nov-50,3135.23,Growth,SMB_Inside,Outbound,2023-05-08,,1,0.5,4.4,0,1329.0,3.955357142857143,336,481.0,1.431547619047619,9072.855731298923,27.002546819342033,721,4917.29,608.0,4155.565731298922,1.0,1.0,0.0,0.0,2.0,-0.355,5.055,5.475,2.0
C100812,Company_812,Germany,Europe,1,Hospitality,Nov-50,5299.56,Enterprise,SMB_Inside,Inbound,2023-09-05,2024-09-05,0,0.08,6.4,0,2437.0,7.252976190476191,336,845.0,2.514880952380953,7373.667422968848,21.945438758835856,1774,5552.23,663.0,1821.437422968848,1.0,1.0,1.0,1.0,4.0,-0.1275,1.42,12.105,4.0
C100813,Company_813,Spain,Europe,1,Professional Services,10-Jan,2348.4,Starter,SMB_Inside,Partner,2023-02-05,,1,0.13,4.5,0,336.0,1.0,336,107.0,0.3184523809523809,4403.341183682237,13.105182094292372,187,2488.3,149.0,1915.0411836822368,0.0,0.0,0.0,0.0,0.0,0.0,0.0,0.0,0.0
C100814,Company_814,Germany,Europe,1,Unknown,51-200,29011.96,Growth,MidMarket,SelfServe,2023-04-06,,1,0.08,5.9,0,1358.0,4.041666666666667,336,448.0,1.3333333333333333,9096.522972165616,27.07298503620719,747,4890.84,611.0,4205.682972165615,2.0,2.0,1.0,1.0,6.0,0.21,5.706666666666667,9.748333333333331,6.0
C100815,Company_815,Germany,Europe,1,Wholesale,Nov-50,6206.47,Starter,SMB_Inside,Inbound,2023-11-16,2024-11-16,0,0.28,6.5,0,296.0,0.8809523809523809,336,110.0,0.3273809523809524,3982.4396791288423,11.852499045026317,180,2529.82,116.0,1452.6196791288426,0.0,1.0,0.0,0.0,1.0,0.34,1.72,10.99,1.0
C100816,Company_816,UK,Europe,1,Unknown,Nov-50,8617.16,Enterprise,SMB_Field,Partner,2024-03-05,2024-09-04,0,0.06,6.6,0,1821.0,5.419642857142857,336,628.0,1.869047619047619,5076.450324849759,15.108483109671903,1177,3256.02,644.0,1820.4303248497592,0.0,0.0,0.0,1.0,1.0,0.22,3.64,5.16,1.0
C100817,Company_817,US,North America,0,Retail,51-200,28087.26,Growth,MidMarket,Partner,2023-03-22,,1,0.04,6.0,0,1470.0,4.016393442622951,366,490.0,1.3387978142076502,9773.489912470232,26.703524351011566,709,4788.86,761.0,4984.629912470234,0.0,0.0,0.0,1.0,1.0,0.16,2.76,4.62,1.0
C100818,Company_818,Netherlands,Europe,1,Hospitality,10-Jan,2131.64,Starter,SMB_Inside,Inbound,2023-12-19,,1,0.03,6.0,0,331.0,0.9851190476190476,336,108.0,0.3214285714285714,4259.682859765319,12.677627558825357,174,2390.43,157.0,1869.2528597653195,0.0,0.0,0.0,0.0,0.0,0.0,0.0,0.0,0.0
C100819,Company_819,Australia,North America,0,Professional Services,Nov-50,8897.35,Starter,SMB_Inside,Partner,2023-09-25,2024-09-25,0,0.32,8.6,0,253.0,0.6912568306010929,366,81.0,0.221311475409836,3587.539428259905,9.80202029579209,181,2485.17,72.0,1102.369428259905,0.0,0.0,0.0,0.0,0.0,0.0,0.0,0.0,0.0
C100820,Company_820,France,Europe,1,Healthcare,10-Jan,1034.94,Enterprise,SMB_Inside,Outbound,2023-09-04,2023-12-04,0,0.07,5.0,1,0.0,0.0,336,0.0,0.0,0.0,0.0,0,0.0,0.0,0.0,1.0,1.0,1.0,4.0,7.0,-0.1671428571428571,1.4028571428571428,7.787142857142856,6.0
C100821,Company_821,Australia,North America,0,Unknown,201-1000,89513.67,Growth,Enterprise,SelfServe,2023-05-20,,1,0.09,9.0,0,1443.0,3.942622950819672,366,500.0,1.366120218579235,9882.595486274506,27.001627011678977,723,4995.41,720.0,4887.185486274506,0.0,0.0,0.0,0.0,0.0,0.0,0.0,0.0,0.0
C100822,Company_822,Germany,Europe,1,Retail,51-200,39425.3,Starter,MidMarket,SelfServe,2023-09-11,2024-09-11,0,0.22,7.7,0,224.0,0.6666666666666666,336,78.0,0.2321428571428571,3241.2076858539076,9.646451445993772,174,2480.55,50.0,760.6576858539078,1.0,0.0,0.0,1.0,2.0,-0.0499999999999999,6.76,13.89,2.0
C100823,Company_823,Netherlands,Europe,1,Unknown,51-200,26364.64,Enterprise,MidMarket,Partner,2023-05-28,,1,0.23,6.8,0,3254.0,9.68452380952381,336,1108.0,3.297619047619047,10031.090154241503,29.854434982861616,1774,5394.99,1480.0,4636.100154241503,1.0,0.0,0.0,2.0,3.0,-0.0533333333333333,1.26,3.1333333333333333,3.0
C100824,Company_824,Netherlands,Europe,1,Retail,201-1000,130504.03,Growth,Enterprise,SelfServe,2023-08-18,2024-08-18,0,0.3,5.2,0,838.0,2.494047619047619,336,284.0,0.8452380952380952,6055.620606264138,18.022680375786123,676,4751.37,162.0,1304.2506062641376,1.0,0.0,1.0,1.0,3.0,-0.2033333333333333,9.286666666666669,14.746666666666668,2.0
C100825,Company_825,Germany,Europe,1,Unknown,51-200,25902.65,Enterprise,MidMarket,Inbound,2023-10-29,2024-10-29,0,0.1,6.7,0,2707.0,8.056547619047619,336,939.0,2.794642857142857,8176.711196515771,24.33544998963027,1821,5473.99,886.0,2702.7211965157708,1.0,0.0,1.0,0.0,2.0,0.03,0.29,15.96,2.0
C100826,Company_826,France,Europe,1,Retail,10-Jan,2860.85,Starter,SMB_Inside,Outbound,2024-03-23,2024-09-22,0,0.19,7.4,0,170.0,0.5059523809523809,336,54.0,0.1607142857142857,2235.088897579933,6.652050290416467,99,1321.31,71.0,913.7788975799332,0.0,0.0,0.0,0.0,0.0,0.0,0.0,0.0,0.0
C100827,Company_827,UK,Europe,1,Retail,1000+,415325.73,Enterprise,Enterprise,Inbound,2023-07-18,,1,0.36,2.0,0,3338.0,9.93452380952381,336,1159.0,3.449404761904762,9922.53072505034,29.531341443602205,1726,5405.24,1612.0,4517.290725050341,2.0,0.0,3.0,3.0,8.0,-0.11375,2.7525,6.452500000000001,8.0
C100828,Company_828,Australia,North America,0,Hospitality,Nov-50,7389.97,Growth,SMB_Field,Partner,2023-10-11,2024-10-11,0,0.29,6.2,0,1136.0,3.1038251366120218,366,401.0,1.0956284153005464,7586.658579709858,20.72857535439852,711,4702.65,425.0,2884.0085797098573,1.0,1.0,1.0,1.0,4.0,-0.0174999999999999,2.285,7.92,3.0
C100829,Company_829,Canada,North America,0,Hospitality,Nov-50,6782.06,Starter,SMB_Field,Inbound,2023-06-18,,1,0.2,4.9,0,354.0,0.9672131147540984,366,113.0,0.3087431693989071,4944.414118352472,13.509328192219868,182,2387.1,172.0,2557.3141183524717,1.0,0.0,0.0,0.0,1.0,-0.24,5.67,8.94,1.0
C100830,Company_830,Canada,North America,0,Manufacturing,Nov-50,8327.77,Growth,SMB_Inside,Partner,2024-01-29,2025-01-29,0,0.21,6.8,0,1297.0,3.5437158469945356,366,437.0,1.1939890710382517,8900.660829598677,24.31874543606196,562,4153.95,735.0,4746.710829598677,2.0,1.0,1.0,0.0,4.0,-0.185,8.025,21.8425,3.0
C100831,Company_831,Australia,North America,0,Retail,10-Jan,1616.71,Starter,SMB_Inside,Outbound,2023-10-05,2024-10-05,0,0.18,5.3,0,281.0,0.76775956284153,366,105.0,0.2868852459016393,4015.97528186796,10.972610059748524,177,2389.74,104.0,1626.23528186796,1.0,0.0,0.0,0.0,1.0,-0.32,0.19,7.7,1.0
C100832,Company_832,Canada,North America,0,Healthcare,Nov-50,5647.06,Growth,SMB_Inside,SelfServe,2023-04-20,,1,0.05,5.7,0,1364.0,3.726775956284153,366,489.0,1.3360655737704918,9410.92103437642,25.712899001028468,685,4777.86,679.0,4633.06103437642,1.0,0.0,1.0,0.0,2.0,0.095,7.33,10.535,2.0
C100833,Company_833,UK,Europe,1,Ecommerce,Nov-50,9799.81,Starter,SMB_Inside,SelfServe,2023-11-01,,1,0.2,10.0,0,348.0,1.0357142857142858,336,118.0,0.3511904761904761,4748.3111323215235,14.131878370004534,190,2756.47,158.0,1991.841132321524,0.0,1.0,1.0,0.0,2.0,0.205,7.125,38.765,2.0
C100834,Company_834,UK,Europe,1,Healthcare,Nov-50,3301.02,Growth,SMB_Inside,Outbound,2024-02-13,2025-02-13,0,0.19,8.0,0,1156.0,3.4404761904761907,336,430.0,1.2797619047619049,7728.9762587692785,23.002905532051425,554,3726.71,602.0,4002.266258769279,1.0,1.0,0.0,0.0,2.0,-0.0349999999999999,2.365,7.949999999999999,1.0
C100835,Company_835,US,North America,0,Hospitality,51-200,34649.4,Growth,MidMarket,Inbound,2023-06-27,2024-06-27,0,0.06,5.9,1,692.0,1.8907103825136613,366,237.0,0.6475409836065574,4733.7,12.933606557377049,692,4733.7,0.0,0.0,0.0,0.0,1.0,0.0,1.0,0.08,12.4,13.35,1.0
C100836,Company_836,France,Europe,1,Healthcare,10-Jan,2562.98,Starter,SMB_Inside,SelfServe,2023-07-30,,1,0.23,6.2,0,364.0,1.0833333333333333,336,138.0,0.4107142857142857,4689.215973860337,13.955999922203384,202,2578.91,162.0,2110.305973860337,0.0,0.0,0.0,0.0,0.0,0.0,0.0,0.0,0.0
C100837,Company_837,France,Europe,1,Ecommerce,Nov-50,5345.77,Growth,SMB_Inside,Partner,2024-01-18,2025-01-18,0,0.14,6.2,0,1300.0,3.869047619047619,336,473.0,1.4077380952380951,8571.084660929675,25.509180538481175,656,4427.99,644.0,4143.094660929674,0.0,0.0,0.0,2.0,2.0,0.045,6.155,11.0,2.0
C100838,Company_838,Spain,Europe,1,Unknown,201-1000,112185.08,Growth,Enterprise,Outbound,2023-05-23,,1,0.03,8.7,0,1375.0,4.092261904761905,336,483.0,1.4375,8990.397428962675,26.757135205246055,730,4826.2,645.0,4164.197428962676,1.0,0.0,1.0,0.0,2.0,0.245,4.875,8.41,2.0
C100839,Company_839,Netherlands,Europe,1,Hospitality,10-Jan,1050.01,Growth,SMB_Field,Inbound,2023-07-09,2024-07-09,0,0.08,6.5,0,773.0,2.300595238095238,336,257.0,0.7648809523809523,5047.606798947521,15.02263928258191,738,4797.76,35.0,249.84679894752108,1.0,0.0,0.0,1.0,2.0,-0.195,5.175,18.215,1.0
C100840,Company_840,Canada,North America,0,Unknown,10-Jan,1900.06,Starter,SMB_Field,Partner,2023-10-15,,1,0.08,5.9,0,380.0,1.0382513661202186,366,136.0,0.3715846994535519,4955.60105911067,13.539893604127514,177,2500.79,203.0,2454.8110591106697,0.0,0.0,0.0,0.0,0.0,0.0,0.0,0.0,0.0
C100841,Company_841,Netherlands,Europe,1,Logistics,Nov-50,8747.87,Growth,SMB_Inside,Inbound,2023-02-01,2024-02-02,0,0.43,4.0,1,146.0,0.4345238095238095,336,55.0,0.1636904761904762,889.04,2.645952380952381,146,889.04,0.0,0.0,0.0,0.0,1.0,0.0,1.0,0.26,4.57,19.78,0.0
C100842,Company_842,Germany,Europe,1,Manufacturing,10-Jan,1337.04,Starter,SMB_Field,SelfServe,2023-02-19,,1,0.04,8.1,0,352.0,1.0476190476190477,336,126.0,0.375,4692.553274838725,13.965932365591444,197,2776.18,155.0,1916.373274838725,0.0,0.0,0.0,0.0,0.0,0.0,0.0,0.0,0.0
C100843,Company_843,UK,Europe,1,Unknown,51-200,30643.42,Growth,MidMarket,SelfServe,2023-02-21,,1,0.16,5.5,0,1340.0,3.988095238095238,336,459.0,1.3660714285714286,9086.568919023486,27.04335987804609,734,4845.7,606.0,4240.868919023486,0.0,0.0,0.0,0.0,0.0,0.0,0.0,0.0,0.0
C100844,Company_844,UK,Europe,1,Unknown,Nov-50,8690.33,Starter,SMB_Inside,SelfServe,2023-01-21,,1,0.09,7.1,0,336.0,1.0,336,122.0,0.3630952380952381,4756.880475370856,14.157382367175169,188,2576.09,148.0,2180.7904753708567,1.0,1.0,0.0,0.0,2.0,-0.2299999999999999,8.525,15.875,2.0
C100845,Company_845,Spain,Europe,1,Logistics,Nov-50,9490.22,Growth,SMB_Field,Inbound,2023-01-31,,1,0.25,6.8,0,1394.0,4.148809523809524,336,492.0,1.4642857142857142,9042.849231550066,26.913241760565672,729,4840.91,665.0,4201.939231550067,0.0,0.0,0.0,2.0,2.0,-0.3,9.125,10.975,2.0
C100846,Company_846,UK,Europe,1,Retail,10-Jan,1412.29,Growth,SMB_Field,Outbound,2023-06-11,,1,0.08,5.6,0,1339.0,3.985119047619047,336,465.0,1.3839285714285714,8888.398323448202,26.453566438833935,734,4871.34,605.0,4017.0583234482015,1.0,1.0,0.0,1.0,3.0,-0.13,13.393333333333333,16.226666666666667,2.0
C100847,Company_847,UK,Europe,1,Logistics,51-200,15801.48,Growth,MidMarket,Outbound,2023-06-30,,1,0.15,2.7,0,1399.0,4.163690476190476,336,467.0,1.3898809523809523,9145.665467107512,27.2192424616295,748,4988.86,651.0,4156.8054671075115,0.0,0.0,1.0,0.0,1.0,-0.14,10.25,12.73,1.0
C100848,Company_848,UK,Europe,1,Unknown,Nov-50,5256.33,Growth,SMB_Inside,Inbound,2023-09-11,2024-09-11,0,0.19,7.0,0,973.0,2.8958333333333335,336,343.0,1.0208333333333333,6724.897809833836,20.014576814981655,710,4993.97,263.0,1730.927809833836,0.0,1.0,2.0,0.0,3.0,0.0966666666666666,2.97,7.076666666666667,3.0
C100849,Company_849,UK,Europe,1,Unknown,10-Jan,1798.6,Starter,SMB_Inside,SelfServe,2023-09-02,2023-12-02,0,0.35,8.4,1,0.0,0.0,336,0.0,0.0,0.0,0.0,0,0.0,0.0,0.0,0.0,0.0,0.0,1.0,1.0,0.27,1.78,8.49,1.0
C100850,Company_850,Spain,Europe,1,Professional Services,201-1000,138233.3,Enterprise,Enterprise,Inbound,2023-10-01,2024-10-01,0,0.13,6.7,0,2521.0,7.502976190476191,336,927.0,2.7589285714285716,7470.813769644188,22.234564790607703,1853,5578.5,668.0,1892.313769644188,3.0,2.0,0.0,1.0,6.0,-0.265,1.175,6.566666666666667,6.0
C100851,Company_851,UK,Europe,1,Professional Services,10-Jan,1438.53,Starter,SMB_Field,Inbound,2024-02-14,2024-05-15,0,0.24,7.0,1,81.0,0.2410714285714285,336,23.0,0.0684523809523809,1113.72,3.3146428571428572,81,1113.72,0.0,0.0,0.0,1.0,0.0,0.0,1.0,-0.26,2.4,17.47,1.0
C100852,Company_852,US,North America,0,Retail,51-200,36160.89,Enterprise,MidMarket,Partner,2023-07-14,2024-01-13,0,0.43,5.6,1,121.0,0.3306010928961748,366,39.0,0.1065573770491803,356.18,0.973169398907104,121,356.18,0.0,0.0,1.0,1.0,0.0,0.0,2.0,-0.145,3.97,9.405,2.0
C100853,Company_853,Netherlands,Europe,1,Hospitality,10-Jan,1060.38,Enterprise,SMB_Field,Partner,2023-12-13,,1,0.16,7.1,0,3282.0,9.767857142857142,336,1189.0,3.5386904761904763,10083.476663637415,30.010347213206593,1754,5481.1,1528.0,4602.376663637415,2.0,0.0,5.0,2.0,9.0,-0.1088888888888888,1.7144444444444444,8.845555555555556,8.0
C100854,Company_854,Australia,North America,0,Manufacturing,Nov-50,4695.65,Growth,SMB_Inside,Inbound,2023-10-30,2024-10-30,0,0.11,7.1,0,1212.0,3.3114754098360657,366,436.0,1.1912568306010929,8018.650593860188,21.908881403989582,731,4805.76,481.0,3212.890593860187,1.0,0.0,1.0,0.0,2.0,-0.005,2.52,7.1049999999999995,2.0
C100855,Company_855,Netherlands,Europe,1,Hospitality,51-200,33351.87,Enterprise,MidMarket,Partner,2023-01-07,,1,0.19,7.3,0,3388.0,10.083333333333334,336,1155.0,3.4375,10083.979656040154,30.01184421440522,1794,5495.4,1594.0,4588.579656040155,1.0,3.0,3.0,3.0,10.0,-0.097,1.4460000000000002,5.852,10.0
C100856,Company_856,UK,Europe,1,Unknown,201-1000,123394.21,Growth,Enterprise,SelfServe,2023-03-11,,1,0.14,6.3,0,1369.0,4.074404761904762,336,484.0,1.4404761904761905,8902.317237726786,26.49499177894877,746,4715.89,623.0,4186.427237726785,0.0,0.0,2.0,1.0,3.0,0.2233333333333333,4.0,14.906666666666666,3.0
C100857,Company_857,Germany,Europe,1,Ecommerce,Nov-50,4924.79,Growth,SMB_Inside,Inbound,2023-12-19,2024-12-19,0,0.08,6.7,0,1243.0,3.699404761904762,336,407.0,1.2113095238095235,8399.389620442842,24.998183394175125,716,4633.83,527.0,3765.5596204428416,0.0,1.0,2.0,0.0,3.0,-0.0933333333333333,1.8,5.02,3.0
C100858,Company_858,UK,Europe,1,Wholesale,Nov-50,5070.69,Growth,SMB_Field,Inbound,2023-09-30,,1,0.23,7.3,0,1400.0,4.166666666666667,336,452.0,1.3452380952380951,9294.079478449054,27.66095082871742,768,5114.02,632.0,4180.059478449053,0.0,1.0,0.0,0.0,1.0,0.4,5.32,10.35,1.0
C100859,Company_859,UK,Europe,1,Wholesale,Nov-50,4592.6,Growth,SMB_Inside,SelfServe,2023-11-04,2024-11-04,0,0.21,6.8,0,1178.0,3.505952380952381,336,403.0,1.199404761904762,7674.831522993242,22.841760485098938,772,4836.22,406.0,2838.611522993242,0.0,1.0,1.0,0.0,2.0,-0.08,1.85,2.7849999999999997,2.0
C100860,Company_860,UK,Europe,1,Unknown,1000+,438059.91,Growth,Enterprise,Partner,2023-10-17,2024-10-17,0,0.24,5.7,0,1020.0,3.0357142857142856,336,367.0,1.0922619047619049,6853.898055501993,20.398506117565457,706,4724.49,314.0,2129.4080555019937,2.0,1.0,2.0,1.0,6.0,0.0383333333333333,4.083333333333333,11.75,6.0
C100861,Company_861,Australia,North America,0,Unknown,201-1000,115468.05,Enterprise,Enterprise,Inbound,2023-06-09,,1,0.03,7.8,0,3733.0,10.199453551912567,366,1283.0,3.5054644808743167,11211.808248930223,30.63335587139406,1846,5515.3,1887.0,5696.508248930225,0.0,2.0,0.0,1.0,3.0,0.0399999999999999,1.83,10.24,2.0
C100862,Company_862,France,Europe,1,Unknown,10-Jan,1654.63,Growth,SMB_Inside,Inbound,2024-02-28,2024-05-29,0,0.19,4.6,1,377.0,1.1220238095238095,336,146.0,0.4345238095238095,2401.43,7.147113095238095,377,2401.43,0.0,0.0,0.0,1.0,0.0,0.0,1.0,0.2,0.1,23.28,0.0
C100863,Company_863,Spain,Europe,1,Logistics,51-200,37414.44,Starter,MidMarket,Inbound,2023-12-18,2024-12-18,0,0.1,8.0,0,326.0,0.9702380952380952,336,121.0,0.3601190476190476,4008.846853205542,11.931091825016496,172,2377.15,154.0,1631.696853205542,0.0,1.0,0.0,0.0,1.0,0.09,19.28,23.65,1.0
C100864,Company_864,US,North America,0,Healthcare,51-200,22040.08,Enterprise,MidMarket,Partner,2023-05-25,,1,0.07,7.7,0,3590.0,9.808743169398907,366,1238.0,3.3825136612021858,10904.722306411046,29.794323241560235,1748,5422.42,1842.0,5482.302306411047,2.0,4.0,0.0,2.0,8.0,0.14625,1.5,9.10625,7.0
C100865,Company_865,Canada,North America,0,Professional Services,Nov-50,8423.05,Growth,SMB_Inside,Partner,2024-03-28,2024-09-27,0,0.23,6.1,0,753.0,2.057377049180328,366,269.0,0.7349726775956285,5046.360582127837,13.787870442972231,367,2536.0,386.0,2510.360582127837,0.0,0.0,0.0,1.0,1.0,0.13,2.17,2.68,1.0
C100866,Company_866,Canada,North America,0,Professional Services,10-Jan,2919.67,Starter,SMB_Inside,Inbound,2023-04-05,,1,0.13,4.2,0,364.0,0.994535519125683,366,123.0,0.3360655737704918,5054.210999298022,13.809319670213176,176,2526.38,188.0,2527.8309992980226,0.0,0.0,0.0,1.0,1.0,-0.17,1.16,2.31,1.0
C100867,Company_867,UK,Europe,1,Hospitality,201-1000,72616.05,Growth,Enterprise,Partner,2024-01-08,2024-07-09,0,0.43,4.1,0,732.0,2.1785714285714284,336,250.0,0.7440476190476191,4833.149428138976,14.384373298032669,696,4575.92,36.0,257.2294281389762,2.0,0.0,0.0,0.0,2.0,0.3,10.98,17.384999999999998,2.0
C100868,Company_868,US,North America,0,Retail,10-Jan,2114.44,Starter,SMB_Field,Partner,2023-01-12,,1,0.42,7.2,0,383.0,1.046448087431694,366,137.0,0.3743169398907104,5003.193086763881,13.66992646656798,176,2354.36,207.0,2648.8330867638806,0.0,0.0,2.0,0.0,2.0,0.435,0.245,2.135,2.0
C100869,Company_869,Germany,Europe,1,Manufacturing,Nov-50,7486.42,Enterprise,SMB_Inside,Inbound,2023-11-15,2024-11-15,0,0.29,3.7,0,2962.0,8.81547619047619,336,1043.0,3.1041666666666665,8843.685406885972,26.320492282398725,1880,5535.52,1082.0,3308.1654068859716,1.0,1.0,2.0,1.0,5.0,0.1299999999999999,4.74,9.196,5.0
C100870,Company_870,France,Europe,1,Hospitality,10-Jan,1063.58,Starter,SMB_Field,Partner,2023-03-14,,1,0.03,3.3,0,325.0,0.9672619047619048,336,118.0,0.3511904761904761,4508.597168796555,13.418443954751652,165,2393.03,160.0,2115.5671687965546,0.0,0.0,0.0,0.0,0.0,0.0,0.0,0.0,0.0
C100871,Company_871,Spain,Europe,1,Unknown,Nov-50,6835.1,Growth,SMB_Inside,SelfServe,2023-03-29,,1,0.32,5.7,0,1372.0,4.083333333333333,336,485.0,1.443452380952381,9168.688567424895,27.28776359352648,765,5028.09,607.0,4140.598567424897,2.0,1.0,0.0,0.0,3.0,0.0533333333333333,2.186666666666667,6.866666666666667,2.0
C100872,Company_872,Spain,Europe,1,Wholesale,Nov-50,8183.63,Starter,SMB_Field,Inbound,2023-08-22,2024-08-22,0,0.21,4.5,0,231.0,0.6875,336,78.0,0.2321428571428571,3155.92737654585,9.392641001624554,186,2496.0,45.0,659.92737654585,1.0,1.0,0.0,0.0,2.0,0.035,5.045,16.035,2.0
C100873,Company_873,UK,Europe,1,Unknown,51-200,19053.38,Starter,MidMarket,Outbound,2023-05-16,,1,0.2,6.4,0,345.0,1.0267857142857142,336,131.0,0.3898809523809524,4747.326655292574,14.128948378846948,188,2497.57,157.0,2249.7566552925746,0.0,0.0,0.0,2.0,2.0,-0.14,2.75,10.745,2.0
C100874,Company_874,Canada,North America,0,Hospitality,51-200,22736.84,Starter,MidMarket,SelfServe,2023-03-13,,1,0.2,7.5,0,381.0,1.040983606557377,366,147.0,0.4016393442622951,5179.869553983803,14.152649054600554,178,2609.02,203.0,2570.8495539838023,0.0,0.0,0.0,0.0,0.0,0.0,0.0,0.0,0.0
C100875,Company_875,Canada,North America,0,Unknown,10-Jan,2263.29,Starter,SMB_Inside,SelfServe,2023-02-25,2023-08-27,0,0.1,6.9,1,0.0,0.0,366,0.0,0.0,0.0,0.0,0,0.0,0.0,0.0,1.0,0.0,0.0,0.0,1.0,-0.24,3.25,15.54,1.0
C100876,Company_876,UK,Europe,1,Ecommerce,1000+,159892.65,Growth,Enterprise,Partner,2023-03-10,,1,0.36,5.1,0,1359.0,4.044642857142857,336,448.0,1.3333333333333333,8960.44150262759,26.66798066258211,724,4857.32,635.0,4103.1215026275895,0.0,0.0,1.0,0.0,1.0,0.33,0.89,37.71,1.0
C100877,Company_877,Canada,North America,0,Hospitality,10-Jan,1307.95,Starter,SMB_Field,Partner,2023-02-16,,1,0.5,6.7,0,354.0,0.9672131147540984,366,127.0,0.3469945355191257,5034.085950259389,13.754333197430023,184,2627.62,170.0,2406.4659502593895,0.0,0.0,0.0,0.0,0.0,0.0,0.0,0.0,0.0
C100878,Company_878,Spain,Europe,1,Hospitality,Nov-50,8862.64,Starter,SMB_Inside,Outbound,2024-01-11,2025-01-11,0,0.09,4.7,0,354.0,1.0535714285714286,336,130.0,0.3869047619047619,4705.750569421618,14.00521002804053,177,2509.91,177.0,2195.8405694216176,0.0,1.0,0.0,0.0,1.0,0.67,0.1,3.57,1.0
C100879,Company_879,US,North America,0,Logistics,10-Jan,2847.65,Starter,SMB_Inside,Inbound,2023-02-18,2024-02-19,0,0.28,4.8,1,44.0,0.1202185792349726,366,18.0,0.0491803278688524,727.8,1.9885245901639343,44,727.8,0.0,0.0,0.0,0.0,0.0,0.0,0.0,0.0,0.0,0.0,0.0
C100880,Company_880,Spain,Europe,1,Hospitality,10-Jan,2005.13,Growth,SMB_Inside,Inbound,2023-08-06,2024-08-06,0,0.08,7.7,0,850.0,2.5297619047619047,336,312.0,0.9285714285714286,5808.174415245842,17.286233378707863,707,4883.77,143.0,924.404415245842,0.0,1.0,1.0,0.0,2.0,0.105,8.73,14.595,2.0
C100881,Company_881,UK,Europe,1,Manufacturing,1000+,388867.67,Growth,Enterprise,Outbound,2023-02-19,,1,0.18,6.4,0,1402.0,4.1726190476190474,336,502.0,1.494047619047619,9379.112391772906,27.9140249755146,725,4988.92,677.0,4390.1923917729055,1.0,0.0,2.0,0.0,3.0,-0.2933333333333333,0.7233333333333333,3.5733333333333337,3.0
C100882,Company_882,Canada,North America,0,Unknown,Nov-50,5258.05,Growth,SMB_Field,SelfServe,2023-04-25,,1,0.05,6.2,0,1462.0,3.9945355191256833,366,525.0,1.4344262295081966,10004.016794248802,27.333379219259022,730,4970.98,732.0,5033.036794248802,1.0,0.0,0.0,0.0,1.0,-0.51,2.09,2.46,1.0
C100883,Company_883,UK,Europe,1,Ecommerce,1000+,181704.88,Starter,Enterprise,SelfServe,2023-10-08,,1,0.17,7.5,0,370.0,1.1011904761904765,336,128.0,0.3809523809523809,4785.871691070238,14.24366574723285,205,2572.2,165.0,2213.671691070238,0.0,0.0,0.0,0.0,0.0,0.0,0.0,0.0,0.0
C100884,Company_884,Australia,North America,0,Hospitality,51-200,39707.14,Growth,MidMarket,Partner,2024-03-14,2025-03-15,0,0.29,3.8,0,1158.0,3.1639344262295084,366,424.0,1.1584699453551912,7837.3372287696275,21.41348969609188,412,2795.76,746.0,5041.577228769627,0.0,0.0,1.0,1.0,2.0,0.035,5.76,21.4,2.0
C100885,Company_885,Spain,Europe,1,Unknown,Nov-50,3543.71,Growth,SMB_Inside,Outbound,2023-03-27,,1,0.18,7.4,0,1304.0,3.880952380952381,336,435.0,1.2946428571428572,8806.641364554456,26.210242156412072,737,4842.22,567.0,3964.421364554457,0.0,0.0,1.0,0.0,1.0,-0.19,2.58,7.08,1.0
C100886,Company_886,Canada,North America,0,Ecommerce,Nov-50,7185.19,Starter,SMB_Inside,Partner,2023-08-24,2024-08-24,0,0.47,3.3,0,243.0,0.6639344262295082,366,78.0,0.2131147540983606,3320.0528012887994,9.071182517182512,195,2612.34,48.0,707.7128012887994,1.0,0.0,0.0,1.0,2.0,0.2,3.48,8.425,2.0
C100887,Company_887,UK,Europe,1,Wholesale,Nov-50,7194.23,Starter,SMB_Inside,Partner,2023-09-30,2024-09-30,0,0.2,8.2,0,239.0,0.7113095238095238,336,83.0,0.2470238095238095,3318.0326086291375,9.87509704949148,193,2513.87,46.0,804.1626086291374,0.0,0.0,0.0,2.0,2.0,-0.265,5.444999999999999,9.68,2.0
C100888,Company_888,Canada,North America,0,Manufacturing,1000+,156003.09,Enterprise,Enterprise,SelfServe,2023-09-18,,1,0.06,3.5,0,3740.0,10.218579234972678,366,1341.0,3.663934426229509,10960.333669418951,29.94626685633594,1784,5543.08,1956.0,5417.253669418953,1.0,1.0,0.0,1.0,3.0,-0.2833333333333334,1.7933333333333332,14.133333333333336,3.0
C100889,Company_889,UK,Europe,1,Healthcare,10-Jan,1136.48,Enterprise,SMB_Inside,Outbound,2023-11-24,,1,0.38,6.2,0,3396.0,10.107142857142858,336,1210.0,3.6011904761904763,10140.237714478262,30.179278912137686,1839,5488.41,1557.0,4651.827714478263,0.0,1.0,0.0,2.0,3.0,-0.1,0.9333333333333336,7.333333333333333,3.0
C100890,Company_890,Australia,North America,0,Unknown,Nov-50,7633.42,Enterprise,SMB_Inside,Partner,2023-07-30,,1,0.1,7.2,0,3597.0,9.827868852459016,366,1207.0,3.297814207650273,11030.978238260384,30.13928480399012,1763,5486.98,1834.0,5543.998238260384,2.0,0.0,1.0,1.0,4.0,0.0525,2.97,12.695,4.0
C100891,Company_891,US,North America,0,Manufacturing,201-1000,94637.67,Growth,Enterprise,Outbound,2023-12-20,2024-12-20,0,0.31,5.5,0,1408.0,3.8469945355191255,366,528.0,1.4426229508196722,9375.961513421988,25.61738118421308,742,4779.36,666.0,4596.601513421987,0.0,0.0,1.0,0.0,1.0,0.28,5.92,19.71,1.0
C100892,Company_892,France,Europe,1,Unknown,Nov-50,4970.88,Growth,SMB_Field,Inbound,2023-04-15,,1,0.37,5.1,0,1322.0,3.9345238095238098,336,464.0,1.380952380952381,9094.758212555738,27.067732775463508,708,4925.15,614.0,4169.608212555739,0.0,0.0,0.0,0.0,0.0,0.0,0.0,0.0,0.0
C100893,Company_893,Australia,North America,0,Unknown,201-1000,41619.63,Enterprise,Enterprise,Inbound,2023-10-04,2024-10-04,0,0.13,6.1,0,2729.0,7.456284153005464,366,985.0,2.691256830601093,8088.387180141199,22.099418524975952,1735,5248.22,994.0,2840.167180141199,1.0,3.0,0.0,3.0,7.0,0.2228571428571428,2.11,18.46142857142857,6.0
C100894,Company_894,US,North America,0,Logistics,Nov-50,9098.91,Growth,SMB_Inside,Inbound,2024-02-13,2025-02-13,0,0.12,4.1,0,1318.0,3.601092896174863,366,461.0,1.2595628415300546,8772.369062886006,23.9682214832951,565,3862.05,753.0,4910.319062886006,1.0,1.0,1.0,1.0,4.0,-0.155,7.0024999999999995,12.6925,3.0
C100895,Company_895,Canada,North America,0,Professional Services,10-Jan,1373.74,Starter,SMB_Inside,Outbound,2023-02-05,2023-05-07,0,0.34,3.0,1,0.0,0.0,366,0.0,0.0,0.0,0.0,0,0.0,0.0,0.0,0.0,1.0,1.0,0.0,2.0,-0.07,0.885,13.345,2.0
C100896,Company_896,France,Europe,1,Unknown,10-Jan,2401.94,Growth,SMB_Inside,Outbound,2023-05-05,,1,0.33,6.8,0,1342.0,3.994047619047619,336,469.0,1.3958333333333333,8947.805635054907,26.63037391385389,723,4918.36,619.0,4029.445635054907,0.0,1.0,1.0,1.0,3.0,0.0433333333333333,2.143333333333333,4.8133333333333335,3.0
C100897,Company_897,France,Europe,1,Ecommerce,Nov-50,6935.98,Growth,SMB_Field,Inbound,2023-05-28,,1,0.02,7.5,0,1411.0,4.199404761904762,336,512.0,1.5238095238095235,8915.372120749724,26.533845597469416,788,4819.82,623.0,4095.552120749723,1.0,0.0,1.0,1.0,3.0,-0.1933333333333333,6.096666666666667,17.24,3.0
C100898,Company_898,US,North America,0,Unknown,Nov-50,6227.34,Growth,SMB_Inside,Partner,2024-03-15,2025-03-16,0,0.18,4.7,0,1200.0,3.278688524590164,366,423.0,1.1557377049180328,7920.456238181807,21.64059081470439,423,2962.45,777.0,4958.006238181807,2.0,0.0,1.0,0.0,3.0,-0.0499999999999999,8.196666666666667,20.596666666666668,3.0
C100899,Company_899,Germany,Europe,1,Unknown,10-Jan,2980.22,Growth,SMB_Inside,Inbound,2023-04-01,,1,0.08,6.5,0,1331.0,3.961309523809524,336,454.0,1.3511904761904765,9015.609172096034,26.83217015504772,734,4789.57,597.0,4226.039172096034,2.0,0.0,2.0,0.0,4.0,-0.3575,7.8525,14.3725,4.0
C100900,Company_900,US,North America,0,Unknown,10-Jan,1748.67,Starter,SMB_Inside,SelfServe,2024-03-24,,1,0.08,7.0,0,282.0,0.7704918032786885,366,91.0,0.2486338797814207,4060.432118088712,11.094076825378997,106,1471.78,176.0,2588.652118088712,0.0,1.0,1.0,0.0,2.0,-0.3899999999999999,0.815,14.85,2.0
C100901,Company_901,Australia,North America,0,Unknown,Nov-50,7897.94,Starter,SMB_Inside,Partner,2023-11-08,2024-11-08,0,0.26,7.9,0,299.0,0.8169398907103825,366,113.0,0.3087431693989071,4147.523104098074,11.332030339065778,175,2364.54,124.0,1782.9831040980746,0.0,0.0,0.0,0.0,0.0,0.0,0.0,0.0,0.0
C100902,Company_902,Canada,North America,0,Manufacturing,51-200,21272.78,Growth,MidMarket,Inbound,2024-03-22,2025-03-23,0,0.21,6.5,0,1156.0,3.158469945355191,366,401.0,1.0956284153005464,7498.027587781864,20.486414174267388,415,2686.49,741.0,4811.537587781864,0.0,0.0,0.0,1.0,1.0,-0.12,5.56,9.41,1.0
C100903,Company_903,Germany,Europe,1,Manufacturing,Nov-50,8480.7,Starter,SMB_Inside,Partner,2023-05-19,,1,0.26,5.8,0,369.0,1.0982142857142858,336,133.0,0.3958333333333333,4654.557974157342,13.852851113563515,201,2499.62,168.0,2154.9379741573416,0.0,0.0,0.0,2.0,2.0,-0.35,2.83,16.665,2.0
C100904,Company_904,France,Europe,1,Hospitality,10-Jan,2130.42,Starter,SMB_Inside,Inbound,2023-02-10,,1,0.34,4.8,0,337.0,1.0029761904761905,336,112.0,0.3333333333333333,4660.963313824371,13.871914624477292,197,2637.89,140.0,2023.0733138243709,0.0,0.0,0.0,1.0,1.0,-0.34,3.02,4.17,1.0
C100905,Company_905,France,Europe,1,Healthcare,10-Jan,2598.58,Starter,SMB_Inside,Outbound,2023-12-16,2024-06-16,0,0.27,6.9,1,179.0,0.5327380952380952,336,61.0,0.181547619047619,2428.12,7.226547619047619,179,2428.12,0.0,0.0,1.0,0.0,0.0,0.0,1.0,-0.33,4.22,15.89,1.0
C100906,Company_906,France,Europe,1,Hospitality,Nov-50,8450.21,Growth,SMB_Inside,Partner,2023-12-16,2024-12-16,0,0.01,7.4,0,1331.0,3.961309523809524,336,478.0,1.4226190476190477,8715.416895259696,25.93874075970147,748,4972.12,583.0,3743.2968952596952,0.0,0.0,0.0,0.0,0.0,0.0,0.0,0.0,0.0
C100907,Company_907,France,Europe,1,Unknown,201-1000,100239.37,Growth,Enterprise,Outbound,2023-05-22,,1,0.03,5.7,0,1244.0,3.702380952380953,336,404.0,1.2023809523809523,8771.213619675775,26.104802439511236,672,4765.72,572.0,4005.4936196757753,1.0,0.0,1.0,2.0,4.0,-0.1275,6.665,15.195,4.0
C100908,Company_908,UK,Europe,1,Unknown,10-Jan,2269.1,Starter,SMB_Inside,Outbound,2023-09-16,,1,0.08,6.9,0,343.0,1.0208333333333333,336,129.0,0.3839285714285714,4592.101281106448,13.666968098531097,184,2475.12,159.0,2116.9812811064485,0.0,0.0,0.0,0.0,0.0,0.0,0.0,0.0,0.0
C100909,Company_909,Canada,North America,0,Ecommerce,Nov-50,6865.51,Growth,SMB_Field,Outbound,2023-02-17,,1,0.03,8.7,0,1484.0,4.054644808743169,366,518.0,1.4153005464480874,9946.26947927942,27.17559967016235,772,4838.61,712.0,5107.659479279419,0.0,0.0,0.0,1.0,1.0,-0.24,12.52,16.75,1.0
C100910,Company_910,US,North America,0,Logistics,Nov-50,8167.27,Growth,SMB_Field,SelfServe,2023-04-04,,1,0.13,7.1,0,1454.0,3.972677595628415,366,505.0,1.3797814207650274,9772.201026759603,26.700002805354107,728,4857.67,726.0,4914.531026759604,1.0,0.0,0.0,0.0,1.0,-0.14,0.99,4.29,1.0
C100911,Company_911,Australia,North America,0,Logistics,Nov-50,3279.9,Growth,SMB_Inside,SelfServe,2023-02-05,,1,0.54,6.4,0,1470.0,4.016393442622951,366,517.0,1.4125683060109289,9597.346911097367,26.22225931993816,728,4706.16,742.0,4891.186911097368,0.0,0.0,0.0,0.0,0.0,0.0,0.0,0.0,0.0
C100912,Company_912,Germany,Europe,1,Unknown,51-200,32392.58,Enterprise,MidMarket,SelfServe,2023-08-19,,1,0.02,8.1,0,3487.0,10.37797619047619,336,1214.0,3.613095238095238,10266.990112215412,30.556518191117306,1916,5580.89,1571.0,4686.100112215414,1.0,1.0,0.0,1.0,3.0,-0.0766666666666666,1.3866666666666667,4.793333333333334,3.0
C100913,Company_913,Canada,North America,0,Unknown,51-200,12085.65,Enterprise,MidMarket,SelfServe,2024-02-14,2025-02-14,0,0.04,6.6,0,3164.0,8.6448087431694,366,1117.0,3.051912568306011,9855.205932768671,26.926792166034627,1360,4133.99,1804.0,5721.215932768673,1.0,1.0,0.0,0.0,2.0,0.285,2.225,17.395,2.0
C100914,Company_914,Germany,Europe,1,Unknown,Nov-50,3502.65,Growth,SMB_Field,SelfServe,2023-12-03,2024-12-03,0,0.35,6.1,0,1252.0,3.726190476190476,336,416.0,1.238095238095238,8292.049903346464,24.678719950435905,724,4978.56,528.0,3313.4899033464644,0.0,1.0,0.0,0.0,1.0,-0.06,13.41,19.83,1.0
C100915,Company_915,France,Europe,1,Professional Services,51-200,13841.65,Enterprise,MidMarket,Outbound,2024-01-01,2024-07-02,0,0.31,6.6,0,1766.0,5.255952380952381,336,625.0,1.8601190476190477,5549.4303628142125,16.516161794089918,1744,5486.38,22.0,63.05036281421282,0.0,2.0,1.0,0.0,3.0,-0.08,2.186666666666667,8.253333333333332,3.0
C100916,Company_916,Germany,Europe,1,Logistics,51-200,34419.52,Growth,MidMarket,Outbound,2023-08-18,2024-08-18,0,0.4,6.3,0,926.0,2.755952380952381,336,313.0,0.9315476190476192,6154.875849395135,18.31808288510457,724,4873.82,202.0,1281.0558493951355,1.0,0.0,2.0,1.0,4.0,-0.0199999999999999,3.0375,21.5025,4.0
C100917,Company_917,UK,Europe,1,Manufacturing,10-Jan,2754.05,Starter,SMB_Inside,Outbound,2023-09-11,,1,0.28,5.2,0,344.0,1.0238095238095235,336,126.0,0.375,4623.06583425178,13.759124506701726,180,2476.32,164.0,2146.7458342517803,0.0,1.0,0.0,2.0,3.0,-0.1466666666666667,6.343333333333334,11.443333333333332,3.0
C100918,Company_918,Canada,North America,0,Unknown,10-Jan,2120.54,Starter,SMB_Inside,Partner,2024-01-19,,1,0.13,6.4,0,325.0,0.8879781420765027,366,117.0,0.319672131147541,4862.00429185946,13.284164731856448,144,2173.02,181.0,2688.9842918594595,0.0,0.0,0.0,0.0,0.0,0.0,0.0,0.0,0.0
C100919,Company_919,France,Europe,1,Unknown,10-Jan,1936.12,Starter,SMB_Inside,Outbound,2023-04-15,,1,0.35,6.8,0,325.0,0.9672619047619048,336,118.0,0.3511904761904761,4567.518143309435,13.593803997944748,182,2548.23,143.0,2019.2881433094344,1.0,1.0,0.0,0.0,2.0,-0.06,10.23,18.245,2.0
C100920,Company_920,UK,Europe,1,Unknown,Nov-50,3774.94,Starter,SMB_Inside,Outbound,2024-03-27,2024-09-26,0,0.37,6.6,0,167.0,0.4970238095238095,336,54.0,0.1607142857142857,2232.049349317237,6.6430040158251105,93,1289.97,74.0,942.0793493172372,0.0,0.0,0.0,0.0,0.0,0.0,0.0,0.0,0.0
C100921,Company_921,France,Europe,1,Logistics,51-200,14522.11,Enterprise,MidMarket,Outbound,2023-12-26,,1,0.04,10.0,0,3397.0,10.110119047619047,336,1213.0,3.610119047619047,9944.947500597831,29.59805803749355,1865,5438.02,1532.0,4506.9275005978325,2.0,1.0,0.0,1.0,4.0,-0.0775,1.93,15.8575,4.0
C100922,Company_922,US,North America,0,Manufacturing,10-Jan,1838.78,Starter,SMB_Field,Outbound,2023-11-06,,1,0.27,5.8,0,383.0,1.046448087431694,366,143.0,0.3907103825136612,4864.956427969438,13.292230677512125,176,2319.72,207.0,2545.236427969438,2.0,1.0,0.0,0.0,3.0,-0.3966666666666666,2.4066666666666667,17.16,2.0
C100923,Company_923,Canada,North America,0,Unknown,Nov-50,6010.83,Growth,SMB_Inside,Partner,2024-03-22,2025-03-23,0,0.12,6.3,0,1146.0,3.1311475409836067,366,414.0,1.1311475409836065,7659.249009333282,20.926909861566344,401,2784.09,745.0,4875.159009333282,1.0,0.0,1.0,0.0,2.0,-0.15,6.6450000000000005,17.884999999999998,2.0
C100924,Company_924,Spain,Europe,1,Unknown,1000+,345553.19,Growth,Enterprise,SelfServe,2024-01-22,2025-01-22,0,0.52,5.6,0,1244.0,3.702380952380953,336,414.0,1.2321428571428572,8273.596114663755,24.623797960308792,625,4306.34,619.0,3967.2561146637554,0.0,1.0,0.0,1.0,2.0,-0.03,2.24,13.79,2.0
C100925,Company_925,Canada,North America,0,Wholesale,Nov-50,3704.1,Growth,SMB_Inside,SelfServe,2023-02-14,,1,0.42,5.7,0,1437.0,3.926229508196722,366,505.0,1.3797814207650274,9494.028635959909,25.939968950710128,716,4813.11,721.0,4680.918635959906,0.0,0.0,1.0,0.0,1.0,0.21,2.94,7.86,1.0
C100926,Company_926,UK,Europe,1,Unknown,10-Jan,1297.71,Starter,SMB_Inside,Partner,2023-06-21,2023-09-20,0,0.25,6.1,1,0.0,0.0,336,0.0,0.0,0.0,0.0,0,0.0,0.0,0.0,0.0,0.0,1.0,0.0,1.0,-0.1,10.96,18.58,1.0
C100927,Company_927,Spain,Europe,1,Logistics,Nov-50,4895.06,Starter,SMB_Inside,Partner,2023-06-28,,1,0.15,4.0,0,353.0,1.050595238095238,336,118.0,0.3511904761904761,4782.856043666555,14.23469060615046,205,2765.98,148.0,2016.8760436665543,0.0,0.0,0.0,0.0,0.0,0.0,0.0,0.0,0.0
C100928,Company_928,Spain,Europe,1,Logistics,Nov-50,5425.16,Starter,SMB_Inside,SelfServe,2023-04-23,,1,0.24,7.1,0,313.0,0.9315476190476192,336,127.0,0.3779761904761904,4251.594075933909,12.653553797422347,174,2404.49,139.0,1847.104075933909,0.0,1.0,0.0,0.0,1.0,-0.64,10.09,10.98,1.0
C100929,Company_929,UK,Europe,1,Professional Services,10-Jan,2459.82,Growth,SMB_Field,SelfServe,2023-04-26,,1,0.33,3.6,0,1366.0,4.065476190476191,336,470.0,1.3988095238095235,9088.94735703463,27.05043856260307,766,5002.3,600.0,4086.64735703463,0.0,0.0,0.0,0.0,0.0,0.0,0.0,0.0,0.0
C100930,Company_930,Germany,Europe,1,Retail,Nov-50,8626.26,Growth,SMB_Inside,SelfServe,2023-01-04,,1,0.27,6.1,0,1343.0,3.9970238095238098,336,471.0,1.4017857142857142,9088.212563182144,27.048251676137333,735,4906.26,608.0,4181.952563182143,1.0,1.0,0.0,0.0,2.0,-0.37,4.335,33.28,2.0
C100931,Company_931,Canada,North America,0,Hospitality,51-200,39353.7,Enterprise,MidMarket,Outbound,2023-11-07,2024-11-07,0,0.1,6.2,0,3060.0,8.360655737704919,366,1107.0,3.0245901639344264,9496.526538310143,25.94679382051952,1743,5574.83,1317.0,3921.6965383101456,0.0,1.0,3.0,2.0,6.0,-0.0083333333333333,3.181666666666666,5.803333333333334,3.0
C100932,Company_932,Canada,North America,0,Retail,10-Jan,2780.21,Starter,SMB_Inside,Inbound,2023-03-31,2023-09-30,0,0.48,5.0,1,0.0,0.0,366,0.0,0.0,0.0,0.0,0,0.0,0.0,0.0,0.0,0.0,0.0,0.0,0.0,0.0,0.0,0.0,0.0
C100933,Company_933,Canada,North America,0,Unknown,51-200,28397.24,Growth,MidMarket,Outbound,2023-03-03,,1,0.17,8.0,0,1477.0,4.03551912568306,366,524.0,1.4316939890710385,9822.139277142503,26.836446112411213,724,4674.23,753.0,5147.909277142503,0.0,0.0,0.0,0.0,0.0,0.0,0.0,0.0,0.0
C100934,Company_934,France,Europe,1,Unknown,10-Jan,2802.93,Starter,SMB_Inside,SelfServe,2024-03-01,2024-08-31,0,0.17,7.5,0,187.0,0.5565476190476191,336,72.0,0.2142857142857142,2469.0017490859327,7.348219491327181,137,1703.57,50.0,765.4317490859328,0.0,0.0,1.0,0.0,1.0,0.33,19.71,28.8,1.0
C100935,Company_935,France,Europe,1,Wholesale,10-Jan,1237.68,Starter,SMB_Field,Inbound,2023-08-16,,1,0.23,6.6,0,356.0,1.0595238095238095,336,133.0,0.3958333333333333,4776.338861278537,14.215294229995644,203,2664.19,153.0,2112.1488612785365,1.0,0.0,1.0,0.0,2.0,-0.095,25.465000000000003,26.94,2.0
C100936,Company_936,Canada,North America,0,Unknown,10-Jan,2135.52,Starter,SMB_Inside,Outbound,2023-04-29,2023-10-29,0,0.28,4.9,1,0.0,0.0,366,0.0,0.0,0.0,0.0,0,0.0,0.0,0.0,0.0,0.0,0.0,0.0,0.0,0.0,0.0,0.0,0.0
C100937,Company_937,Canada,North America,0,Unknown,10-Jan,2799.55,Starter,SMB_Inside,Partner,2024-02-26,,1,0.15,5.0,0,300.0,0.819672131147541,366,111.0,0.3032786885245901,4216.685863222432,11.5209996262908,117,1673.15,183.0,2543.535863222432,0.0,0.0,0.0,0.0,0.0,0.0,0.0,0.0,0.0
C100938,Company_938,Netherlands,Europe,1,Logistics,10-Jan,2144.15,Starter,SMB_Field,SelfServe,2023-03-18,,1,0.3,6.3,0,350.0,1.0416666666666667,336,125.0,0.3720238095238095,4587.525992944553,13.653351169477835,191,2530.21,159.0,2057.3159929445524,0.0,0.0,0.0,0.0,0.0,0.0,0.0,0.0,0.0
C100939,Company_939,US,North America,0,Professional Services,10-Jan,1642.84,Starter,SMB_Inside,Outbound,2023-09-26,,1,0.13,3.8,0,380.0,1.0382513661202186,366,126.0,0.3442622950819672,5024.174337239242,13.727252287538914,190,2526.06,190.0,2498.1143372392416,0.0,0.0,1.0,1.0,2.0,-0.285,9.565,15.14,2.0
C100940,Company_940,Canada,North America,0,Unknown,51-200,15580.25,Growth,MidMarket,Outbound,2023-03-05,,1,0.14,7.2,0,1517.0,4.144808743169399,366,542.0,1.4808743169398908,9957.990412294052,27.207624077306154,746,4938.88,771.0,5019.1104122940515,0.0,1.0,0.0,2.0,3.0,0.0399999999999999,7.1933333333333325,12.840000000000002,3.0
C100941,Company_941,Australia,North America,0,Logistics,Nov-50,9382.54,Growth,SMB_Inside,SelfServe,2023-08-20,2024-02-19,0,0.45,6.0,1,189.0,0.5163934426229508,366,62.0,0.1693989071038251,1321.47,3.6105737704918033,189,1321.47,0.0,0.0,0.0,0.0,0.0,0.0,0.0,0.0,0.0,0.0,0.0
C100942,Company_942,Spain,Europe,1,Manufacturing,Nov-50,3227.37,Starter,SMB_Inside,SelfServe,2024-01-02,2025-01-02,0,0.09,8.6,0,316.0,0.9404761904761904,336,114.0,0.3392857142857143,4564.479398749321,13.58476011532536,167,2453.22,149.0,2111.2593987493215,0.0,0.0,1.0,0.0,1.0,0.15,0.68,11.24,1.0
C100943,Company_943,Canada,North America,0,Healthcare,10-Jan,2088.47,Starter,SMB_Inside,Inbound,2023-08-29,2023-11-28,0,0.29,5.6,1,0.0,0.0,366,0.0,0.0,0.0,0.0,0,0.0,0.0,0.0,1.0,0.0,0.0,0.0,1.0,-0.53,0.49,22.27,1.0
C100944,Company_944,France,Europe,1,Unknown,201-1000,123388.4,Starter,Enterprise,Partner,2023-02-19,,1,0.25,5.0,0,329.0,0.9791666666666666,336,113.0,0.3363095238095238,4574.326973348604,13.614068373061322,169,2452.49,160.0,2121.836973348604,0.0,0.0,0.0,0.0,0.0,0.0,0.0,0.0,0.0
C100945,Company_945,Germany,Europe,1,Professional Services,201-1000,90782.51,Growth,Enterprise,SelfServe,2023-01-24,,1,0.15,7.9,0,1420.0,4.226190476190476,336,515.0,1.5327380952380951,8808.94602225671,26.2171012567164,757,4811.69,663.0,3997.25602225671,1.0,0.0,1.0,0.0,2.0,0.265,3.465,11.965,2.0
C100946,Company_946,Germany,Europe,1,Unknown,51-200,23093.45,Growth,MidMarket,Inbound,2023-05-11,,1,0.56,5.7,0,1287.0,3.830357142857143,336,444.0,1.3214285714285714,8971.760604463827,26.701668465666152,688,4819.81,599.0,4151.9506044638265,0.0,0.0,0.0,0.0,0.0,0.0,0.0,0.0,0.0
C100947,Company_947,Germany,Europe,1,Unknown,201-1000,79797.96,Starter,Enterprise,Inbound,2023-02-16,,1,0.21,5.8,0,309.0,0.9196428571428572,336,112.0,0.3333333333333333,4534.713560409585,13.496171310742811,161,2488.93,148.0,2045.7835604095849,0.0,0.0,0.0,0.0,0.0,0.0,0.0,0.0,0.0
C100948,Company_948,UK,Europe,1,Healthcare,Nov-50,3465.44,Growth,SMB_Inside,Partner,2024-01-19,2025-01-19,0,0.38,3.7,0,1286.0,3.827380952380953,336,441.0,1.3125,8351.615112533089,24.855997358729432,660,4316.56,626.0,4035.055112533089,1.0,0.0,0.0,0.0,1.0,0.24,14.7,29.2,1.0
C100949,Company_949,Canada,North America,0,Ecommerce,Nov-50,8715.25,Growth,SMB_Inside,Inbound,2023-03-29,,1,0.21,9.7,0,1531.0,4.183060109289618,366,556.0,1.5191256830601092,10203.386108397886,27.8781041213057,753,5145.09,778.0,5058.296108397887,0.0,1.0,0.0,1.0,2.0,-0.075,2.21,11.125,2.0
C100950,Company_950,Canada,North America,0,Unknown,10-Jan,2074.02,Growth,SMB_Field,Inbound,2023-09-02,2024-09-02,0,0.23,6.6,0,1005.0,2.7459016393442623,366,355.0,0.9699453551912568,6829.346365078486,18.65941629802865,751,4968.56,254.0,1860.7863650784857,0.0,0.0,2.0,1.0,3.0,-0.06,4.12,5.316666666666667,3.0
C100951,Company_951,US,North America,0,Professional Services,10-Jan,1702.56,Starter,SMB_Inside,Inbound,2023-02-13,,1,0.31,5.3,0,365.0,0.9972677595628416,366,136.0,0.3715846994535519,5044.418777756684,13.782564966548318,189,2630.46,176.0,2413.958777756684,0.0,0.0,0.0,0.0,0.0,0.0,0.0,0.0,0.0
C100952,Company_952,Netherlands,Europe,1,Manufacturing,1000+,345538.51,Growth,Enterprise,Partner,2023-06-21,,1,0.02,10.0,0,1329.0,3.955357142857143,336,455.0,1.3541666666666667,8660.640796911151,25.775716657473662,744,4850.25,585.0,3810.390796911152,0.0,0.0,0.0,0.0,0.0,0.0,0.0,0.0,0.0
C100953,Company_953,UK,Europe,1,Manufacturing,10-Jan,1340.47,Growth,SMB_Field,Inbound,2023-12-06,,1,0.41,4.7,0,1396.0,4.154761904761905,336,517.0,1.5386904761904765,8935.334762371573,26.59325822134397,722,4853.79,674.0,4081.5447623715727,1.0,0.0,0.0,0.0,1.0,-0.45,4.42,4.44,1.0
C100954,Company_954,US,North America,0,Wholesale,51-200,21642.89,Enterprise,MidMarket,Outbound,2023-07-20,2024-07-20,0,0.38,6.3,0,2054.0,5.612021857923497,366,682.0,1.8633879781420768,6111.202874654441,16.69727561380995,1835,5482.14,219.0,629.062874654441,0.0,2.0,2.0,5.0,9.0,-0.0833333333333333,1.5811111111111111,5.52,8.0
C100955,Company_955,UK,Europe,1,Unknown,51-200,21523.2,Growth,MidMarket,SelfServe,2023-05-25,,1,0.31,7.2,0,1271.0,3.7827380952380953,336,429.0,1.2767857142857142,8769.964922867128,26.10108607996169,681,4615.12,590.0,4154.844922867127,0.0,0.0,0.0,0.0,0.0,0.0,0.0,0.0,0.0
C100956,Company_956,UK,Europe,1,Manufacturing,51-200,24510.41,Enterprise,MidMarket,SelfServe,2023-03-22,,1,0.08,5.7,0,3335.0,9.925595238095235,336,1184.0,3.5238095238095237,9889.962968782287,29.43441359756633,1743,5336.18,1592.0,4553.782968782287,3.0,0.0,1.0,0.0,4.0,-0.055,1.265,14.81,2.0
C100957,Company_957,Netherlands,Europe,1,Unknown,201-1000,60261.62,Enterprise,Enterprise,Partner,2023-11-03,2024-11-03,0,0.07,5.1,0,2876.0,8.55952380952381,336,1052.0,3.130952380952381,8466.307698809464,25.197344341694834,1877,5481.78,999.0,2984.5276988094643,2.0,2.0,1.0,0.0,5.0,0.138,4.82,12.008,4.0
C100958,Company_958,UK,Europe,1,Hospitality,1000+,360457.93,Enterprise,Enterprise,SelfServe,2024-04-01,2025-04-02,0,0.06,8.5,0,2404.0,7.154761904761905,336,850.0,2.5297619047619047,7347.716059594621,21.868202558317325,906,2714.39,1498.0,4633.326059594621,2.0,1.0,2.0,1.0,6.0,-0.1999999999999999,2.3266666666666667,11.021666666666668,5.0
C100959,Company_959,Germany,Europe,1,Retail,Nov-50,3154.9,Starter,SMB_Inside,Outbound,2023-05-16,,1,0.17,8.9,0,386.0,1.1488095238095235,336,118.0,0.3511904761904761,5210.508767395009,15.507466569628004,219,2702.84,167.0,2507.668767395009,2.0,2.0,0.0,0.0,4.0,-0.2225,8.09,17.240000000000002,4.0
C100960,Company_960,Canada,North America,0,Ecommerce,10-Jan,2140.21,Growth,SMB_Inside,SelfServe,2023-03-21,2023-06-20,0,0.27,7.0,1,0.0,0.0,366,0.0,0.0,0.0,0.0,0,0.0,0.0,0.0,0.0,2.0,1.0,0.0,3.0,-0.0766666666666666,1.2933333333333332,7.760000000000001,3.0
C100961,Company_961,Spain,Europe,1,Unknown,201-1000,109997.87,Enterprise,Enterprise,Inbound,2023-04-22,,1,0.08,6.6,0,3362.0,10.00595238095238,336,1197.0,3.5625,10129.5277448169,30.14740400243125,1811,5528.0,1551.0,4601.527744816901,0.0,2.0,3.0,1.0,6.0,0.0566666666666666,1.4766666666666666,8.526666666666667,6.0
C100962,Company_962,Australia,North America,0,Ecommerce,51-200,19873.57,Growth,MidMarket,Inbound,2024-03-17,2025-03-18,0,0.04,9.8,0,1175.0,3.210382513661202,366,421.0,1.150273224043716,7925.445322345347,21.654222192200404,422,2853.08,753.0,5072.3653223453475,2.0,2.0,1.0,1.0,6.0,-0.0166666666666666,6.785,16.733333333333334,4.0
C100963,Company_963,Germany,Europe,1,Unknown,Nov-50,5749.25,Growth,SMB_Inside,SelfServe,2023-12-15,,1,0.09,5.0,0,1345.0,4.002976190476191,336,459.0,1.3660714285714286,8963.934246144803,26.67837573257382,742,4812.28,603.0,4151.654246144803,1.0,1.0,2.0,0.0,4.0,-0.0524999999999999,12.04,19.77,4.0
C100964,Company_964,Germany,Europe,1,Retail,10-Jan,2288.48,Starter,SMB_Inside,Inbound,2023-12-13,2024-12-13,0,0.11,4.2,0,340.0,1.011904761904762,336,126.0,0.375,4335.076955864408,12.902014749596452,202,2642.88,138.0,1692.1969558644082,0.0,0.0,0.0,0.0,0.0,0.0,0.0,0.0,0.0
C100965,Company_965,France,Europe,1,Unknown,201-1000,104733.48,Enterprise,Enterprise,SelfServe,2023-06-25,,1,0.05,9.0,0,3324.0,9.892857142857142,336,1163.0,3.4613095238095237,10243.66355120571,30.487093902397945,1806,5549.5,1518.0,4694.163551205709,0.0,4.0,1.0,1.0,6.0,-0.1466666666666666,4.41,15.534999999999998,5.0
C100966,Company_966,US,North America,0,Ecommerce,201-1000,57678.71,Enterprise,Enterprise,Inbound,2023-03-05,,1,0.08,5.0,0,3724.0,10.174863387978142,366,1274.0,3.480874316939891,10711.41658278533,29.266165526735875,1855,5197.61,1869.0,5513.80658278533,1.0,1.0,3.0,2.0,7.0,0.0328571428571428,1.5914285714285714,8.391428571428571,7.0
C100967,Company_967,Spain,Europe,1,Healthcare,51-200,31720.0,Growth,MidMarket,Inbound,2023-05-20,,1,0.27,8.1,0,1306.0,3.886904761904762,336,435.0,1.2946428571428572,8902.567310095274,26.49573604195022,714,4854.94,592.0,4047.627310095274,2.0,0.0,2.0,0.0,4.0,-0.2075,6.0825,12.8375,4.0
C100968,Company_968,Canada,North America,0,Logistics,51-200,33031.3,Growth,MidMarket,SelfServe,2023-04-08,,1,0.12,7.7,0,1425.0,3.89344262295082,366,516.0,1.4098360655737705,10034.33480847009,27.41621532368877,703,4858.5,722.0,5175.834808470089,0.0,0.0,1.0,1.0,2.0,-0.38,2.03,3.5599999999999996,2.0
C100969,Company_969,Spain,Europe,1,Wholesale,Nov-50,4540.91,Growth,SMB_Inside,Inbound,2023-06-24,,1,0.25,6.8,0,1278.0,3.803571428571429,336,472.0,1.4047619047619049,8895.050563950052,26.47336477366087,680,4852.34,598.0,4042.710563950051,1.0,0.0,2.0,0.0,3.0,0.03,7.043333333333333,13.866666666666667,3.0
C100970,Company_970,UK,Europe,1,Hospitality,10-Jan,1782.67,Starter,SMB_Inside,Inbound,2023-05-16,,1,0.15,3.0,0,349.0,1.0386904761904765,336,124.0,0.369047619047619,4720.741113918145,14.049824743804002,173,2469.12,176.0,2251.6211139181446,1.0,0.0,1.0,2.0,4.0,-0.2475,4.075,9.8125,2.0
C100971,Company_971,Germany,Europe,1,Unknown,Nov-50,8598.18,Growth,SMB_Inside,Outbound,2023-05-23,,1,0.04,6.7,0,1321.0,3.931547619047619,336,464.0,1.380952380952381,8924.230954133343,26.560211173015905,721,4813.84,600.0,4110.390954133344,0.0,1.0,0.0,0.0,1.0,-0.55,6.7,9.08,1.0
C100972,Company_972,Germany,Europe,1,Unknown,10-Jan,1643.78,Starter,SMB_Field,Outbound,2023-12-21,,1,0.09,6.6,0,333.0,0.9910714285714286,336,117.0,0.3482142857142857,4688.066890453015,13.952580031110164,174,2471.94,159.0,2216.1268904530148,0.0,0.0,1.0,0.0,1.0,0.64,7.21,9.59,1.0
C100973,Company_973,Canada,North America,0,Healthcare,10-Jan,1384.22,Starter,SMB_Field,SelfServe,2023-06-13,2023-12-13,0,0.03,8.0,1,0.0,0.0,366,0.0,0.0,0.0,0.0,0,0.0,0.0,0.0,0.0,0.0,0.0,1.0,1.0,-0.31,0.93,15.38,1.0
C100974,Company_974,Canada,North America,0,Hospitality,51-200,17966.07,Enterprise,MidMarket,Outbound,2023-08-17,2024-08-17,0,0.44,5.3,0,2224.0,6.076502732240437,366,763.0,2.084699453551913,6954.879328044012,19.002402535639376,1768,5522.48,456.0,1432.3993280440122,2.0,0.0,1.0,0.0,3.0,-0.0099999999999999,1.5366666666666668,15.763333333333334,2.0
C100975,Company_975,Australia,North America,0,Professional Services,51-200,26628.86,Growth,MidMarket,SelfServe,2023-06-09,,1,0.09,7.4,0,1467.0,4.008196721311475,366,535.0,1.4617486338797814,9424.44417528804,25.749847473464587,732,4721.14,735.0,4703.304175288039,1.0,2.0,2.0,1.0,6.0,0.0216666666666666,4.1433333333333335,9.896666666666668,6.0
C100976,Company_976,France,Europe,1,Unknown,201-1000,91369.06,Growth,Enterprise,Inbound,2023-08-11,2024-08-11,0,0.15,5.7,0,881.0,2.6220238095238093,336,295.0,0.8779761904761905,5979.847785824072,17.79716602923831,716,4927.49,165.0,1052.3577858240717,0.0,0.0,1.0,1.0,2.0,-0.22,1.94,6.465,1.0
C100977,Company_977,UK,Europe,1,Healthcare,51-200,19531.92,Enterprise,MidMarket,Partner,2023-03-05,,1,0.19,6.1,0,3379.0,10.05654761904762,336,1165.0,3.4672619047619047,10165.54195454388,30.254589150428213,1819,5464.04,1560.0,4701.501954543879,1.0,1.0,2.0,1.0,5.0,-0.054,1.7260000000000002,5.648000000000001,5.0
C100978,Company_978,Netherlands,Europe,1,Ecommerce,10-Jan,1107.55,Starter,SMB_Field,Outbound,2023-05-01,2023-07-31,0,0.17,5.6,1,0.0,0.0,336,0.0,0.0,0.0,0.0,0,0.0,0.0,0.0,0.0,0.0,0.0,0.0,0.0,0.0,0.0,0.0,0.0
C100979,Company_979,France,Europe,1,Healthcare,51-200,32769.59,Starter,MidMarket,Inbound,2023-06-09,,1,0.33,6.1,0,319.0,0.949404761904762,336,118.0,0.3511904761904761,4576.198879971759,13.619639523725471,175,2486.56,144.0,2089.6388799717593,0.0,0.0,2.0,0.0,2.0,-0.475,2.7,5.215,2.0
C100980,Company_980,UK,Europe,1,Healthcare,Nov-50,5771.38,Starter,SMB_Inside,SelfServe,2023-06-15,,1,0.19,8.0,0,322.0,0.9583333333333334,336,102.0,0.3035714285714285,4202.901895443302,12.508636593581256,169,2307.75,153.0,1895.1518954433025,1.0,0.0,0.0,0.0,1.0,-0.31,23.26,40.19,0.0
C100981,Company_981,UK,Europe,1,Professional Services,1000+,253381.95,Enterprise,Enterprise,Outbound,2023-12-04,2024-12-04,0,0.44,3.5,0,3048.0,9.071428571428571,336,1058.0,3.1488095238095237,9310.599747486389,27.71011829609044,1762,5495.45,1286.0,3815.1497474863863,0.0,0.0,1.0,3.0,4.0,-0.0224999999999999,3.7,7.7175,4.0
C100982,Company_982,Canada,North America,0,Logistics,10-Jan,1373.4,Starter,SMB_Field,Partner,2023-01-10,,1,0.26,5.2,0,343.0,0.9371584699453552,366,108.0,0.2950819672131147,4774.033044488933,13.043806132483423,157,2467.57,186.0,2306.463044488933,0.0,0.0,0.0,0.0,0.0,0.0,0.0,0.0,0.0
C100983,Company_983,UK,Europe,1,Manufacturing,10-Jan,2493.44,Growth,SMB_Inside,Inbound,2023-09-25,,1,0.09,6.2,0,1301.0,3.8720238095238098,336,431.0,1.2827380952380951,8942.723433922425,26.615248315245314,733,4861.7,568.0,4081.0234339224257,0.0,0.0,1.0,1.0,2.0,-0.165,3.355,10.58,2.0
C100984,Company_984,Germany,Europe,1,Logistics,201-1000,107024.34,Growth,Enterprise,SelfServe,2023-11-14,2024-11-14,0,0.57,5.4,0,1203.0,3.580357142857143,336,455.0,1.3541666666666667,7506.3082295423665,22.340203064114185,747,4636.59,456.0,2869.7182295423663,0.0,0.0,1.0,0.0,1.0,0.18,4.39,18.31,1.0
C100985,Company_985,Spain,Europe,1,Unknown,51-200,24269.53,Growth,MidMarket,Partner,2023-06-06,,1,0.18,7.7,0,1330.0,3.9583333333333335,336,461.0,1.3720238095238095,8919.049890899143,26.544791341961737,740,4875.72,590.0,4043.3298908991424,0.0,1.0,0.0,1.0,2.0,0.2,5.64,19.865,2.0
C100986,Company_986,Australia,North America,0,Retail,Nov-50,7139.61,Growth,SMB_Field,Outbound,2024-03-08,2024-09-07,0,0.31,7.3,0,736.0,2.010928961748634,366,239.0,0.6530054644808743,5039.466837102092,13.76903507404943,458,3260.92,278.0,1778.5468371020916,0.0,1.0,0.0,1.0,2.0,-0.0849999999999999,3.415,3.965,2.0
C100987,Company_987,Canada,North America,0,Unknown,10-Jan,2792.03,Starter,SMB_Inside,SelfServe,2024-02-14,,1,0.14,5.3,0,312.0,0.8524590163934426,366,111.0,0.3032786885245901,4249.8627641767425,11.611646896657769,136,1768.48,176.0,2481.382764176743,0.0,1.0,0.0,0.0,1.0,0.11,9.61,22.58,0.0
C100988,Company_988,UK,Europe,1,Hospitality,Nov-50,6739.74,Starter,SMB_Inside,SelfServe,2023-10-17,2024-10-17,0,0.11,4.9,0,267.0,0.7946428571428571,336,78.0,0.2321428571428571,3680.258061056464,10.953148991239477,193,2612.84,74.0,1067.4180610564638,0.0,1.0,0.0,0.0,1.0,-0.02,0.17,4.07,1.0
C100989,Company_989,Canada,North America,0,Logistics,Nov-50,9628.07,Enterprise,SMB_Inside,Outbound,2023-07-06,2024-07-06,0,0.14,6.6,0,1896.0,5.180327868852459,366,688.0,1.8797814207650272,5507.962109437463,15.049076801741704,1836,5319.95,60.0,188.01210943746344,2.0,1.0,1.0,1.0,5.0,0.026,2.3280000000000003,10.29,4.0
C100990,Company_990,Canada,North America,0,Ecommerce,51-200,38108.12,Growth,MidMarket,Inbound,2024-03-06,2025-03-07,0,0.42,6.7,0,1194.0,3.262295081967213,366,425.0,1.1612021857923498,8035.953298584381,21.95615655350924,469,3103.6,725.0,4932.35329858438,0.0,0.0,1.0,0.0,1.0,0.05,3.36,5.32,1.0
C100991,Company_991,Germany,Europe,1,Unknown,10-Jan,2724.04,Growth,SMB_Inside,SelfServe,2023-02-27,,1,0.08,7.3,0,1312.0,3.9047619047619047,336,443.0,1.318452380952381,8680.160486295958,25.83381097111892,725,4723.54,587.0,3956.6204862959576,1.0,0.0,0.0,0.0,1.0,0.02,3.63,10.5,1.0
C100992,Company_992,US,North America,0,Wholesale,10-Jan,1271.08,Starter,SMB_Field,Outbound,2023-10-28,,1,0.08,4.9,0,342.0,0.9344262295081968,366,112.0,0.3060109289617486,4771.828533814328,13.03778287927412,185,2421.15,157.0,2350.678533814328,0.0,0.0,0.0,0.0,0.0,0.0,0.0,0.0,0.0
C100993,Company_993,Spain,Europe,1,Professional Services,51-200,31902.25,Growth,MidMarket,SelfServe,2023-07-11,,1,0.11,3.9,0,1325.0,3.943452380952381,336,460.0,1.369047619047619,9039.09333307335,26.90206349128973,730,4945.5,595.0,4093.5933330733496,2.0,1.0,0.0,1.0,4.0,-0.0175,2.935,11.29,4.0
C100994,Company_994,Australia,North America,0,Unknown,Nov-50,4974.99,Growth,SMB_Field,Inbound,2023-12-11,2024-12-11,0,0.31,6.0,0,1385.0,3.7841530054644807,366,489.0,1.3360655737704918,9488.768738309487,25.925597645654346,753,5030.46,632.0,4458.308738309488,0.0,0.0,0.0,2.0,2.0,0.215,2.44,18.985,2.0
C100995,Company_995,Spain,Europe,1,Logistics,Nov-50,5838.65,Starter,SMB_Field,Partner,2023-11-02,,1,0.33,4.6,0,316.0,0.9404761904761904,336,104.0,0.3095238095238095,4379.975567179966,13.035641568987993,173,2429.84,143.0,1950.135567179966,0.0,0.0,0.0,0.0,0.0,0.0,0.0,0.0,0.0
C100996,Company_996,Canada,North America,0,Manufacturing,51-200,38142.18,Enterprise,MidMarket,Outbound,2023-08-11,2024-08-11,0,0.08,5.3,0,2231.0,6.095628415300546,366,788.0,2.1530054644808745,6634.175114821047,18.1261615159045,1816,5378.19,415.0,1255.9851148210466,0.0,1.0,1.0,2.0,4.0,0.065,2.04,5.215,4.0
C100997,Company_997,France,Europe,1,Hospitality,Nov-50,6314.71,Growth,SMB_Inside,SelfServe,2023-11-06,2024-11-06,0,0.13,5.6,0,1099.0,3.2708333333333335,336,398.0,1.1845238095238095,7166.621112792881,21.32922950235977,703,4663.34,396.0,2503.2811127928812,0.0,0.0,1.0,0.0,1.0,0.11,2.18,5.2,1.0
C100998,Company_998,Australia,North America,0,Ecommerce,201-1000,129921.19,Growth,Enterprise,SelfServe,2023-10-14,2024-10-14,0,0.15,8.2,0,1137.0,3.1065573770491803,366,377.0,1.030054644808743,7771.308377985553,21.233082999960526,733,5012.65,404.0,2758.6583779855528,0.0,0.0,0.0,0.0,0.0,0.0,0.0,0.0,0.0
C100999,Company_999,Australia,North America,0,Unknown,Nov-50,6281.13,Growth,SMB_Field,Partner,2023-04-28,,1,0.09,9.2,0,1436.0,3.923497267759563,366,497.0,1.3579234972677596,9496.193796542717,25.945884690007414,699,4456.75,737.0,5039.443796542715,0.0,1.0,0.0,0.0,1.0,0.03,1.48,2.33,1.0
C101000,Company_1000,US,North America,0,Professional Services,51-200,21344.24,Growth,MidMarket,Partner,2023-03-20,,1,0.04,7.7,0,1459.0,3.986338797814207,366,517.0,1.4125683060109289,9821.8684703491,26.835706203139615,754,4882.19,705.0,4939.678470349099,0.0,0.0,0.0,0.0,0.0,0.0,0.0,0.0,0.0
C101001,Company_1001,Germany,Europe,1,Healthcare,10-Jan,1144.54,Starter,SMB_Inside,Partner,2023-02-10,,1,0.14,4.5,0,358.0,1.0654761904761905,336,125.0,0.3720238095238095,4400.897543178583,13.097909354698164,196,2501.32,162.0,1899.5775431785823,0.0,0.0,1.0,0.0,1.0,-0.14,10.84,18.68,1.0
C101002,Company_1002,Canada,North America,0,Wholesale,10-Jan,1618.51,Starter,SMB_Inside,Partner,2023-07-24,,1,0.08,7.7,0,351.0,0.9590163934426228,366,127.0,0.3469945355191257,5037.873587360513,13.764681932678997,175,2515.37,176.0,2522.5035873605125,0.0,0.0,1.0,0.0,1.0,-0.1,8.64,13.42,1.0
C101003,Company_1003,UK,Europe,1,Professional Services,10-Jan,1507.01,Starter,SMB_Inside,SelfServe,2024-02-19,,1,0.17,7.6,0,300.0,0.8928571428571429,336,114.0,0.3392857142857143,4025.785849182604,11.981505503519651,144,1849.76,156.0,2176.0258491826035,0.0,1.0,0.0,0.0,1.0,-0.18,9.17,18.08,1.0
C101004,Company_1004,Germany,Europe,1,Logistics,51-200,18190.7,Enterprise,MidMarket,Partner,2024-01-30,2025-01-30,0,0.17,6.7,0,3116.0,9.273809523809524,336,1065.0,3.169642857142857,9095.664599788732,27.070430356514084,1572,4509.17,1544.0,4586.494599788732,2.0,2.0,0.0,2.0,6.0,-0.1899999999999999,2.646666666666667,14.714999999999998,6.0
C101005,Company_1005,UK,Europe,1,Ecommerce,Nov-50,3974.38,Growth,SMB_Field,Inbound,2023-07-09,2024-07-09,0,0.28,7.1,0,806.0,2.3988095238095237,336,288.0,0.8571428571428571,5281.256619262609,15.718025652567288,770,5030.41,36.0,250.84661926260932,1.0,0.0,0.0,0.0,1.0,0.27,5.01,6.68,1.0
C101006,Company_1006,Spain,Europe,1,Unknown,201-1000,108868.5,Starter,Enterprise,Inbound,2023-05-23,,1,0.28,6.1,0,329.0,0.9791666666666666,336,113.0,0.3363095238095238,4382.067522170377,13.041867625507074,183,2385.16,146.0,1996.9075221703768,0.0,0.0,0.0,0.0,0.0,0.0,0.0,0.0,0.0
C101007,Company_1007,US,North America,0,Manufacturing,Nov-50,4055.13,Growth,SMB_Field,Inbound,2023-03-23,,1,0.14,8.2,0,1490.0,4.0710382513661205,366,494.0,1.349726775956284,9502.594437395775,25.963372779769877,725,4544.67,765.0,4957.924437395776,0.0,1.0,0.0,0.0,1.0,-0.11,5.37,18.43,1.0
C101008,Company_1008,Germany,Europe,1,Manufacturing,51-200,37515.26,Enterprise,MidMarket,Inbound,2023-07-19,,1,0.11,4.6,0,3380.0,10.05952380952381,336,1203.0,3.580357142857143,10194.458783772634,30.34065114218046,1819,5585.23,1561.0,4609.228783772634,1.0,2.0,1.0,3.0,7.0,0.0071428571428571,3.564285714285714,17.25857142857143,7.0
C101009,Company_1009,Canada,North America,0,Manufacturing,201-1000,124188.72,Starter,Enterprise,Partner,2024-01-14,2025-01-14,0,0.5,6.3,0,370.0,1.010928961748634,366,132.0,0.360655737704918,4950.937246692449,13.527150947247128,167,2271.81,203.0,2679.127246692449,1.0,0.0,0.0,0.0,1.0,-0.32,0.69,2.39,1.0
C101010,Company_1010,US,North America,0,Unknown,10-Jan,2919.87,Starter,SMB_Inside,SelfServe,2023-07-19,2023-10-18,0,0.13,4.2,1,0.0,0.0,366,0.0,0.0,0.0,0.0,0,0.0,0.0,0.0,0.0,0.0,1.0,0.0,1.0,-0.15,0.27,1.89,1.0
C101011,Company_1011,Canada,North America,0,Logistics,Nov-50,6519.72,Growth,SMB_Inside,SelfServe,2023-11-16,2024-11-16,0,0.32,6.7,0,1251.0,3.418032786885246,366,434.0,1.185792349726776,8502.647142636928,23.231276346002534,738,4880.62,513.0,3622.027142636928,0.0,0.0,0.0,1.0,1.0,-0.07,11.23,14.07,1.0
C101012,Company_1012,Canada,North America,0,Healthcare,Nov-50,4780.38,Growth,SMB_Inside,Inbound,2023-04-21,,1,0.08,7.2,0,1484.0,4.054644808743169,366,514.0,1.4043715846994536,9937.00854105056,27.15029656024743,752,4897.12,732.0,5039.88854105056,1.0,0.0,1.0,0.0,2.0,0.0,1.355,11.435,2.0
C101013,Company_1013,Spain,Europe,1,Hospitality,Nov-50,7239.57,Starter,SMB_Inside,Inbound,2023-01-30,,1,0.18,6.4,0,344.0,1.0238095238095235,336,114.0,0.3392857142857143,4666.584607755617,13.888644665939337,197,2630.73,147.0,2035.8546077556175,0.0,1.0,0.0,0.0,1.0,-0.04,1.61,3.97,1.0
C101014,Company_1014,US,North America,0,Logistics,51-200,10779.47,Growth,MidMarket,Outbound,2023-04-11,,1,0.3,5.2,0,1395.0,3.8114754098360657,366,468.0,1.278688524590164,9537.98833735493,26.06007742446702,702,4708.67,693.0,4829.31833735493,1.0,1.0,1.0,2.0,5.0,0.1119999999999999,1.906,15.138,4.0
C101015,Company_1015,Canada,North America,0,Healthcare,51-200,15987.62,Growth,MidMarket,Inbound,2023-04-07,,1,0.24,9.9,0,1368.0,3.737704918032787,366,466.0,1.273224043715847,9463.469841831484,25.85647497768165,649,4644.13,719.0,4819.339841831485,0.0,1.0,0.0,1.0,2.0,-0.225,4.485,21.565,2.0
C101016,Company_1016,Canada,North America,0,Ecommerce,51-200,36408.74,Growth,MidMarket,Partner,2024-02-28,2024-08-29,0,0.16,4.5,0,739.0,2.019125683060109,366,241.0,0.6584699453551912,4921.911289681995,13.447845053775945,504,3267.01,235.0,1654.901289681995,0.0,0.0,1.0,0.0,1.0,-0.44,1.92,10.67,1.0
C101017,Company_1017,UK,Europe,1,Unknown,Nov-50,7411.84,Growth,SMB_Inside,Partner,2024-02-08,2025-02-08,0,0.27,6.7,0,1151.0,3.425595238095238,336,404.0,1.2023809523809523,7896.928576328032,23.502763620023902,550,3783.82,601.0,4113.108576328032,0.0,0.0,3.0,0.0,3.0,0.4066666666666667,7.926666666666666,13.953333333333331,3.0
C101018,Company_1018,UK,Europe,1,Logistics,10-Jan,2618.48,Starter,SMB_Field,Outbound,2023-12-19,,1,0.02,9.3,0,362.0,1.0773809523809523,336,135.0,0.4017857142857143,4713.338023574518,14.027791736828922,196,2548.24,166.0,2165.0980235745183,1.0,0.0,0.0,1.0,2.0,-0.45,7.825,17.515,2.0
C101019,Company_1019,US,North America,0,Hospitality,201-1000,126128.31,Enterprise,Enterprise,SelfServe,2024-03-07,2025-03-08,0,0.33,6.6,0,2966.0,8.103825136612022,366,1051.0,2.871584699453552,8629.515217630356,23.577910430684035,1152,3326.06,1814.0,5303.455217630357,1.0,0.0,2.0,3.0,6.0,-0.0233333333333333,4.723333333333334,9.846666666666666,6.0
C101020,Company_1020,Netherlands,Europe,1,Manufacturing,10-Jan,1703.06,Starter,SMB_Inside,Inbound,2023-05-30,,1,0.2,8.0,0,327.0,0.9732142857142856,336,111.0,0.3303571428571428,4472.501605678855,13.311016683568022,189,2481.21,138.0,1991.291605678856,0.0,0.0,1.0,0.0,1.0,0.55,1.38,6.48,1.0
C101021,Company_1021,UK,Europe,1,Healthcare,Nov-50,4738.78,Starter,SMB_Field,Inbound,2023-07-25,2024-07-25,0,0.08,5.4,0,230.0,0.6845238095238095,336,79.0,0.2351190476190476,3057.3870197331053,9.099366130158051,209,2720.81,21.0,336.5770197331053,1.0,0.0,0.0,0.0,1.0,-0.55,5.23,29.24,1.0
C101022,Company_1022,Netherlands,Europe,1,Logistics,51-200,24077.35,Enterprise,MidMarket,Outbound,2023-10-09,,1,0.45,5.5,0,3414.0,10.160714285714286,336,1153.0,3.431547619047619,9973.79757652358,29.683921358701134,1845,5477.29,1569.0,4496.507576523581,2.0,0.0,0.0,1.0,3.0,-0.0066666666666666,1.7299999999999998,10.593333333333332,3.0
C101023,Company_1023,US,North America,0,Unknown,10-Jan,2721.46,Growth,SMB_Inside,Partner,2023-09-28,,1,0.19,6.2,0,1496.0,4.087431693989071,366,520.0,1.4207650273224044,9901.026486779552,27.051984936556153,781,5084.97,715.0,4816.056486779553,1.0,0.0,3.0,0.0,4.0,0.2675,3.6525,10.23,4.0
C101024,Company_1024,Germany,Europe,1,Unknown,10-Jan,2632.8,Starter,SMB_Inside,SelfServe,2024-02-19,2024-08-20,0,0.44,4.8,0,164.0,0.4880952380952381,336,57.0,0.1696428571428571,2464.160594852354,7.333811294203433,116,1763.28,48.0,700.8805948523534,0.0,0.0,0.0,0.0,0.0,0.0,0.0,0.0,0.0
C101025,Company_1025,Netherlands,Europe,1,Ecommerce,Nov-50,9071.96,Growth,SMB_Inside,Partner,2024-02-24,2024-08-25,0,0.11,5.0,0,731.0,2.175595238095238,336,262.0,0.7797619047619048,4792.273521179113,14.262718813033077,507,3361.92,224.0,1430.3535211791132,0.0,0.0,0.0,0.0,0.0,0.0,0.0,0.0,0.0
C101026,Company_1026,Netherlands,Europe,1,Manufacturing,10-Jan,1293.85,Starter,SMB_Field,Inbound,2023-10-28,2024-01-27,0,0.22,4.5,1,25.0,0.0744047619047619,336,8.0,0.0238095238095238,297.8,0.8863095238095239,25,297.8,0.0,0.0,0.0,1.0,0.0,1.0,2.0,-0.07,2.565,4.025,1.0
C101027,Company_1027,Spain,Europe,1,Healthcare,10-Jan,1273.99,Starter,SMB_Inside,Partner,2024-03-05,2024-09-04,0,0.07,6.8,0,177.0,0.5267857142857143,336,63.0,0.1875,2437.955022812115,7.255818520274152,117,1547.51,60.0,890.4450228121153,0.0,1.0,0.0,0.0,1.0,0.01,0.72,1.2,1.0
C101028,Company_1028,Spain,Europe,1,Retail,1000+,331209.23,Enterprise,Enterprise,Partner,2023-07-04,2024-07-04,0,0.07,6.9,0,1831.0,5.449404761904762,336,644.0,1.9166666666666667,5563.740812388494,16.558752417822898,1799,5441.38,32.0,122.36081238849472,1.0,0.0,1.0,1.0,3.0,-0.1133333333333333,1.903333333333333,18.49,3.0
C101029,Company_1029,Spain,Europe,1,Logistics,Nov-50,6084.58,Growth,SMB_Inside,Partner,2023-07-19,2024-07-19,0,0.03,4.9,0,793.0,2.360119047619047,336,295.0,0.8779761904761905,5330.36920610649,15.864194065793123,699,4811.14,94.0,519.22920610649,1.0,0.0,0.0,0.0,1.0,0.0,9.66,14.46,1.0
C101030,Company_1030,Germany,Europe,1,Retail,201-1000,72763.5,Enterprise,Enterprise,Partner,2024-02-28,2025-02-28,0,0.21,7.2,0,2836.0,8.44047619047619,336,951.0,2.830357142857143,8190.691197120191,24.37705713428628,1286,3713.65,1550.0,4477.041197120191,0.0,2.0,0.0,0.0,2.0,0.06,1.69,15.08,2.0
C101031,Company_1031,Canada,North America,0,Unknown,10-Jan,1343.67,Growth,SMB_Inside,Inbound,2023-05-04,,1,0.32,4.7,0,1487.0,4.062841530054645,366,511.0,1.3961748633879782,9894.014517436151,27.032826550371997,755,4866.7,732.0,5027.314517436152,0.0,1.0,1.0,0.0,2.0,-0.27,7.535,15.325,2.0
C101032,Company_1032,Australia,North America,0,Retail,10-Jan,2378.68,Starter,SMB_Inside,Inbound,2023-03-29,,1,0.08,7.3,0,350.0,0.9562841530054644,366,130.0,0.3551912568306011,5083.6597989379925,13.88978087141528,180,2399.75,170.0,2683.9097989379925,0.0,0.0,0.0,0.0,0.0,0.0,0.0,0.0,0.0
C101033,Company_1033,Spain,Europe,1,Ecommerce,51-200,22936.01,Growth,MidMarket,Outbound,2023-02-26,,1,0.21,6.4,0,1309.0,3.8958333333333335,336,446.0,1.3273809523809523,8582.430149124,25.542946872392857,715,4735.15,594.0,3847.280149124001,4.0,1.0,0.0,1.0,6.0,-0.1633333333333333,7.913333333333333,16.515,6.0
C101034,Company_1034,Canada,North America,0,Logistics,10-Jan,2869.04,Starter,SMB_Inside,SelfServe,2023-09-24,2024-03-25,0,0.37,5.5,1,94.0,0.2568306010928962,366,28.0,0.0765027322404371,1098.13,3.0003551912568307,94,1098.13,0.0,0.0,0.0,1.0,0.0,0.0,1.0,-0.24,4.84,32.87,1.0
C101035,Company_1035,Spain,Europe,1,Hospitality,Nov-50,9218.18,Growth,SMB_Inside,SelfServe,2024-01-18,2024-07-19,0,0.2,8.6,0,720.0,2.142857142857143,336,245.0,0.7291666666666666,4851.418586081608,14.438745791909549,654,4433.42,66.0,417.9985860816081,0.0,1.0,0.0,1.0,2.0,-0.065,3.48,15.575,1.0
C101036,Company_1036,Australia,North America,0,Unknown,Nov-50,7109.18,Enterprise,SMB_Inside,SelfServe,2023-08-16,2024-08-16,0,0.07,7.8,0,2217.0,6.057377049180328,366,763.0,2.084699453551913,6850.584865690916,18.717444988226543,1754,5384.55,463.0,1466.0348656909152,1.0,0.0,0.0,2.0,3.0,0.0733333333333333,2.8633333333333333,17.62333333333333,2.0
C101037,Company_1037,Australia,North America,0,Professional Services,Nov-50,8902.39,Starter,SMB_Inside,SelfServe,2023-12-07,2024-12-07,0,0.22,8.0,0,341.0,0.9316939890710384,366,111.0,0.3032786885245901,4824.101961339405,13.180606451747009,176,2710.88,165.0,2113.2219613394045,2.0,0.0,0.0,0.0,2.0,-0.15,2.715,16.044999999999998,2.0
C101038,Company_1038,Netherlands,Europe,1,Manufacturing,10-Jan,2413.06,Growth,SMB_Inside,Partner,2023-06-09,,1,0.12,6.8,0,1435.0,4.270833333333333,336,500.0,1.488095238095238,9312.462382433248,27.7156618524799,808,4907.35,627.0,4405.112382433246,2.0,0.0,0.0,0.0,2.0,0.14,19.15,23.2,2.0
C101039,Company_1039,US,North America,0,Manufacturing,10-Jan,2629.02,Starter,SMB_Field,SelfServe,2023-06-25,,1,0.42,3.8,0,345.0,0.9426229508196722,366,130.0,0.3551912568306011,5032.6009489407,13.750275816777869,179,2568.36,166.0,2464.2409489407,0.0,0.0,0.0,0.0,0.0,0.0,0.0,0.0,0.0
C101040,Company_1040,Canada,North America,0,Logistics,10-Jan,1104.1,Starter,SMB_Inside,Inbound,2023-02-21,2023-08-23,0,0.2,5.2,1,0.0,0.0,366,0.0,0.0,0.0,0.0,0,0.0,0.0,0.0,0.0,0.0,0.0,1.0,1.0,-0.28,0.47,9.27,1.0
C101041,Company_1041,US,North America,0,Hospitality,10-Jan,2226.1,Starter,SMB_Inside,SelfServe,2023-01-29,2023-04-30,0,0.15,8.2,1,0.0,0.0,366,0.0,0.0,0.0,0.0,0,0.0,0.0,0.0,0.0,0.0,0.0,0.0,0.0,0.0,0.0,0.0,0.0
C101042,Company_1042,US,North America,0,Healthcare,10-Jan,1080.28,Starter,SMB_Inside,Inbound,2023-12-30,,1,0.09,5.9,0,339.0,0.9262295081967212,366,119.0,0.3251366120218579,4972.871713623926,13.587081184764823,172,2483.09,167.0,2489.781713623926,0.0,0.0,0.0,0.0,0.0,0.0,0.0,0.0,0.0
C101043,Company_1043,Canada,North America,0,Manufacturing,Nov-50,6211.53,Starter,SMB_Inside,Partner,2024-01-19,2025-01-19,0,0.26,4.5,0,334.0,0.912568306010929,366,114.0,0.3114754098360656,4888.330152082619,13.356093311701144,145,2283.56,189.0,2604.7701520826195,0.0,1.0,0.0,0.0,1.0,0.11,7.53,8.21,1.0
C101044,Company_1044,Germany,Europe,1,Healthcare,1000+,409106.68,Growth,Enterprise,Inbound,2024-01-28,2025-01-28,0,0.08,4.8,0,1223.0,3.639880952380953,336,445.0,1.324404761904762,8190.68820809438,24.37704823837613,560,4040.34,663.0,4150.3482080943795,0.0,1.0,1.0,1.0,3.0,-0.16,10.48,19.153333333333332,1.0
C101045,Company_1045,Canada,North America,0,Unknown,201-1000,134847.68,Enterprise,Enterprise,Partner,2023-08-22,2024-08-22,0,0.06,6.9,0,2362.0,6.453551912568306,366,856.0,2.33879781420765,6978.691937445339,19.06746430995994,1821,5330.12,541.0,1648.5719374453397,2.0,2.0,1.0,1.0,6.0,-0.2216666666666666,3.4466666666666668,12.475,5.0
C101046,Company_1046,Canada,North America,0,Unknown,Nov-50,9905.83,Growth,SMB_Field,SelfServe,2023-01-23,,1,0.18,5.7,0,1424.0,3.890710382513661,366,504.0,1.3770491803278688,9391.855186154567,25.660806519548,696,4503.47,728.0,4888.385186154568,0.0,0.0,1.0,0.0,1.0,-0.06,0.11,14.64,1.0
C101047,Company_1047,UK,Europe,1,Retail,10-Jan,2503.16,Starter,SMB_Inside,SelfServe,2023-10-31,,1,0.05,4.7,0,325.0,0.9672619047619048,336,109.0,0.3244047619047619,4654.930910175238,13.853961042188208,161,2384.85,164.0,2270.080910175238,0.0,0.0,0.0,0.0,0.0,0.0,0.0,0.0,0.0
C101048,Company_1048,Australia,North America,0,Manufacturing,201-1000,65426.65,Enterprise,Enterprise,Outbound,2023-02-10,,1,0.08,6.6,0,3548.0,9.693989071038253,366,1275.0,3.4836065573770494,11093.485666498089,30.310070127043954,1726,5498.54,1822.0,5594.945666498086,1.0,3.0,0.0,2.0,6.0,-0.0133333333333333,3.295,6.718333333333333,6.0
C101049,Company_1049,Spain,Europe,1,Unknown,10-Jan,2652.72,Starter,SMB_Inside,Inbound,2023-03-08,,1,0.22,5.9,0,363.0,1.0803571428571428,336,121.0,0.3601190476190476,4514.485630019497,13.435969136962788,209,2449.21,154.0,2065.2756300194974,0.0,2.0,0.0,0.0,2.0,-0.0199999999999999,1.045,15.15,2.0
C101050,Company_1050,US,North America,0,Retail,Nov-50,7576.04,Starter,SMB_Inside,Inbound,2024-03-04,2024-09-03,0,0.27,9.2,0,190.0,0.5191256830601093,366,71.0,0.1939890710382513,2449.6719963135306,6.6930928861025425,133,1646.28,57.0,803.3919963135306,0.0,0.0,0.0,0.0,0.0,0.0,0.0,0.0,0.0
C101051,Company_1051,Germany,Europe,1,Professional Services,Nov-50,4799.04,Enterprise,SMB_Inside,Inbound,2023-03-04,2024-03-04,0,0.09,6.5,1,640.0,1.9047619047619049,336,215.0,0.6398809523809523,1993.48,5.93297619047619,640,1993.48,0.0,0.0,1.0,1.0,2.0,2.0,6.0,0.0033333333333333,4.16,15.333333333333334,6.0
C101052,Company_1052,Spain,Europe,1,Healthcare,51-200,20432.95,Enterprise,MidMarket,Outbound,2024-03-15,2025-03-16,0,0.05,7.5,0,2641.0,7.860119047619048,336,929.0,2.764880952380953,7850.785681916635,23.365433577132844,1042,3293.43,1599.0,4557.355681916636,0.0,1.0,0.0,1.0,2.0,-0.1049999999999999,2.225,11.905,1.0
C101053,Company_1053,Spain,Europe,1,Logistics,201-1000,64164.21,Growth,Enterprise,Partner,2024-02-01,2025-02-01,0,0.22,5.5,0,1199.0,3.568452380952381,336,439.0,1.306547619047619,8283.124695091285,24.652156830628822,584,4146.22,615.0,4136.904695091285,1.0,0.0,0.0,0.0,1.0,-0.15,0.26,5.67,1.0
C101054,Company_1054,Netherlands,Europe,1,Manufacturing,201-1000,133240.97,Growth,Enterprise,Inbound,2023-05-14,2024-05-14,0,0.25,4.5,1,572.0,1.7023809523809523,336,188.0,0.5595238095238095,3599.98,10.714226190476191,572,3599.98,0.0,0.0,1.0,0.0,0.0,0.0,1.0,-0.16,8.01,38.06,1.0
C101055,Company_1055,US,North America,0,Unknown,Nov-50,5968.37,Starter,SMB_Inside,Inbound,2024-02-05,2025-02-05,0,0.21,10.0,0,352.0,0.9617486338797814,366,144.0,0.3934426229508196,4900.391790071575,13.389048606752937,145,2019.25,207.0,2881.1417900715755,1.0,0.0,0.0,0.0,1.0,-0.15,0.12,3.29,1.0
C101056,Company_1056,Germany,Europe,1,Unknown,51-200,21434.43,Growth,MidMarket,Partner,2024-02-15,2025-02-15,0,0.11,7.9,0,1141.0,3.3958333333333335,336,403.0,1.199404761904762,7623.798942934036,22.689877806351294,518,3644.65,623.0,3979.1489429340354,2.0,1.0,0.0,2.0,5.0,-0.024,6.268,11.326,5.0
C101057,Company_1057,Spain,Europe,1,Professional Services,10-Jan,2334.17,Starter,SMB_Inside,Inbound,2023-10-15,,1,0.14,3.1,0,319.0,0.949404761904762,336,107.0,0.3184523809523809,4656.174332756695,13.85766170463302,177,2573.21,142.0,2082.964332756694,0.0,0.0,2.0,0.0,2.0,0.4,1.815,3.07,2.0
C101058,Company_1058,Netherlands,Europe,1,Hospitality,51-200,28535.77,Starter,MidMarket,Partner,2023-10-17,2024-10-17,0,0.08,7.0,0,261.0,0.7767857142857143,336,87.0,0.2589285714285714,3428.8746686208287,10.204984132800083,181,2430.82,80.0,998.0546686208288,1.0,0.0,0.0,0.0,1.0,-0.33,10.35,27.4,1.0
C101059,Company_1059,Australia,North America,0,Retail,1000+,387325.38,Enterprise,Enterprise,SelfServe,2023-10-20,2024-10-20,0,0.31,6.8,0,2942.0,8.03825136612022,366,992.0,2.710382513661202,8949.518352378125,24.45223593545936,1819,5611.72,1123.0,3337.7983523781254,0.0,0.0,0.0,0.0,0.0,0.0,0.0,0.0,0.0
C101060,Company_1060,Spain,Europe,1,Ecommerce,Nov-50,4393.31,Starter,SMB_Inside,Outbound,2023-03-24,,1,0.13,8.8,0,330.0,0.9821428571428572,336,103.0,0.306547619047619,4737.809956259438,14.100624869819756,169,2460.78,161.0,2277.029956259438,0.0,0.0,0.0,0.0,0.0,0.0,0.0,0.0,0.0
C101061,Company_1061,Canada,North America,0,Ecommerce,Nov-50,5418.12,Starter,SMB_Inside,Outbound,2023-07-18,2024-07-18,0,0.22,7.0,0,177.0,0.4836065573770491,366,65.0,0.1775956284153005,2564.2018474080032,7.006015976524599,162,2334.32,15.0,229.8818474080032,0.0,1.0,0.0,0.0,1.0,0.22,6.16,12.15,1.0
C101062,Company_1062,Germany,Europe,1,Logistics,Nov-50,3868.02,Starter,SMB_Inside,Inbound,2023-12-22,2024-12-22,0,0.29,4.5,0,301.0,0.8958333333333334,336,95.0,0.2827380952380952,4285.161817067732,12.75345778889206,162,2310.86,139.0,1974.301817067732,2.0,0.0,0.0,0.0,2.0,-0.015,2.65,6.025,2.0
C101063,Company_1063,France,Europe,1,Ecommerce,Nov-50,5151.06,Enterprise,SMB_Inside,Inbound,2023-09-24,2024-09-24,0,0.29,3.8,0,2426.0,7.220238095238095,336,882.0,2.625,7237.197930095078,21.5392795538544,1810,5426.35,616.0,1810.8479300950776,1.0,2.0,2.0,4.0,9.0,-0.1844444444444444,2.2844444444444445,11.795555555555556,8.0
C101064,Company_1064,UK,Europe,1,Retail,Nov-50,6744.15,Growth,SMB_Inside,Outbound,2023-01-23,,1,0.08,6.1,0,1291.0,3.8422619047619047,336,470.0,1.3988095238095235,8802.702306411084,26.198518769080607,706,4760.49,585.0,4042.2123064110833,1.0,1.0,0.0,1.0,3.0,0.0933333333333333,3.5,11.066666666666668,3.0
C101065,Company_1065,Australia,North America,0,Unknown,201-1000,128649.62,Growth,Enterprise,Inbound,2023-08-25,2024-08-25,0,0.1,5.2,0,946.0,2.584699453551913,366,320.0,0.8743169398907104,6334.282751786744,17.306783474827167,714,4732.04,232.0,1602.2427517867436,0.0,1.0,1.0,0.0,2.0,0.455,5.09,9.105,2.0
C101066,Company_1066,Canada,North America,0,Professional Services,1000+,455414.26,Growth,Enterprise,Outbound,2023-02-25,,1,0.11,6.6,0,1415.0,3.866120218579235,366,477.0,1.3032786885245902,9621.67675802811,26.288734311552215,744,5021.57,671.0,4600.106758028111,1.0,1.0,0.0,0.0,2.0,-0.0999999999999999,14.215,25.44,0.0
C101067,Company_1067,US,North America,0,Hospitality,201-1000,90460.17,Growth,Enterprise,Partner,2024-02-27,2025-02-27,0,0.69,6.7,0,1239.0,3.3852459016393444,366,445.0,1.215846994535519,8415.576334138023,22.993377962125745,510,3397.5,729.0,5018.0763341380225,0.0,0.0,0.0,0.0,0.0,0.0,0.0,0.0,0.0
C101068,Company_1068,UK,Europe,1,Wholesale,1000+,480034.41,Growth,Enterprise,Partner,2023-01-02,,1,0.08,9.3,0,1318.0,3.922619047619047,336,489.0,1.4553571428571428,9065.338624937713,26.980174478981287,705,4815.91,613.0,4249.428624937712,0.0,1.0,0.0,1.0,2.0,0.34,5.97,11.29,2.0
C101069,Company_1069,France,Europe,1,Unknown,Nov-50,5844.8,Growth,SMB_Field,Inbound,2023-05-15,,1,0.03,7.4,0,1336.0,3.976190476190476,336,480.0,1.4285714285714286,8822.480877298522,26.25738356338846,737,4863.08,599.0,3959.400877298521,0.0,1.0,2.0,2.0,5.0,0.0559999999999999,3.846,8.703999999999999,5.0
C101070,Company_1070,Australia,North America,0,Logistics,Nov-50,8772.31,Starter,SMB_Field,SelfServe,2023-11-20,2024-11-20,0,0.21,7.8,0,343.0,0.9371584699453552,366,106.0,0.2896174863387978,4697.623547894093,12.835037016104078,199,2731.29,144.0,1966.333547894093,0.0,0.0,0.0,0.0,0.0,0.0,0.0,0.0,0.0
C101071,Company_1071,US,North America,0,Retail,51-200,31047.98,Enterprise,MidMarket,Partner,2023-09-12,2024-09-12,0,0.11,6.0,0,2551.0,6.969945355191257,366,859.0,2.3469945355191255,7476.162559184088,20.426673658972916,1780,5320.17,771.0,2155.992559184087,1.0,0.0,0.0,0.0,1.0,-0.66,6.65,8.25,0.0
C101072,Company_1072,Australia,North America,0,Healthcare,201-1000,115163.4,Growth,Enterprise,SelfServe,2023-05-13,,1,0.12,6.9,0,1480.0,4.043715846994536,366,508.0,1.3879781420765027,9506.24699473726,25.973352444637325,727,4769.56,753.0,4736.686994737262,1.0,0.0,0.0,0.0,1.0,-0.43,2.63,41.74,1.0
C101073,Company_1073,Spain,Europe,1,Hospitality,10-Jan,1425.88,Starter,SMB_Field,Partner,2023-10-24,2024-10-24,0,0.19,5.3,0,270.0,0.8035714285714286,336,105.0,0.3125,4002.448181580533,11.91204815946587,176,2653.67,94.0,1348.7781815805326,0.0,0.0,0.0,0.0,0.0,0.0,0.0,0.0,0.0
C101074,Company_1074,Germany,Europe,1,Ecommerce,10-Jan,1500.67,Starter,SMB_Inside,Partner,2024-03-31,2024-09-30,0,0.28,6.6,0,133.0,0.3958333333333333,336,47.0,0.1398809523809523,2098.2034060280075,6.244652994130975,82,1267.77,51.0,830.4334060280077,2.0,0.0,0.0,1.0,3.0,0.0566666666666666,4.7299999999999995,15.163333333333334,2.0
C101075,Company_1075,US,North America,0,Unknown,10-Jan,1557.67,Growth,SMB_Inside,Outbound,2023-08-08,2024-08-08,0,0.33,3.0,0,902.0,2.4644808743169397,366,345.0,0.9426229508196722,6079.15663098744,16.609717571003934,734,5026.39,168.0,1052.7666309874394,1.0,1.0,0.0,0.0,2.0,0.205,9.26,25.645,2.0
C101076,Company_1076,France,Europe,1,Unknown,51-200,10231.91,Growth,MidMarket,Outbound,2023-01-18,,1,0.08,7.7,0,1371.0,4.080357142857143,336,479.0,1.425595238095238,8973.903801867918,26.708047029368807,735,4810.47,636.0,4163.433801867918,0.0,0.0,1.0,0.0,1.0,-0.16,2.35,9.2,1.0
C101077,Company_1077,Australia,North America,0,Unknown,Nov-50,9461.01,Starter,SMB_Field,Partner,2023-03-12,,1,0.11,7.8,0,375.0,1.024590163934426,366,119.0,0.3251366120218579,5009.678967035204,13.687647450915858,187,2429.88,188.0,2579.798967035204,1.0,0.0,0.0,0.0,1.0,0.05,5.26,5.33,1.0
C101078,Company_1078,US,North America,0,Professional Services,Nov-50,4859.75,Growth,SMB_Field,Partner,2023-03-19,,1,0.14,6.6,0,1455.0,3.9754098360655736,366,503.0,1.3743169398907105,9814.271265975462,26.814948814140607,734,4961.51,721.0,4852.761265975462,0.0,0.0,0.0,0.0,0.0,0.0,0.0,0.0,0.0
C101079,Company_1079,UK,Europe,1,Manufacturing,201-1000,79171.65,Enterprise,Enterprise,Inbound,2023-11-05,2024-11-05,0,0.04,7.2,0,2839.0,8.449404761904763,336,985.0,2.931547619047619,8226.416828504593,24.48338341816843,1865,5274.17,974.0,2952.246828504593,0.0,1.0,1.0,0.0,2.0,0.19,1.075,12.435,2.0
C101080,Company_1080,France,Europe,1,Retail,Nov-50,9223.29,Growth,SMB_Inside,Outbound,2023-01-24,,1,0.16,7.2,0,1323.0,3.9375,336,451.0,1.3422619047619049,8772.282126569697,26.107982519552667,723,4863.39,600.0,3908.892126569697,0.0,0.0,0.0,0.0,0.0,0.0,0.0,0.0,0.0
C101081,Company_1081,US,North America,0,Hospitality,10-Jan,1985.98,Starter,SMB_Inside,Inbound,2023-12-06,2024-12-06,0,0.14,9.4,0,322.0,0.8797814207650273,366,113.0,0.3087431693989071,4816.850280077769,13.160793114966582,176,2547.88,146.0,2268.970280077768,0.0,0.0,1.0,1.0,2.0,-0.14,3.765,13.975,2.0
C101082,Company_1082,Netherlands,Europe,1,Unknown,10-Jan,1905.45,Starter,SMB_Inside,Partner,2024-03-27,2024-09-26,0,0.21,6.0,0,158.0,0.4702380952380952,336,63.0,0.1875,2141.5048012388065,6.373526194163115,100,1340.96,58.0,800.5448012388067,0.0,0.0,0.0,0.0,0.0,0.0,0.0,0.0,0.0
C101083,Company_1083,Germany,Europe,1,Retail,10-Jan,1502.16,Starter,SMB_Field,SelfServe,2023-07-21,2024-01-20,0,0.23,8.2,1,17.0,0.050595238095238,336,5.0,0.0148809523809523,266.62,0.7935119047619048,17,266.62,0.0,0.0,0.0,0.0,0.0,1.0,1.0,-0.33,2.17,3.46,1.0
C101084,Company_1084,Netherlands,Europe,1,Manufacturing,Nov-50,9934.4,Growth,SMB_Field,Inbound,2023-04-25,,1,0.17,7.2,0,1347.0,4.008928571428571,336,500.0,1.488095238095238,9049.239644813228,26.932260847658416,743,4951.94,604.0,4097.299644813227,1.0,0.0,1.0,1.0,3.0,-0.19,2.7566666666666664,8.76,2.0
C101085,Company_1085,Netherlands,Europe,1,Unknown,10-Jan,1542.83,Growth,SMB_Field,SelfServe,2023-02-09,,1,0.3,5.4,0,1343.0,3.9970238095238098,336,474.0,1.4107142857142858,9267.559837395806,27.582023325582753,741,5005.28,602.0,4262.279837395806,1.0,0.0,0.0,0.0,1.0,-0.15,2.23,16.78,1.0
C101086,Company_1086,Germany,Europe,1,Healthcare,201-1000,135573.58,Growth,Enterprise,Inbound,2024-02-12,2025-02-12,0,0.54,7.4,0,1157.0,3.443452380952381,336,390.0,1.1607142857142858,8107.116609033427,24.12832324117091,554,3845.82,603.0,4261.296609033428,0.0,1.0,0.0,1.0,2.0,0.06,4.41,5.705,2.0
C101087,Company_1087,Spain,Europe,1,Ecommerce,10-Jan,1167.98,Starter,SMB_Inside,Partner,2023-12-22,,1,0.19,5.6,0,360.0,1.0714285714285714,336,113.0,0.3363095238095238,4588.872889631646,13.657359790570377,203,2520.36,157.0,2068.512889631646,0.0,1.0,1.0,0.0,2.0,0.275,7.720000000000001,13.33,1.0
C101088,Company_1088,Australia,North America,0,Unknown,10-Jan,2383.82,Starter,SMB_Field,Inbound,2023-04-02,,1,0.21,5.4,0,349.0,0.953551912568306,366,135.0,0.3688524590163934,5158.217824315954,14.093491323267637,166,2342.47,183.0,2815.747824315954,0.0,0.0,0.0,0.0,0.0,0.0,0.0,0.0,0.0
C101089,Company_1089,Netherlands,Europe,1,Ecommerce,10-Jan,1767.44,Starter,SMB_Inside,Partner,2023-10-08,2024-04-08,0,0.21,5.5,1,85.0,0.2529761904761904,336,32.0,0.0952380952380952,1340.33,3.9890773809523807,85,1340.33,0.0,0.0,0.0,1.0,0.0,1.0,2.0,-0.07,0.715,19.125,2.0
C101090,Company_1090,UK,Europe,1,Unknown,Nov-50,3958.15,Growth,SMB_Inside,Outbound,2023-08-01,,1,0.19,4.7,0,1325.0,3.943452380952381,336,468.0,1.3928571428571428,8822.875659569683,26.258558510624056,726,4793.6,599.0,4029.275659569684,1.0,0.0,0.0,1.0,2.0,-0.22,0.51,18.375,2.0
C101091,Company_1091,UK,Europe,1,Unknown,201-1000,124197.54,Growth,Enterprise,Inbound,2024-01-25,2025-01-25,0,0.12,5.9,0,1213.0,3.610119047619047,336,399.0,1.1875,8557.527389489394,25.468831516337485,612,4302.39,601.0,4255.137389489394,0.0,0.0,1.0,0.0,1.0,0.25,2.42,8.92,1.0
C101092,Company_1092,UK,Europe,1,Retail,10-Jan,1382.59,Starter,SMB_Field,SelfServe,2023-02-27,,1,0.4,3.4,0,330.0,0.9821428571428572,336,109.0,0.3244047619047619,4601.868647217591,13.696037640528546,188,2595.85,142.0,2006.0186472175917,0.0,0.0,1.0,0.0,1.0,0.07,0.82,22.8,1.0
C101093,Company_1093,Netherlands,Europe,1,Manufacturing,1000+,260876.88,Growth,Enterprise,Inbound,2023-04-21,,1,0.1,7.0,0,1354.0,4.029761904761905,336,438.0,1.3035714285714286,9030.79650360379,26.87737054643985,741,5037.82,613.0,3992.9765036037898,1.0,1.0,1.0,0.0,3.0,0.2666666666666666,3.7566666666666664,7.296666666666667,3.0
C101094,Company_1094,Australia,North America,0,Unknown,51-200,13409.54,Starter,MidMarket,Partner,2023-05-26,,1,0.24,9.3,0,354.0,0.9672131147540984,366,122.0,0.3333333333333333,5211.884596574416,14.240121848563978,162,2370.52,192.0,2841.3645965744154,0.0,0.0,1.0,0.0,1.0,-0.04,2.18,9.62,1.0
C101095,Company_1095,US,North America,0,Wholesale,Nov-50,3880.0,Growth,SMB_Inside,Inbound,2023-12-02,2024-12-02,0,0.22,8.4,0,1346.0,3.677595628415301,366,481.0,1.314207650273224,8968.903852104902,24.505201781707385,720,4829.84,626.0,4139.063852104902,1.0,0.0,0.0,0.0,1.0,-0.45,10.1,23.1,0.0
C101096,Company_1096,US,North America,0,Retail,51-200,38544.98,Growth,MidMarket,Partner,2023-11-15,2024-11-15,0,0.06,7.6,0,1262.0,3.448087431693989,366,423.0,1.1557377049180328,8637.506624546713,23.599744875810693,698,4766.59,564.0,3870.9166245467136,1.0,1.0,1.0,1.0,4.0,-0.0325,3.2,8.9175,3.0
C101097,Company_1097,France,Europe,1,Retail,10-Jan,2958.31,Starter,SMB_Inside,Partner,2024-01-20,2024-07-21,0,0.16,4.8,0,192.0,0.5714285714285714,336,64.0,0.1904761904761904,2585.2494105038086,7.694194674118478,169,2362.76,23.0,222.48941050380844,0.0,0.0,0.0,0.0,0.0,0.0,0.0,0.0,0.0
C101098,Company_1098,US,North America,0,Professional Services,201-1000,41054.46,Growth,Enterprise,Outbound,2023-11-24,2024-11-24,0,0.19,6.7,0,1346.0,3.677595628415301,366,447.0,1.221311475409836,8765.331591833798,23.948993420310924,775,4967.71,571.0,3797.6215918337975,1.0,0.0,1.0,0.0,2.0,-0.195,1.665,10.505,2.0
C101099,Company_1099,France,Europe,1,Unknown,201-1000,99336.92,Enterprise,Enterprise,Outbound,2023-02-22,,1,0.06,6.3,0,3425.0,10.19345238095238,336,1238.0,3.6845238095238098,10264.164377503215,30.548108266378623,1907,5696.3,1518.0,4567.864377503217,0.0,1.0,1.0,1.0,3.0,-0.28,3.0966666666666662,12.973333333333334,3.0
C101100,Company_1100,Netherlands,Europe,1,Retail,Nov-50,3096.76,Starter,SMB_Field,SelfServe,2023-03-19,,1,0.01,9.0,0,325.0,0.9672619047619048,336,118.0,0.3511904761904761,4708.83870833451,14.01440091766223,168,2633.78,157.0,2075.05870833451,0.0,0.0,0.0,1.0,1.0,-0.44,1.32,11.01,1.0
C101101,Company_1101,Canada,North America,0,Unknown,10-Jan,2034.03,Growth,SMB_Inside,Partner,2023-06-29,,1,0.11,8.1,0,1447.0,3.953551912568306,366,528.0,1.4426229508196722,9733.920081789858,26.59541005953513,724,4940.44,723.0,4793.4800817898595,1.0,1.0,1.0,0.0,3.0,0.3433333333333333,4.266666666666667,7.983333333333333,3.0
C101102,Company_1102,Germany,Europe,1,Ecommerce,201-1000,91260.39,Enterprise,Enterprise,Outbound,2023-03-25,2023-09-24,0,0.04,6.7,1,0.0,0.0,336,0.0,0.0,0.0,0.0,0,0.0,0.0,0.0,0.0,0.0,1.0,2.0,3.0,-0.1466666666666667,1.5366666666666664,8.42,3.0
C101103,Company_1103,Germany,Europe,1,Manufacturing,1000+,203977.96,Growth,Enterprise,Outbound,2023-09-30,2024-09-30,0,0.2,5.1,0,954.0,2.8392857142857144,336,325.0,0.9672619047619048,6343.665098758596,18.879955651067252,715,4768.18,239.0,1575.485098758597,2.0,0.0,1.0,0.0,3.0,-0.03,2.25,5.433333333333334,3.0
C101104,Company_1104,Spain,Europe,1,Manufacturing,201-1000,137974.65,Starter,Enterprise,Outbound,2023-05-09,,1,0.34,7.6,0,348.0,1.0357142857142858,336,120.0,0.3571428571428571,4652.66632789156,13.847221213962976,186,2422.41,162.0,2230.2563278915604,0.0,0.0,0.0,0.0,0.0,0.0,0.0,0.0,0.0
C101105,Company_1105,Netherlands,Europe,1,Healthcare,1000+,494256.78,Enterprise,Enterprise,SelfServe,2023-12-22,,1,0.1,4.9,0,3374.0,10.041666666666666,336,1186.0,3.5297619047619047,10183.726248616682,30.308709073263937,1812,5531.24,1562.0,4652.486248616683,0.0,4.0,0.0,0.0,4.0,-0.175,3.4425,10.7775,4.0
C101106,Company_1106,UK,Europe,1,Wholesale,10-Jan,1043.28,Starter,SMB_Inside,Outbound,2023-05-12,,1,0.33,5.1,0,330.0,0.9821428571428572,336,126.0,0.375,4559.027370372704,13.568533840394954,187,2370.44,143.0,2188.5873703727043,1.0,0.0,0.0,0.0,1.0,-0.42,1.67,4.77,1.0
C101107,Company_1107,Canada,North America,0,Logistics,Nov-50,9390.02,Growth,SMB_Field,Inbound,2024-03-12,2024-09-11,0,0.16,5.4,0,728.0,1.989071038251366,366,236.0,0.644808743169399,4986.201978770824,13.623502674237224,452,3088.3,276.0,1897.901978770824,0.0,0.0,1.0,1.0,2.0,0.045,5.915,9.57,1.0
C101108,Company_1108,Australia,North America,0,Logistics,Nov-50,8038.81,Starter,SMB_Field,SelfServe,2024-03-18,2025-03-19,0,0.1,10.0,0,318.0,0.8688524590163934,366,111.0,0.3032786885245901,4382.258107366316,11.973382807011792,119,1600.34,199.0,2781.918107366316,0.0,0.0,0.0,0.0,0.0,0.0,0.0,0.0,0.0
C101109,Company_1109,France,Europe,1,Hospitality,51-200,25387.89,Growth,MidMarket,Partner,2023-05-31,,1,0.09,6.3,0,1355.0,4.032738095238095,336,469.0,1.3958333333333333,8765.191858540253,26.0868805313698,739,4731.61,616.0,4033.581858540253,1.0,0.0,0.0,0.0,1.0,-0.11,3.47,12.84,1.0
C101110,Company_1110,Germany,Europe,1,Ecommerce,10-Jan,2581.21,Starter,SMB_Inside,SelfServe,2023-01-29,2023-07-31,0,0.31,6.7,1,0.0,0.0,336,0.0,0.0,0.0,0.0,0,0.0,0.0,0.0,0.0,2.0,0.0,0.0,2.0,-0.25,4.7,7.75,2.0
C101111,Company_1111,Germany,Europe,1,Logistics,201-1000,112111.4,Enterprise,Enterprise,Inbound,2023-07-22,2024-07-22,0,0.17,4.0,0,1998.0,5.946428571428571,336,697.0,2.074404761904762,6189.512121591315,18.42116702854558,1771,5495.99,227.0,693.522121591315,1.0,1.0,2.0,0.0,4.0,0.005,2.8474999999999997,10.33,3.0
C101112,Company_1112,US,North America,0,Unknown,Nov-50,5792.71,Growth,SMB_Inside,Inbound,2024-02-15,2025-02-15,0,0.11,8.8,0,1306.0,3.568306010928962,366,491.0,1.3415300546448088,8782.447969201827,23.995759478693515,579,3845.38,727.0,4937.067969201827,1.0,0.0,0.0,1.0,2.0,-0.37,7.71,14.73,2.0
C101113,Company_1113,Canada,North America,0,Retail,201-1000,74100.2,Enterprise,Enterprise,Partner,2023-05-08,,1,0.13,6.8,0,3780.0,10.327868852459016,366,1311.0,3.581967213114754,11159.722050269524,30.49104385319542,1920,5605.98,1860.0,5553.742050269523,0.0,2.0,2.0,2.0,6.0,-0.1066666666666666,1.7633333333333334,11.39,6.0
C101114,Company_1114,Germany,Europe,1,Healthcare,10-Jan,1431.73,Starter,SMB_Inside,Outbound,2023-08-18,,1,0.21,7.1,0,301.0,0.8958333333333334,336,108.0,0.3214285714285714,4348.523040539597,12.9420328587488,172,2350.69,129.0,1997.8330405395973,0.0,0.0,0.0,0.0,0.0,0.0,0.0,0.0,0.0
C101115,Company_1115,Canada,North America,0,Wholesale,10-Jan,1045.84,Starter,SMB_Inside,SelfServe,2023-06-28,,1,0.05,4.5,0,400.0,1.092896174863388,366,142.0,0.3879781420765027,5154.85724111392,14.084309401950602,209,2511.83,191.0,2643.027241113921,0.0,0.0,0.0,0.0,0.0,0.0,0.0,0.0,0.0
C101116,Company_1116,US,North America,0,Manufacturing,10-Jan,2977.31,Starter,SMB_Inside,SelfServe,2023-07-03,,1,0.05,4.5,0,380.0,1.0382513661202186,366,139.0,0.3797814207650273,5517.432854384598,15.074953154056278,195,2847.39,185.0,2670.0428543845974,0.0,0.0,0.0,0.0,0.0,0.0,0.0,0.0,0.0
C101117,Company_1117,Canada,North America,0,Retail,201-1000,107207.1,Enterprise,Enterprise,Partner,2023-12-17,2024-12-17,0,0.18,8.6,0,3507.0,9.581967213114757,366,1248.0,3.4098360655737703,10403.239980376176,28.42415295184747,1817,5403.16,1690.0,5000.079980376174,0.0,0.0,1.0,0.0,1.0,-0.04,5.19,5.19,1.0
C101118,Company_1118,France,Europe,1,Unknown,10-Jan,1977.6,Growth,SMB_Inside,SelfServe,2023-11-11,,1,0.2,6.6,0,1356.0,4.035714285714286,336,480.0,1.4285714285714286,9487.922736678329,28.23786528773312,735,5114.94,621.0,4372.982736678328,0.0,3.0,1.0,1.0,5.0,-0.0139999999999999,5.904000000000001,13.663999999999998,5.0
C101119,Company_1119,Germany,Europe,1,Retail,Nov-50,5853.19,Growth,SMB_Inside,Inbound,2023-09-21,2024-09-21,0,0.02,7.1,0,916.0,2.7261904761904763,336,298.0,0.8869047619047619,6412.841650223725,19.085838244713468,670,4730.96,246.0,1681.8816502237255,2.0,0.0,0.0,1.0,3.0,-0.1066666666666666,2.54,14.143333333333333,3.0
C101120,Company_1120,Netherlands,Europe,1,Retail,201-1000,126547.13,Enterprise,Enterprise,Inbound,2023-01-23,,1,0.48,2.8,0,3303.0,9.830357142857142,336,1143.0,3.4017857142857144,10161.964465022367,30.243941860185625,1831,5416.23,1472.0,4745.734465022369,1.0,0.0,1.0,0.0,2.0,-0.23,1.57,10.28,1.0
C101121,Company_1121,Spain,Europe,1,Retail,Nov-50,4603.18,Growth,SMB_Field,Outbound,2023-05-25,,1,0.22,8.5,0,1371.0,4.080357142857143,336,469.0,1.3958333333333333,9142.187403671103,27.208891082354473,737,4925.51,634.0,4216.677403671104,0.0,0.0,1.0,1.0,2.0,0.18,5.864999999999999,10.855,2.0
C101122,Company_1122,Australia,North America,0,Professional Services,10-Jan,1977.87,Enterprise,SMB_Field,SelfServe,2024-03-20,2024-09-19,0,0.04,5.2,0,1856.0,5.0710382513661205,366,661.0,1.8060109289617483,5518.293788416478,15.077305432831906,1064,3050.59,792.0,2467.703788416478,1.0,1.0,1.0,0.0,3.0,-0.0566666666666666,2.2333333333333334,15.353333333333332,3.0
C101123,Company_1123,UK,Europe,1,Wholesale,Nov-50,9431.07,Enterprise,SMB_Inside,SelfServe,2024-01-31,2025-01-31,0,0.41,6.0,0,3012.0,8.964285714285714,336,1027.0,3.056547619047619,9086.94875215156,27.04449033378441,1488,4628.87,1524.0,4458.07875215156,1.0,0.0,1.0,1.0,3.0,0.14,2.42,7.98,2.0
C101124,Company_1124,Netherlands,Europe,1,Unknown,201-1000,89849.08,Growth,Enterprise,Inbound,2023-12-13,2024-12-13,0,0.15,7.0,0,1235.0,3.675595238095238,336,475.0,1.4136904761904765,8575.699455761669,25.52291504690973,729,4941.71,506.0,3633.989455761669,0.0,0.0,1.0,1.0,2.0,-0.2,2.92,10.76,2.0
C101125,Company_1125,Australia,North America,0,Logistics,Nov-50,7437.11,Growth,SMB_Inside,Outbound,2023-06-10,,1,0.07,7.3,0,1422.0,3.885245901639344,366,481.0,1.314207650273224,9817.804403931485,26.824602196534105,704,4827.87,718.0,4989.934403931482,1.0,1.0,0.0,0.0,2.0,0.3399999999999999,3.84,21.635,2.0
C101126,Company_1126,UK,Europe,1,Unknown,10-Jan,1254.04,Starter,SMB_Field,Inbound,2023-05-10,2023-11-09,0,0.4,5.0,1,0.0,0.0,336,0.0,0.0,0.0,0.0,0,0.0,0.0,0.0,0.0,0.0,0.0,1.0,1.0,-0.42,3.63,9.22,1.0
C101127,Company_1127,Australia,North America,0,Professional Services,10-Jan,2434.95,Starter,SMB_Inside,Partner,2024-02-27,2025-02-27,0,0.19,6.5,0,350.0,0.9562841530054644,366,122.0,0.3333333333333333,4741.146255719799,12.953951518360109,135,1923.34,215.0,2817.806255719799,0.0,0.0,0.0,0.0,0.0,0.0,0.0,0.0,0.0
C101128,Company_1128,Canada,North America,0,Manufacturing,1000+,405876.56,Growth,Enterprise,Outbound,2024-03-09,2025-03-10,0,0.03,5.1,0,1184.0,3.2349726775956285,366,417.0,1.139344262295082,8308.818792761549,22.701690690605325,466,3315.23,718.0,4993.5887927615495,0.0,1.0,0.0,0.0,1.0,0.12,11.04,21.18,1.0
C101129,Company_1129,Spain,Europe,1,Wholesale,Nov-50,5834.4,Starter,SMB_Inside,Outbound,2023-07-30,2024-07-30,0,0.31,9.6,0,216.0,0.6428571428571429,336,74.0,0.2202380952380952,3030.6833795913044,9.019891010688406,185,2643.23,31.0,387.4533795913045,0.0,1.0,0.0,1.0,2.0,0.12,2.75,11.15,2.0
C101130,Company_1130,US,North America,0,Unknown,51-200,33225.71,Growth,MidMarket,Inbound,2023-05-13,,1,0.41,7.0,0,1513.0,4.133879781420765,366,520.0,1.4207650273224044,9904.085836643224,27.060343815965098,747,5018.69,766.0,4885.395836643224,0.0,0.0,1.0,1.0,2.0,-0.12,5.5600000000000005,8.395,1.0
C101131,Company_1131,Spain,Europe,1,Professional Services,Nov-50,9115.16,Starter,SMB_Inside,Outbound,2024-02-13,2025-02-13,0,0.07,6.6,0,290.0,0.8630952380952381,336,102.0,0.3035714285714285,4184.317741037318,12.453326610230114,137,2008.71,153.0,2175.607741037318,0.0,0.0,0.0,0.0,0.0,0.0,0.0,0.0,0.0
C101132,Company_1132,US,North America,0,Retail,10-Jan,2728.86,Starter,SMB_Inside,SelfServe,2023-06-02,,1,0.23,3.8,0,344.0,0.9398907103825136,366,109.0,0.2978142076502732,4730.515061493733,12.924904539600362,178,2292.16,166.0,2438.355061493733,1.0,2.0,0.0,0.0,3.0,-0.2433333333333333,11.13,23.700000000000003,3.0
C101133,Company_1133,Canada,North America,0,Unknown,51-200,15317.09,Growth,MidMarket,SelfServe,2023-02-04,,1,0.13,8.4,0,1451.0,3.96448087431694,366,542.0,1.4808743169398908,9508.366668466677,25.979143902914412,755,4792.86,696.0,4715.5066684666745,1.0,0.0,1.0,0.0,2.0,-0.1649999999999999,5.6,6.605,2.0
C101134,Company_1134,Canada,North America,0,Unknown,10-Jan,1864.97,Starter,SMB_Inside,Partner,2023-06-25,2023-09-24,0,0.18,5.2,1,0.0,0.0,366,0.0,0.0,0.0,0.0,0,0.0,0.0,0.0,1.0,1.0,0.0,0.0,2.0,-0.16,1.53,29.675,2.0
C101135,Company_1135,US,North America,0,Logistics,10-Jan,1723.38,Starter,SMB_Inside,Inbound,2023-01-17,,1,0.07,6.2,0,366.0,1.0,366,136.0,0.3715846994535519,4928.619234044949,13.466172770614614,175,2456.89,191.0,2471.7292340449494,0.0,0.0,0.0,0.0,0.0,0.0,0.0,0.0,0.0
C101136,Company_1136,Canada,North America,0,Logistics,10-Jan,1726.26,Growth,SMB_Inside,Partner,2024-01-29,2024-07-30,0,0.14,7.9,0,721.0,1.969945355191257,366,232.0,0.6338797814207651,5208.7899359735475,14.231666491731003,615,4325.85,106.0,882.9399359735479,1.0,1.0,0.0,0.0,2.0,-0.1,2.69,6.285,2.0
C101137,Company_1137,Netherlands,Europe,1,Hospitality,10-Jan,1121.22,Starter,SMB_Inside,Inbound,2023-01-27,2023-07-29,0,0.35,3.6,1,0.0,0.0,336,0.0,0.0,0.0,0.0,0,0.0,0.0,0.0,1.0,1.0,0.0,0.0,2.0,0.36,6.67,16.035,2.0
C101138,Company_1138,Australia,North America,0,Unknown,51-200,36891.7,Growth,MidMarket,SelfServe,2023-12-06,2024-12-06,0,0.21,7.6,0,1329.0,3.6311475409836063,366,470.0,1.284153005464481,8980.518537997577,24.536935896168245,749,4878.11,580.0,4102.408537997577,1.0,0.0,0.0,0.0,1.0,-0.27,0.17,2.02,1.0
C101139,Company_1139,Netherlands,Europe,1,Unknown,Nov-50,9417.76,Growth,SMB_Inside,Partner,2023-07-20,2024-07-20,0,0.14,4.9,0,783.0,2.330357142857143,336,249.0,0.7410714285714286,5421.033867626481,16.134029367935955,712,4881.97,71.0,539.0638676264807,1.0,1.0,0.0,1.0,3.0,-0.3466666666666667,8.56,21.3,3.0
C101140,Company_1140,US,North America,0,Professional Services,Nov-50,8590.29,Starter,SMB_Inside,Outbound,2023-03-22,,1,0.24,5.5,0,351.0,0.9590163934426228,366,135.0,0.3688524590163934,4943.111980590175,13.505770438770972,163,2533.73,188.0,2409.381980590176,0.0,0.0,0.0,0.0,0.0,0.0,0.0,0.0,0.0
C101141,Company_1141,Germany,Europe,1,Unknown,201-1000,130292.8,Growth,Enterprise,Inbound,2023-05-25,,1,0.31,7.2,0,1364.0,4.059523809523809,336,463.0,1.3779761904761905,9078.43874117473,27.019162920162888,738,4855.82,626.0,4222.61874117473,1.0,0.0,0.0,0.0,1.0,0.18,4.4,7.82,1.0
C101142,Company_1142,Spain,Europe,1,Logistics,Nov-50,3454.12,Growth,SMB_Inside,Outbound,2024-01-03,2024-07-04,0,0.03,9.0,0,738.0,2.1964285714285716,336,266.0,0.7916666666666666,5038.704748836289,14.996145085822288,726,4922.25,12.0,116.4547488362891,1.0,0.0,1.0,0.0,2.0,-0.7749999999999999,3.955,9.31,2.0
C101143,Company_1143,Germany,Europe,1,Professional Services,51-200,35884.0,Growth,MidMarket,Inbound,2023-08-16,,1,0.04,4.7,0,1320.0,3.928571428571429,336,497.0,1.4791666666666667,8912.27657666616,26.52463266864929,713,4797.57,607.0,4114.706576666161,1.0,0.0,1.0,0.0,2.0,-0.45,3.04,10.73,2.0
C101144,Company_1144,Canada,North America,0,Unknown,201-1000,45002.57,Growth,Enterprise,SelfServe,2024-02-12,2024-08-13,0,0.27,7.3,0,688.0,1.8797814207650272,366,250.0,0.6830601092896175,4939.15535098417,13.494959975366584,527,3713.38,161.0,1225.775350984169,0.0,1.0,1.0,0.0,2.0,-0.22,0.725,3.785,1.0
C101145,Company_1145,UK,Europe,1,Retail,Nov-50,8956.34,Starter,SMB_Inside,SelfServe,2023-07-30,2024-07-30,0,0.13,6.7,0,200.0,0.5952380952380952,336,51.0,0.1517857142857142,2751.3945460855884,8.188674244302346,176,2473.42,24.0,277.97454608558826,0.0,0.0,0.0,0.0,0.0,0.0,0.0,0.0,0.0
C101146,Company_1146,Australia,North America,0,Unknown,10-Jan,1651.54,Growth,SMB_Inside,Outbound,2023-08-12,,1,0.18,9.1,0,1498.0,4.092896174863388,366,538.0,1.469945355191257,10092.20283356858,27.574324681881365,736,4936.76,762.0,5155.442833568579,0.0,0.0,1.0,0.0,1.0,-0.36,2.37,3.26,1.0
C101147,Company_1147,Australia,North America,0,Unknown,51-200,21448.33,Growth,MidMarket,Inbound,2024-02-07,2024-08-08,0,0.11,5.1,0,770.0,2.1038251366120218,366,291.0,0.7950819672131147,4917.748219486293,13.436470545044518,578,3841.07,192.0,1076.6782194862928,2.0,1.0,0.0,0.0,3.0,0.1133333333333333,2.81,17.343333333333334,3.0
C101148,Company_1148,US,North America,0,Healthcare,201-1000,70455.76,Growth,Enterprise,Partner,2023-08-17,,1,0.12,7.1,0,1453.0,3.969945355191257,366,533.0,1.4562841530054644,9720.934336654704,26.55992988157023,678,4579.61,775.0,5141.324336654706,0.0,0.0,0.0,0.0,0.0,0.0,0.0,0.0,0.0
C101149,Company_1149,France,Europe,1,Unknown,1000+,169440.27,Growth,Enterprise,Outbound,2023-09-10,2024-09-10,0,0.05,6.1,0,944.0,2.8095238095238093,336,336.0,1.0,6453.975679056904,19.20826094957412,708,4815.75,236.0,1638.2256790569038,0.0,0.0,0.0,1.0,1.0,0.08,3.52,5.73,1.0
C101150,Company_1150,France,Europe,1,Hospitality,10-Jan,2239.17,Starter,SMB_Inside,SelfServe,2023-03-02,2023-09-01,0,0.21,3.4,1,0.0,0.0,336,0.0,0.0,0.0,0.0,0,0.0,0.0,0.0,0.0,0.0,0.0,1.0,1.0,0.11,0.26,11.64,1.0
C101151,Company_1151,Spain,Europe,1,Unknown,10-Jan,1286.6,Enterprise,SMB_Field,Partner,2023-01-12,,1,0.16,8.6,0,3312.0,9.857142857142858,336,1157.0,3.443452380952381,10331.896643498125,30.74969239136346,1834,5548.95,1478.0,4782.946643498122,0.0,0.0,1.0,0.0,1.0,0.22,0.17,0.38,1.0
C101152,Company_1152,Germany,Europe,1,Unknown,10-Jan,2871.45,Starter,SMB_Field,Outbound,2024-01-05,,1,0.28,4.6,0,309.0,0.9196428571428572,336,116.0,0.3452380952380952,4833.939396034313,14.386724392959266,166,2582.38,143.0,2251.5593960343135,1.0,0.0,0.0,0.0,1.0,-0.51,1.91,49.44,1.0
C101153,Company_1153,UK,Europe,1,Unknown,51-200,33740.25,Enterprise,MidMarket,Inbound,2023-08-06,,1,0.04,5.7,0,3403.0,10.12797619047619,336,1190.0,3.5416666666666665,10042.468246826707,29.888298353650914,1860,5467.33,1543.0,4575.138246826707,0.0,0.0,1.0,1.0,2.0,-0.05,0.245,5.465000000000001,2.0
C101154,Company_1154,Germany,Europe,1,Unknown,10-Jan,1934.21,Growth,SMB_Inside,Partner,2023-02-11,,1,0.15,6.5,0,1326.0,3.946428571428571,336,484.0,1.4404761904761905,8922.899954047365,26.556249863236207,732,5016.77,594.0,3906.1299540473656,0.0,0.0,0.0,1.0,1.0,-0.4,4.7,6.9,1.0
C101155,Company_1155,Canada,North America,0,Healthcare,10-Jan,2929.65,Growth,SMB_Inside,Partner,2024-01-28,,1,0.18,6.8,0,1387.0,3.789617486338798,366,499.0,1.3633879781420766,9006.370167489504,24.607568763632525,630,3997.35,757.0,5009.020167489504,0.0,0.0,1.0,1.0,2.0,0.235,3.145,6.23,2.0
C101156,Company_1156,US,North America,0,Logistics,1000+,218204.18,Starter,Enterprise,SelfServe,2023-01-31,,1,0.32,5.5,0,395.0,1.0792349726775956,366,119.0,0.3251366120218579,5411.463725467559,14.785420014938683,192,2641.36,203.0,2770.103725467559,0.0,0.0,0.0,0.0,0.0,0.0,0.0,0.0,0.0
C101157,Company_1157,US,North America,0,Retail,1000+,393731.55,Starter,Enterprise,Outbound,2023-06-16,,1,0.02,6.6,0,418.0,1.1420765027322404,366,138.0,0.3770491803278688,5418.731301972736,14.805276781346274,201,2748.25,217.0,2670.4813019727367,0.0,1.0,0.0,0.0,1.0,0.1,14.3,41.47,1.0
C101158,Company_1158,Netherlands,Europe,1,Professional Services,10-Jan,2500.62,Starter,SMB_Field,Partner,2023-04-22,2023-10-22,0,0.36,5.0,1,0.0,0.0,336,0.0,0.0,0.0,0.0,0,0.0,0.0,0.0,0.0,0.0,0.0,0.0,0.0,0.0,0.0,0.0,0.0
C101159,Company_1159,Netherlands,Europe,1,Healthcare,51-200,31862.81,Enterprise,MidMarket,Partner,2023-01-11,,1,0.29,5.5,0,3442.0,10.24404761904762,336,1209.0,3.5982142857142856,10248.189298615363,30.5005633887362,1871,5665.9,1571.0,4582.289298615363,1.0,2.0,1.0,1.0,5.0,0.0119999999999999,1.4200000000000002,6.506,5.0
C101160,Company_1160,UK,Europe,1,Wholesale,10-Jan,1649.44,Starter,SMB_Inside,Partner,2023-05-31,2023-11-30,0,0.3,4.5,1,0.0,0.0,336,0.0,0.0,0.0,0.0,0,0.0,0.0,0.0,0.0,0.0,1.0,0.0,1.0,-0.31,1.58,1.79,1.0
C101161,Company_1161,Australia,North America,0,Hospitality,10-Jan,2781.72,Growth,SMB_Inside,SelfServe,2023-01-10,,1,0.25,5.9,0,1527.0,4.172131147540983,366,559.0,1.5273224043715847,9406.626755899457,25.701165999725287,761,4687.91,766.0,4718.716755899455,1.0,0.0,0.0,0.0,1.0,0.05,2.94,7.71,1.0
C101162,Company_1162,Germany,Europe,1,Unknown,1000+,375913.95,Growth,Enterprise,Partner,2023-05-24,,1,0.34,6.0,0,1366.0,4.065476190476191,336,487.0,1.449404761904762,8813.187711803841,26.229725332749528,732,4810.48,634.0,4002.70771180384,0.0,1.0,1.0,0.0,2.0,0.19,2.585,16.575,2.0
C101163,Company_1163,Australia,North America,0,Unknown,51-200,11833.41,Growth,MidMarket,SelfServe,2023-08-22,2024-08-22,0,0.07,6.7,0,926.0,2.530054644808743,366,311.0,0.8497267759562842,6217.94846140638,16.988930222421804,705,4785.99,221.0,1431.9584614063806,0.0,0.0,0.0,0.0,0.0,0.0,0.0,0.0,0.0
C101164,Company_1164,US,North America,0,Logistics,10-Jan,2106.15,Starter,SMB_Inside,SelfServe,2023-07-03,,1,0.25,6.7,0,363.0,0.9918032786885246,366,138.0,0.3770491803278688,4998.871467684925,13.658118764166462,171,2453.4,192.0,2545.4714676849253,0.0,0.0,0.0,0.0,0.0,0.0,0.0,0.0,0.0
C101165,Company_1165,US,North America,0,Wholesale,201-1000,110498.08,Growth,Enterprise,Partner,2024-01-29,2025-01-29,0,0.06,5.4,0,1364.0,3.726775956284153,366,418.0,1.1420765027322404,9216.489361452004,25.18166492200001,606,4185.01,758.0,5031.479361452004,0.0,0.0,0.0,0.0,0.0,0.0,0.0,0.0,0.0
C101166,Company_1166,Australia,North America,0,Retail,1000+,215208.37,Enterprise,Enterprise,Inbound,2024-02-06,2025-02-06,0,0.22,7.0,0,3364.0,9.191256830601093,366,1135.0,3.101092896174863,9618.7892885349,26.280845050641805,1506,4202.97,1858.0,5415.819288534902,1.0,1.0,1.0,0.0,3.0,0.3833333333333333,2.0833333333333335,8.733333333333333,3.0
C101167,Company_1167,Spain,Europe,1,Healthcare,10-Jan,1026.23,Starter,SMB_Inside,Partner,2023-12-18,,1,0.17,6.2,0,318.0,0.9464285714285714,336,109.0,0.3244047619047619,4496.869970728555,13.38354157954927,163,2450.74,155.0,2046.1299707285548,0.0,0.0,1.0,0.0,1.0,0.39,5.06,10.9,1.0
C101168,Company_1168,Australia,North America,0,Ecommerce,201-1000,148554.79,Growth,Enterprise,Partner,2023-04-22,,1,0.37,3.9,0,1474.0,4.027322404371585,366,545.0,1.489071038251366,9878.381712101957,26.990113967491684,746,4918.48,728.0,4959.901712101956,0.0,0.0,1.0,0.0,1.0,-0.46,3.16,5.66,1.0
C101169,Company_1169,France,Europe,1,Unknown,10-Jan,1068.51,Starter,SMB_Inside,Inbound,2023-03-05,,1,0.24,5.2,0,331.0,0.9851190476190476,336,130.0,0.3869047619047619,4679.611262091781,13.927414470511254,183,2615.71,148.0,2063.901262091781,0.0,1.0,0.0,1.0,2.0,0.15,12.375,18.42,2.0
C101170,Company_1170,Australia,North America,0,Unknown,51-200,38093.39,Growth,MidMarket,Partner,2023-03-31,,1,0.12,8.5,0,1467.0,4.008196721311475,366,513.0,1.401639344262295,9865.629523286823,26.955271921548704,747,5019.08,720.0,4846.549523286824,0.0,0.0,0.0,0.0,0.0,0.0,0.0,0.0,0.0
C101171,Company_1171,Australia,North America,0,Professional Services,201-1000,95537.99,Enterprise,Enterprise,SelfServe,2023-06-25,,1,0.18,6.1,0,3730.0,10.191256830601093,366,1285.0,3.510928961748634,11184.31338199416,30.55823328413705,1833,5634.22,1897.0,5550.09338199416,0.0,0.0,2.0,0.0,2.0,0.09,3.115,5.825,2.0
C101172,Company_1172,Netherlands,Europe,1,Manufacturing,10-Jan,1667.57,Growth,SMB_Inside,Outbound,2023-03-12,,1,0.08,5.5,0,1378.0,4.101190476190476,336,487.0,1.449404761904762,9184.805375166292,27.335730283233012,721,4976.45,657.0,4208.355375166292,2.0,0.0,0.0,0.0,2.0,0.0349999999999999,11.64,16.595,2.0
C101173,Company_1173,France,Europe,1,Ecommerce,51-200,26277.11,Starter,MidMarket,Inbound,2023-01-05,,1,0.03,6.7,0,327.0,0.9732142857142856,336,105.0,0.3125,4598.406306260328,13.685733054346215,173,2526.77,154.0,2071.636306260328,1.0,0.0,0.0,0.0,1.0,-0.2,11.1,25.84,1.0
C101174,Company_1174,UK,Europe,1,Unknown,51-200,19571.32,Enterprise,MidMarket,Inbound,2023-12-23,2024-12-23,0,0.1,4.5,0,3321.0,9.883928571428571,336,1169.0,3.4791666666666665,10039.761357786474,29.880242136269267,1883,5525.55,1438.0,4514.211357786473,0.0,0.0,3.0,1.0,4.0,-0.075,1.965,9.18,4.0
C101175,Company_1175,Canada,North America,0,Healthcare,Nov-50,5362.32,Starter,SMB_Inside,Partner,2023-04-14,2023-10-14,0,0.42,4.9,1,0.0,0.0,366,0.0,0.0,0.0,0.0,0,0.0,0.0,0.0,0.0,0.0,0.0,0.0,0.0,0.0,0.0,0.0,0.0
C101176,Company_1176,Germany,Europe,1,Hospitality,201-1000,59889.17,Growth,Enterprise,SelfServe,2023-03-10,,1,0.31,5.2,0,1291.0,3.8422619047619047,336,434.0,1.2916666666666667,8670.367776919189,25.804666002735683,723,4862.13,568.0,3808.237776919189,3.0,0.0,1.0,4.0,8.0,-0.14,5.73625,10.92375,8.0
C101177,Company_1177,Spain,Europe,1,Unknown,201-1000,74465.7,Enterprise,Enterprise,Partner,2023-09-22,2024-09-22,0,0.06,6.4,0,2390.0,7.113095238095238,336,825.0,2.455357142857143,7198.858633356876,21.425174504038324,1795,5345.38,595.0,1853.4786333568768,1.0,3.0,2.0,0.0,6.0,0.2166666666666666,1.6183333333333334,8.005,6.0
C101178,Company_1178,UK,Europe,1,Healthcare,10-Jan,2011.09,Growth,SMB_Inside,SelfServe,2023-03-03,2023-06-02,0,0.24,5.6,1,0.0,0.0,336,0.0,0.0,0.0,0.0,0,0.0,0.0,0.0,0.0,1.0,2.0,0.0,3.0,-0.0466666666666666,3.99,10.473333333333333,3.0
C101179,Company_1179,France,Europe,1,Unknown,201-1000,65798.4,Growth,Enterprise,SelfServe,2023-07-13,,1,0.21,6.7,0,1324.0,3.9404761904761902,336,508.0,1.511904761904762,8865.715417177264,26.386057789218047,756,4924.81,568.0,3940.905417177263,1.0,2.0,1.0,2.0,6.0,-0.125,6.170000000000001,11.313333333333333,6.0
C101180,Company_1180,Netherlands,Europe,1,Ecommerce,10-Jan,1812.25,Starter,SMB_Inside,Outbound,2023-11-17,2024-05-18,0,0.19,6.4,1,124.0,0.369047619047619,336,50.0,0.1488095238095238,1682.04,5.0060714285714285,124,1682.04,0.0,0.0,0.0,0.0,1.0,0.0,1.0,0.32,2.6,7.81,1.0
C101181,Company_1181,UK,Europe,1,Ecommerce,10-Jan,2832.1,Starter,SMB_Inside,SelfServe,2023-06-01,,1,0.06,8.3,0,319.0,0.949404761904762,336,114.0,0.3392857142857143,4383.729032708022,13.046812597345305,190,2437.32,129.0,1946.409032708022,0.0,1.0,1.0,0.0,2.0,-0.03,16.13,20.115,2.0
C101182,Company_1182,Spain,Europe,1,Ecommerce,51-200,21354.25,Growth,MidMarket,Inbound,2023-03-25,,1,0.12,4.8,0,1346.0,4.005952380952381,336,493.0,1.4672619047619049,9153.896123848452,27.24373846383468,721,4847.48,625.0,4306.416123848452,1.0,1.0,1.0,0.0,3.0,-0.01,9.503333333333334,19.743333333333336,3.0
C101183,Company_1183,US,North America,0,Wholesale,Nov-50,9112.12,Starter,SMB_Inside,Inbound,2023-02-28,,1,0.05,8.3,0,371.0,1.0136612021857925,366,136.0,0.3715846994535519,5385.427496429419,14.71428277712956,174,2626.25,197.0,2759.177496429419,0.0,0.0,0.0,0.0,0.0,0.0,0.0,0.0,0.0
C101184,Company_1184,Spain,Europe,1,Professional Services,10-Jan,2591.46,Enterprise,SMB_Field,Outbound,2023-11-16,2024-05-17,0,0.03,6.2,1,1416.0,4.214285714285714,336,510.0,1.5178571428571428,4173.46,12.421011904761905,1416,4173.46,0.0,0.0,1.0,1.0,0.0,0.0,2.0,-0.345,1.475,12.405,2.0
C101185,Company_1185,UK,Europe,1,Retail,10-Jan,2127.85,Starter,SMB_Inside,Outbound,2024-03-09,2024-09-08,0,0.23,7.7,0,188.0,0.5595238095238095,336,81.0,0.2410714285714285,2329.0957668502533,6.931832639435278,118,1488.57,70.0,840.5257668502531,1.0,0.0,0.0,0.0,1.0,-0.12,1.26,3.04,1.0
C101186,Company_1186,Netherlands,Europe,1,Logistics,Nov-50,6760.42,Growth,SMB_Inside,Partner,2023-12-19,2024-12-19,0,0.04,6.2,0,1240.0,3.6904761904761902,336,428.0,1.2738095238095235,8521.841760332234,25.36262428670308,669,4693.48,571.0,3828.3617603322336,0.0,1.0,1.0,0.0,2.0,0.24,3.105,6.325,2.0
C101187,Company_1187,Spain,Europe,1,Professional Services,10-Jan,1620.47,Growth,SMB_Inside,SelfServe,2023-03-27,2023-06-26,0,0.23,4.0,1,0.0,0.0,336,0.0,0.0,0.0,0.0,0,0.0,0.0,0.0,0.0,0.0,1.0,0.0,1.0,0.25,2.26,2.59,1.0
C101188,Company_1188,Germany,Europe,1,Ecommerce,51-200,39655.74,Growth,MidMarket,Inbound,2024-02-03,2025-02-03,0,0.2,7.6,0,1182.0,3.517857142857143,336,395.0,1.175595238095238,7677.457955207933,22.849577247642657,600,3934.38,582.0,3743.077955207933,1.0,3.0,2.0,0.0,6.0,-0.0699999999999999,4.306666666666667,15.478333333333332,6.0
C101189,Company_1189,France,Europe,1,Unknown,51-200,36242.88,Enterprise,MidMarket,Outbound,2023-08-19,2024-08-19,0,0.14,5.4,0,2350.0,6.994047619047619,336,802.0,2.386904761904762,6957.073657525643,20.705576361683462,1840,5403.2,510.0,1553.8736575256432,2.0,1.0,1.0,1.0,5.0,-0.156,1.714,5.642,5.0
C101190,Company_1190,UK,Europe,1,Unknown,Nov-50,6798.61,Growth,SMB_Inside,Partner,2023-07-06,2024-07-06,0,0.3,4.4,0,773.0,2.300595238095238,336,270.0,0.8035714285714286,5216.941345910881,15.526611148544289,754,5065.22,19.0,151.72134591088096,1.0,1.0,0.0,0.0,2.0,-0.11,6.805,15.81,2.0
C101191,Company_1191,UK,Europe,1,Manufacturing,10-Jan,1632.67,Starter,SMB_Field,Partner,2023-05-02,,1,0.21,6.8,0,322.0,0.9583333333333334,336,127.0,0.3779761904761904,4362.690959072993,12.984199282955336,186,2476.84,136.0,1885.8509590729925,0.0,0.0,0.0,0.0,0.0,0.0,0.0,0.0,0.0
C101192,Company_1192,Germany,Europe,1,Wholesale,51-200,20522.6,Growth,MidMarket,SelfServe,2023-05-28,,1,0.08,5.3,0,1370.0,4.0773809523809526,336,506.0,1.505952380952381,8588.723628872678,25.56167746688297,770,4626.54,600.0,3962.1836288726777,0.0,0.0,2.0,1.0,3.0,-0.05,2.9,15.453333333333331,3.0
C101193,Company_1193,Netherlands,Europe,1,Hospitality,10-Jan,2671.7,Growth,SMB_Field,Partner,2023-12-10,,1,0.31,4.5,0,1346.0,4.005952380952381,336,473.0,1.4077380952380951,9032.3420382263,26.881970351863988,716,4939.34,630.0,4093.0020382263,0.0,0.0,1.0,1.0,2.0,0.175,3.65,10.37,1.0
C101194,Company_1194,Canada,North America,0,Retail,10-Jan,1765.28,Starter,SMB_Inside,Outbound,2023-06-07,,1,0.14,5.6,0,373.0,1.0191256830601092,366,139.0,0.3797814207650273,5002.603559510197,13.668315736366658,196,2404.39,177.0,2598.213559510197,0.0,0.0,0.0,0.0,0.0,0.0,0.0,0.0,0.0
C101195,Company_1195,Netherlands,Europe,1,Unknown,Nov-50,3910.05,Growth,SMB_Field,SelfServe,2023-06-16,,1,0.23,4.2,0,1333.0,3.9672619047619047,336,464.0,1.380952380952381,8926.73899216256,26.567675571912385,718,4859.36,615.0,4067.37899216256,2.0,0.0,1.0,0.0,3.0,-0.3333333333333333,3.923333333333334,7.66,3.0
C101196,Company_1196,France,Europe,1,Manufacturing,51-200,28239.65,Growth,MidMarket,Outbound,2023-12-10,2024-12-10,0,0.25,4.5,0,1277.0,3.800595238095238,336,437.0,1.300595238095238,8559.528493257652,25.47478718231444,746,5000.27,531.0,3559.258493257653,0.0,0.0,1.0,0.0,1.0,0.08,1.69,3.65,1.0
C101197,Company_1197,Netherlands,Europe,1,Unknown,10-Jan,2009.92,Enterprise,SMB_Inside,Inbound,2024-03-30,2024-06-29,0,0.14,7.6,1,926.0,2.755952380952381,336,334.0,0.9940476190476192,2688.22,8.00065476190476,926,2688.22,0.0,0.0,0.0,0.0,1.0,0.0,1.0,0.24,2.3,14.34,1.0
C101198,Company_1198,US,North America,0,Healthcare,201-1000,111873.42,Growth,Enterprise,Inbound,2023-02-05,,1,0.23,8.5,0,1407.0,3.8442622950819674,366,477.0,1.3032786885245902,9680.454699568529,26.449329780241875,694,4755.11,713.0,4925.344699568526,1.0,0.0,0.0,0.0,1.0,0.55,0.23,1.58,1.0
C101199,Company_1199,Spain,Europe,1,Unknown,51-200,16453.91,Growth,MidMarket,Outbound,2023-07-14,2024-07-14,0,0.53,5.9,0,803.0,2.389880952380953,336,293.0,0.8720238095238095,5427.556886922998,16.153443115842258,732,5045.42,71.0,382.136886922998,0.0,0.0,1.0,0.0,1.0,-0.04,3.05,12.44,1.0
C101200,Company_1200,US,North America,0,Manufacturing,Nov-50,9653.1,Starter,SMB_Field,Inbound,2023-06-03,,1,0.31,10.0,0,353.0,0.96448087431694,366,136.0,0.3715846994535519,5173.384073818546,14.13492916343865,171,2626.96,182.0,2546.4240738185467,0.0,0.0,1.0,0.0,1.0,-0.32,13.14,13.18,1.0
C101201,Company_1201,US,North America,0,Unknown,201-1000,42416.76,Growth,Enterprise,Inbound,2023-01-30,,1,0.08,6.2,0,1518.0,4.147540983606557,366,506.0,1.3825136612021858,9737.862253598036,26.60618102075966,783,4966.01,735.0,4771.852253598036,0.0,0.0,0.0,1.0,1.0,-0.03,3.95,11.45,1.0
C101202,Company_1202,Netherlands,Europe,1,Retail,51-200,24950.56,Growth,MidMarket,Outbound,2023-08-22,,1,0.1,6.6,0,1373.0,4.086309523809524,336,484.0,1.4404761904761905,8909.432459001777,26.516168032743384,737,4854.03,636.0,4055.4024590017766,1.0,2.0,1.0,1.0,5.0,-0.16,4.906,14.541999999999998,5.0
C101203,Company_1203,UK,Europe,1,Healthcare,Nov-50,8351.9,Starter,SMB_Field,Partner,2023-03-04,,1,0.1,7.7,0,340.0,1.011904761904762,336,114.0,0.3392857142857143,4349.270189673233,12.944256516884623,184,2305.0,156.0,2044.2701896732335,1.0,0.0,0.0,0.0,1.0,0.07,9.37,19.54,1.0
C101204,Company_1204,UK,Europe,1,Healthcare,201-1000,149906.45,Enterprise,Enterprise,Partner,2023-01-17,,1,0.18,6.2,0,3371.0,10.032738095238097,336,1132.0,3.369047619047619,10021.235279681334,29.82510499905159,1796,5372.32,1575.0,4648.915279681333,1.0,2.0,2.0,1.0,6.0,-0.1633333333333333,2.9416666666666664,15.645,6.0
C101205,Company_1205,US,North America,0,Unknown,Nov-50,8873.1,Growth,SMB_Field,Partner,2023-11-13,2024-11-13,0,0.11,4.8,0,1290.0,3.5245901639344264,366,430.0,1.174863387978142,8500.401255635694,23.225140042720476,736,4832.44,554.0,3667.9612556356938,0.0,0.0,1.0,0.0,1.0,0.21,11.59,18.81,1.0
C101206,Company_1206,France,Europe,1,Professional Services,51-200,24446.6,Growth,MidMarket,Outbound,2024-01-12,2025-01-12,0,0.11,7.0,0,1317.0,3.919642857142857,336,445.0,1.324404761904762,8622.961685199436,25.66357644404594,714,4514.54,603.0,4108.421685199436,0.0,1.0,0.0,1.0,2.0,0.03,9.49,11.385,2.0
C101207,Company_1207,Netherlands,Europe,1,Ecommerce,Nov-50,8110.08,Enterprise,SMB_Inside,SelfServe,2024-03-05,2024-09-04,0,0.12,8.4,0,1750.0,5.208333333333333,336,611.0,1.818452380952381,5129.743727078736,15.26709442582957,1131,3433.06,619.0,1696.6837270787355,1.0,3.0,1.0,0.0,5.0,0.068,1.086,9.568,5.0
C101208,Company_1208,Germany,Europe,1,Hospitality,10-Jan,2252.99,Starter,SMB_Inside,SelfServe,2023-08-30,,1,0.11,8.4,0,347.0,1.0327380952380951,336,113.0,0.3363095238095238,4782.557223345003,14.233801259955364,185,2606.22,162.0,2176.337223345003,0.0,1.0,0.0,0.0,1.0,-0.2,1.89,15.18,1.0
C101209,Company_1209,Spain,Europe,1,Unknown,Nov-50,6763.37,Starter,SMB_Inside,Outbound,2024-02-03,2025-02-03,0,0.09,6.9,0,293.0,0.8720238095238095,336,102.0,0.3035714285714285,4188.68812792047,12.466333714049018,140,1920.74,153.0,2267.94812792047,2.0,1.0,0.0,0.0,3.0,-0.1866666666666666,4.953333333333333,9.733333333333334,3.0
C101210,Company_1210,Canada,North America,0,Ecommerce,51-200,34192.5,Growth,MidMarket,Inbound,2023-11-11,,1,0.17,5.8,0,1486.0,4.060109289617486,366,527.0,1.4398907103825136,9556.03789373186,26.10939315227284,737,4612.24,749.0,4943.797893731859,0.0,0.0,0.0,2.0,2.0,0.125,9.28,13.685,2.0
C101211,Company_1211,Canada,North America,0,Retail,Nov-50,8624.97,Growth,SMB_Inside,Inbound,2023-09-30,2024-09-30,0,0.2,6.7,0,1126.0,3.0765027322404372,366,426.0,1.1639344262295082,7477.228184213149,20.42958520276817,760,5005.37,366.0,2471.8581842131484,0.0,0.0,0.0,0.0,0.0,0.0,0.0,0.0,0.0
C101212,Company_1212,UK,Europe,1,Manufacturing,Nov-50,3911.56,Growth,SMB_Inside,Outbound,2023-10-22,2024-10-22,0,0.21,8.5,0,1062.0,3.1607142857142856,336,356.0,1.0595238095238095,7127.131316520625,21.211700346787573,714,4974.3,348.0,2152.831316520625,1.0,2.0,1.0,1.0,5.0,0.004,2.934,7.662000000000001,5.0
C101213,Company_1213,UK,Europe,1,Unknown,Nov-50,9688.3,Growth,SMB_Field,Outbound,2023-06-12,,1,0.12,8.5,0,1324.0,3.9404761904761902,336,488.0,1.4523809523809523,8742.608841095484,26.019669169927035,714,4627.93,610.0,4114.678841095483,0.0,2.0,0.0,1.0,3.0,0.2133333333333333,3.11,19.506666666666668,2.0
C101214,Company_1214,Canada,North America,0,Ecommerce,10-Jan,2765.21,Starter,SMB_Inside,Inbound,2023-12-22,,1,0.15,6.4,0,338.0,0.9234972677595628,366,113.0,0.3087431693989071,4771.9637345619085,13.038152280223796,165,2246.14,173.0,2525.823734561908,0.0,0.0,0.0,0.0,0.0,0.0,0.0,0.0,0.0
C101215,Company_1215,Netherlands,Europe,1,Logistics,51-200,25218.57,Starter,MidMarket,Inbound,2023-02-23,,1,0.17,6.2,0,330.0,0.9821428571428572,336,118.0,0.3511904761904761,4426.428157943748,13.173893327213538,173,2263.22,157.0,2163.208157943748,0.0,1.0,0.0,0.0,1.0,-0.13,1.61,2.22,1.0
C101216,Company_1216,UK,Europe,1,Unknown,Nov-50,7139.85,Starter,SMB_Inside,Partner,2023-05-12,,1,0.21,6.7,0,371.0,1.1041666666666667,336,133.0,0.3958333333333333,4981.021252629645,14.824468013778704,208,2760.39,163.0,2220.6312526296447,0.0,0.0,1.0,0.0,1.0,0.73,5.25,11.8,1.0
C101217,Company_1217,France,Europe,1,Manufacturing,10-Jan,2357.25,Growth,SMB_Inside,SelfServe,2023-12-01,,1,0.13,7.9,0,1290.0,3.8392857142857144,336,451.0,1.3422619047619049,8719.958672520746,25.952257953930793,688,4569.53,602.0,4150.428672520746,0.0,1.0,3.0,1.0,5.0,-0.032,3.122,6.108,4.0
C101218,Company_1218,US,North America,0,Professional Services,Nov-50,7960.79,Growth,SMB_Inside,Inbound,2023-08-31,,1,0.11,6.6,0,1423.0,3.887978142076503,366,497.0,1.3579234972677596,9672.71700730967,26.428188544561937,716,4870.81,707.0,4801.90700730967,2.0,1.0,0.0,0.0,3.0,0.08,4.55,13.746666666666668,3.0
C101219,Company_1219,Australia,North America,0,Unknown,51-200,37033.94,Growth,MidMarket,Partner,2023-05-31,,1,0.2,8.2,0,1410.0,3.8524590163934422,366,477.0,1.3032786885245902,9930.762303008589,27.133230336089035,692,5005.67,718.0,4925.092303008586,0.0,0.0,0.0,3.0,3.0,0.0533333333333333,3.796666666666667,11.909999999999998,3.0
C101220,Company_1220,UK,Europe,1,Unknown,Nov-50,8296.27,Growth,SMB_Inside,SelfServe,2024-02-17,2025-02-17,0,0.12,6.5,0,1156.0,3.4404761904761907,336,403.0,1.199404761904762,7882.568492477267,23.46002527522996,569,3728.16,587.0,4154.408492477267,2.0,0.0,1.0,0.0,3.0,0.0466666666666666,4.333333333333333,12.596666666666666,3.0
C101221,Company_1221,Canada,North America,0,Ecommerce,Nov-50,7334.82,Starter,SMB_Inside,SelfServe,2023-12-20,,1,0.23,4.7,0,339.0,0.9262295081967212,366,124.0,0.3387978142076502,4877.860471151248,13.327487626096309,180,2430.66,159.0,2447.200471151248,1.0,0.0,0.0,0.0,1.0,-0.42,2.78,2.94,1.0
C101222,Company_1222,UK,Europe,1,Hospitality,51-200,11138.49,Enterprise,MidMarket,Inbound,2023-01-21,,1,0.17,6.5,0,3420.0,10.178571428571429,336,1177.0,3.5029761904761907,9937.551919302176,29.57604737887552,1868,5372.24,1552.0,4565.311919302176,1.0,0.0,5.0,1.0,7.0,0.0142857142857142,2.505714285714286,7.382857142857143,6.0
C101223,Company_1223,Canada,North America,0,Manufacturing,51-200,24049.21,Enterprise,MidMarket,Outbound,2023-03-28,,1,0.07,6.9,0,3697.0,10.101092896174864,366,1269.0,3.4672131147540983,11003.156561105752,30.06326929263867,1786,5524.77,1911.0,5478.386561105752,0.0,2.0,1.0,2.0,5.0,-0.052,1.226,8.286,2.0
C101224,Company_1224,Australia,North America,0,Unknown,51-200,23598.54,Growth,MidMarket,Outbound,2023-04-08,,1,0.13,6.1,0,1441.0,3.9371584699453552,366,503.0,1.3743169398907105,9598.251221144616,26.22473011241698,725,4788.93,716.0,4809.321221144614,1.0,1.0,0.0,1.0,3.0,-0.15,1.81,4.386666666666667,3.0
C101225,Company_1225,Germany,Europe,1,Healthcare,Nov-50,9143.07,Starter,SMB_Inside,Partner,2023-09-07,2024-09-07,0,0.03,7.2,0,266.0,0.7916666666666666,336,104.0,0.3095238095238095,3446.5167723009417,10.257490393752803,206,2606.5,60.0,840.0167723009415,0.0,0.0,0.0,1.0,1.0,-0.41,3.97,10.64,1.0
C101226,Company_1226,Germany,Europe,1,Unknown,10-Jan,1446.85,Starter,SMB_Inside,Partner,2023-04-13,2023-10-13,0,0.41,5.9,1,0.0,0.0,336,0.0,0.0,0.0,0.0,0,0.0,0.0,0.0,1.0,0.0,0.0,0.0,1.0,0.04,6.32,20.76,1.0
C101227,Company_1227,Netherlands,Europe,1,Professional Services,51-200,37107.49,Starter,MidMarket,Inbound,2023-03-18,,1,0.14,7.5,0,302.0,0.8988095238095238,336,103.0,0.306547619047619,4485.970636573806,13.351103085041087,162,2446.9,140.0,2039.0706365738056,0.0,2.0,0.0,0.0,2.0,0.205,1.21,10.04,2.0
C101228,Company_1228,US,North America,0,Unknown,Nov-50,3493.08,Starter,SMB_Field,Outbound,2023-08-29,,1,0.64,5.6,0,387.0,1.0573770491803278,366,129.0,0.3524590163934426,5019.661428222784,13.714921935034928,197,2351.39,190.0,2668.2714282227835,0.0,0.0,0.0,0.0,0.0,0.0,0.0,0.0,0.0
C101229,Company_1229,France,Europe,1,Professional Services,10-Jan,2731.55,Starter,SMB_Inside,Outbound,2023-02-24,,1,0.02,6.2,0,331.0,0.9851190476190476,336,118.0,0.3511904761904761,4516.963493190091,13.443343729732414,167,2393.74,164.0,2123.2234931900907,1.0,0.0,0.0,0.0,1.0,-0.45,1.67,24.21,1.0
C101230,Company_1230,Germany,Europe,1,Unknown,10-Jan,2415.11,Starter,SMB_Inside,SelfServe,2023-06-15,,1,0.06,7.6,0,376.0,1.119047619047619,336,140.0,0.4166666666666667,5181.403183765029,15.420842808824492,204,2818.99,172.0,2362.4131837650293,0.0,0.0,0.0,1.0,1.0,0.14,0.17,1.54,1.0
C101231,Company_1231,Spain,Europe,1,Professional Services,10-Jan,2665.45,Starter,SMB_Inside,Partner,2023-03-18,2023-09-17,0,0.12,10.0,1,0.0,0.0,336,0.0,0.0,0.0,0.0,0,0.0,0.0,0.0,1.0,0.0,0.0,0.0,1.0,-0.38,0.67,5.63,0.0
C101232,Company_1232,Spain,Europe,1,Professional Services,10-Jan,2145.51,Starter,SMB_Inside,Inbound,2023-09-05,2023-12-05,0,0.21,6.1,1,0.0,0.0,336,0.0,0.0,0.0,0.0,0,0.0,0.0,0.0,0.0,0.0,0.0,0.0,0.0,0.0,0.0,0.0,0.0
C101233,Company_1233,Australia,North America,0,Hospitality,Nov-50,9704.69,Starter,SMB_Inside,Partner,2023-01-11,,1,0.24,7.7,0,395.0,1.0792349726775956,366,129.0,0.3524590163934426,5026.096782353208,13.73250486981751,190,2543.41,205.0,2482.686782353208,0.0,0.0,0.0,0.0,0.0,0.0,0.0,0.0,0.0
C101234,Company_1234,US,North America,0,Unknown,51-200,19129.31,Growth,MidMarket,Inbound,2024-02-23,2025-02-23,0,0.11,8.0,0,1308.0,3.5737704918032787,366,461.0,1.2595628415300546,8536.951299694652,23.32500355107829,560,3493.61,748.0,5043.341299694653,1.0,0.0,0.0,0.0,1.0,-0.5,9.58,27.45,1.0
C101235,Company_1235,Australia,North America,0,Hospitality,51-200,30491.5,Enterprise,MidMarket,Inbound,2023-01-03,,1,0.27,5.6,0,3588.0,9.80327868852459,366,1286.0,3.5136612021857925,10881.562516913224,29.73104512817821,1764,5411.36,1824.0,5470.202516913224,0.0,1.0,0.0,0.0,1.0,0.03,0.25,12.25,1.0
C101236,Company_1236,Spain,Europe,1,Unknown,Nov-50,4773.49,Growth,SMB_Inside,Partner,2023-04-02,2024-04-02,0,0.05,6.5,1,373.0,1.1101190476190477,336,123.0,0.3660714285714285,2405.02,7.157797619047619,373,2405.02,0.0,0.0,0.0,1.0,1.0,1.0,3.0,0.1999999999999999,1.5233333333333334,8.520000000000001,3.0
C101237,Company_1237,Australia,North America,0,Professional Services,Nov-50,6806.09,Growth,SMB_Field,Outbound,2023-03-04,,1,0.1,4.4,0,1473.0,4.024590163934426,366,528.0,1.4426229508196722,9858.731003877072,26.93642350786085,761,4962.19,712.0,4896.5410038770715,0.0,0.0,1.0,0.0,1.0,-0.26,6.11,15.58,1.0
C101238,Company_1238,Australia,North America,0,Unknown,51-200,35571.22,Growth,MidMarket,SelfServe,2023-05-28,,1,0.12,6.9,0,1461.0,3.9918032786885247,366,489.0,1.3360655737704918,10096.84487567971,27.587007857048388,740,4914.23,721.0,5182.61487567971,0.0,0.0,1.0,0.0,1.0,0.0,1.92,5.05,1.0
C101239,Company_1239,UK,Europe,1,Wholesale,51-200,29089.08,Enterprise,MidMarket,Outbound,2023-08-20,2024-08-20,0,0.16,7.8,0,2363.0,7.032738095238095,336,821.0,2.443452380952381,7060.212524871759,21.012537276404046,1857,5478.68,506.0,1581.5325248717595,2.0,0.0,1.0,1.0,4.0,-0.0575,0.9925,9.1425,3.0
C101240,Company_1240,Netherlands,Europe,1,Hospitality,10-Jan,1668.03,Starter,SMB_Inside,Outbound,2023-02-09,,1,0.17,9.2,0,348.0,1.0357142857142858,336,115.0,0.3422619047619047,4509.308646128672,13.420561446811524,207,2513.19,141.0,1996.118646128672,0.0,1.0,0.0,0.0,1.0,0.5,3.55,6.96,1.0
C101241,Company_1241,Netherlands,Europe,1,Professional Services,Nov-50,6820.65,Growth,SMB_Inside,Partner,2023-04-11,,1,0.28,6.8,0,1394.0,4.148809523809524,336,489.0,1.4553571428571428,9083.301474623277,27.033635341140705,727,4911.92,667.0,4171.3814746232765,0.0,0.0,1.0,1.0,2.0,-0.15,1.4,7.26,1.0
C101242,Company_1242,UK,Europe,1,Wholesale,Nov-50,6230.7,Starter,SMB_Inside,Partner,2023-06-03,,1,0.1,5.9,0,327.0,0.9732142857142856,336,112.0,0.3333333333333333,4515.575512897093,13.439212836003254,178,2334.56,149.0,2181.0155128970937,1.0,1.0,2.0,1.0,5.0,-0.0699999999999999,4.452,12.45,5.0
C101243,Company_1243,Germany,Europe,1,Unknown,10-Jan,2581.02,Starter,SMB_Field,Outbound,2024-03-11,2024-06-10,0,0.15,8.5,1,101.0,0.3005952380952381,336,36.0,0.1071428571428571,1291.83,3.8447321428571426,101,1291.83,0.0,0.0,0.0,0.0,0.0,2.0,2.0,0.29,3.2150000000000003,4.32,2.0
C101244,Company_1244,Canada,North America,0,Wholesale,Nov-50,3955.97,Growth,SMB_Inside,Inbound,2023-06-23,,1,0.12,5.6,0,1476.0,4.032786885245901,366,535.0,1.4617486338797814,9908.733822574626,27.073043231078213,740,4948.45,736.0,4960.283822574627,0.0,0.0,0.0,1.0,1.0,0.23,2.94,22.39,1.0
C101245,Company_1245,Australia,North America,0,Unknown,1000+,181873.22,Enterprise,Enterprise,Partner,2023-03-20,,1,0.07,7.9,0,3631.0,9.920765027322403,366,1299.0,3.5491803278688523,11102.729184266003,30.33532564007105,1826,5504.08,1805.0,5598.649184266005,2.0,0.0,1.0,0.0,3.0,-0.02,1.83,14.916666666666666,3.0
C101246,Company_1246,Germany,Europe,1,Hospitality,10-Jan,1625.04,Growth,SMB_Inside,Inbound,2023-12-16,,1,0.29,6.5,0,1402.0,4.1726190476190474,336,478.0,1.4226190476190477,9124.944691260038,27.15757348589297,777,4899.82,625.0,4225.124691260037,0.0,0.0,0.0,0.0,0.0,0.0,0.0,0.0,0.0
C101247,Company_1247,Canada,North America,0,Hospitality,Nov-50,4526.64,Starter,SMB_Inside,Partner,2023-06-30,,1,0.27,2.6,0,369.0,1.0081967213114753,366,126.0,0.3442622950819672,5280.612308125777,14.427902481217972,181,2582.58,188.0,2698.032308125777,0.0,0.0,0.0,0.0,0.0,0.0,0.0,0.0,0.0
C101248,Company_1248,UK,Europe,1,Healthcare,Nov-50,5969.66,Growth,SMB_Field,Outbound,2023-04-26,,1,0.33,5.2,0,1279.0,3.806547619047619,336,436.0,1.2976190476190477,8739.88982353038,26.01157685574518,697,4719.65,582.0,4020.239823530379,0.0,0.0,0.0,1.0,1.0,-0.43,0.11,8.12,1.0
C101249,Company_1249,Canada,North America,0,Unknown,1000+,243350.77,Growth,Enterprise,SelfServe,2024-03-16,2025-03-17,0,0.16,5.0,0,1125.0,3.0737704918032787,366,415.0,1.133879781420765,7761.475206061852,21.20621641000506,421,2870.7,704.0,4890.775206061852,1.0,1.0,1.0,0.0,3.0,-0.11,3.293333333333333,13.703333333333331,2.0
C101250,Company_1250,Canada,North America,0,Unknown,51-200,36495.28,Enterprise,MidMarket,Outbound,2023-05-26,,1,0.35,8.1,0,3633.0,9.92622950819672,366,1250.0,3.415300546448087,11081.12351994936,30.276293770353437,1826,5683.31,1807.0,5397.813519949359,0.0,3.0,2.0,4.0,9.0,0.04,3.267777777777778,8.294444444444444,8.0
C101251,Company_1251,US,North America,0,Unknown,Nov-50,5467.69,Growth,SMB_Field,Partner,2023-10-05,2024-10-05,0,0.17,5.4,0,1158.0,3.1639344262295084,366,410.0,1.1202185792349726,7607.982395485714,20.78683714613583,766,5009.37,392.0,2598.612395485714,1.0,1.0,0.0,2.0,4.0,-0.13,1.9025,5.185,4.0
C101252,Company_1252,France,Europe,1,Logistics,Nov-50,5810.16,Growth,SMB_Inside,Partner,2024-01-06,2025-01-06,0,0.14,4.0,0,1335.0,3.9732142857142856,336,488.0,1.4523809523809523,8930.484228420044,26.578822108392988,724,4871.9,611.0,4058.584228420045,0.0,0.0,0.0,0.0,0.0,0.0,0.0,0.0,0.0
C101253,Company_1253,Australia,North America,0,Professional Services,Nov-50,4848.47,Growth,SMB_Field,SelfServe,2023-02-25,,1,0.26,5.2,0,1504.0,4.109289617486339,366,498.0,1.360655737704918,9772.373714840662,26.70047463071219,770,4889.79,734.0,4882.583714840663,1.0,1.0,1.0,0.0,3.0,0.0866666666666666,3.82,7.633333333333333,3.0
C101254,Company_1254,Spain,Europe,1,Unknown,51-200,23134.77,Enterprise,MidMarket,Inbound,2023-03-14,,1,0.07,3.5,0,3427.0,10.199404761904765,336,1196.0,3.5595238095238093,10092.18704707115,30.03627097342604,1833,5592.27,1594.0,4499.917047071149,1.0,0.0,1.0,0.0,2.0,0.1,0.605,5.245,2.0
C101255,Company_1255,Spain,Europe,1,Ecommerce,Nov-50,4581.67,Growth,SMB_Inside,Inbound,2023-01-06,,1,0.36,5.1,0,1417.0,4.217261904761905,336,473.0,1.4077380952380951,9064.48668840666,26.97763895359125,732,4823.22,685.0,4241.26668840666,2.0,0.0,1.0,2.0,5.0,0.176,2.854,5.95,4.0
C101256,Company_1256,US,North America,0,Unknown,10-Jan,1537.34,Starter,SMB_Inside,Outbound,2024-01-23,2024-07-24,0,0.09,7.4,0,189.0,0.5163934426229508,366,70.0,0.1912568306010929,2531.8081188066544,6.9175085213296565,165,2228.51,24.0,303.29811880665426,1.0,0.0,0.0,0.0,1.0,-0.39,12.19,35.54,1.0
C101257,Company_1257,Netherlands,Europe,1,Retail,10-Jan,2558.73,Starter,SMB_Inside,SelfServe,2023-12-30,,1,0.07,6.9,0,315.0,0.9375,336,101.0,0.3005952380952381,4465.150092209655,13.289137179195402,163,2365.84,152.0,2099.310092209655,0.0,0.0,0.0,1.0,1.0,-0.1,1.8,4.15,1.0
C101258,Company_1258,Spain,Europe,1,Retail,Nov-50,6144.29,Growth,SMB_Field,Outbound,2023-05-06,,1,0.14,9.2,0,1292.0,3.8452380952380953,336,477.0,1.4196428571428572,8977.88749051643,26.719903245584614,696,4829.7,596.0,4148.18749051643,0.0,0.0,0.0,0.0,0.0,0.0,0.0,0.0,0.0
C101259,Company_1259,Germany,Europe,1,Manufacturing,10-Jan,1702.91,Starter,SMB_Inside,Inbound,2024-03-14,2025-03-15,0,0.05,7.3,0,248.0,0.7380952380952381,336,83.0,0.2470238095238095,3728.672844784103,11.097240609476495,103,1506.23,145.0,2222.442844784103,0.0,1.0,0.0,0.0,1.0,0.57,14.11,21.86,1.0
C101260,Company_1260,Netherlands,Europe,1,Retail,10-Jan,2725.15,Starter,SMB_Inside,Partner,2023-10-25,,1,0.21,8.9,0,354.0,1.0535714285714286,336,118.0,0.3511904761904761,4617.27063053011,13.741876876577708,197,2534.23,157.0,2083.04063053011,0.0,0.0,0.0,0.0,0.0,0.0,0.0,0.0,0.0
C101261,Company_1261,France,Europe,1,Professional Services,10-Jan,2964.98,Growth,SMB_Inside,Partner,2024-02-27,2024-08-28,0,0.21,6.0,0,747.0,2.2232142857142856,336,259.0,0.7708333333333334,4966.49398585593,14.781232100761695,501,3303.94,246.0,1662.5539858559305,2.0,1.0,2.0,0.0,5.0,0.002,2.808,8.578,5.0
C101262,Company_1262,UK,Europe,1,Retail,201-1000,65298.86,Starter,Enterprise,Outbound,2023-11-12,2024-11-12,0,0.11,6.2,0,284.0,0.8452380952380952,336,103.0,0.306547619047619,4139.812682354481,12.320871078435957,178,2549.7,106.0,1590.1126823544805,0.0,0.0,0.0,0.0,0.0,0.0,0.0,0.0,0.0
C101263,Company_1263,Germany,Europe,1,Hospitality,1000+,332648.18,Growth,Enterprise,Outbound,2023-12-02,,1,0.21,4.9,0,1323.0,3.9375,336,451.0,1.3422619047619049,8644.063995629205,25.726380939372635,735,4794.34,588.0,3849.7239956292055,0.0,0.0,1.0,0.0,1.0,0.47,12.38,12.67,1.0
C101264,Company_1264,Netherlands,Europe,1,Retail,Nov-50,6178.53,Growth,SMB_Inside,Inbound,2023-09-16,2024-09-16,0,0.32,1.9,0,968.0,2.880952380952381,336,337.0,1.0029761904761905,6592.097653436943,19.619338254276617,701,4860.77,267.0,1731.3276534369434,0.0,2.0,0.0,1.0,3.0,0.0066666666666666,1.43,10.33,3.0
C101265,Company_1265,UK,Europe,1,Manufacturing,Nov-50,7266.93,Starter,SMB_Field,Outbound,2024-01-01,2024-07-02,0,0.29,6.2,0,182.0,0.5416666666666666,336,57.0,0.1696428571428571,2679.0024824049233,7.973221673824177,179,2638.54,3.0,40.46248240492346,0.0,0.0,1.0,0.0,1.0,0.13,1.11,5.09,1.0
C101266,Company_1266,US,North America,0,Professional Services,10-Jan,2478.67,Starter,SMB_Inside,Outbound,2023-04-27,,1,0.26,3.3,0,384.0,1.0491803278688523,366,145.0,0.3961748633879781,5075.693385112633,13.868014713422497,202,2743.11,182.0,2332.583385112633,0.0,0.0,1.0,0.0,1.0,-0.65,3.09,9.4,1.0
C101267,Company_1267,Canada,North America,0,Healthcare,51-200,33681.28,Enterprise,MidMarket,Inbound,2023-12-17,2024-12-17,0,0.34,4.0,0,3508.0,9.584699453551911,366,1199.0,3.2759562841530054,10439.59884660843,28.52349411641648,1823,5508.93,1685.0,4930.668846608431,2.0,1.0,1.0,1.0,5.0,0.004,2.012,12.026,5.0
C101268,Company_1268,France,Europe,1,Healthcare,201-1000,97051.09,Enterprise,Enterprise,Partner,2023-02-10,,1,0.15,7.9,0,3285.0,9.776785714285714,336,1184.0,3.5238095238095237,10018.113838814405,29.81581499647144,1758,5475.03,1527.0,4543.083838814405,1.0,0.0,1.0,1.0,3.0,0.04,1.09,5.3933333333333335,3.0
C101269,Company_1269,US,North America,0,Wholesale,10-Jan,1503.36,Starter,SMB_Inside,Partner,2023-07-24,2024-07-24,0,0.23,4.5,0,195.0,0.5327868852459017,366,61.0,0.1666666666666666,2721.7697213739957,7.4365292933715725,171,2426.21,24.0,295.55972137399556,1.0,0.0,0.0,0.0,1.0,-0.08,6.9,16.88,1.0
C101270,Company_1270,US,North America,0,Ecommerce,51-200,36358.93,Starter,MidMarket,SelfServe,2024-03-11,2025-03-12,0,0.24,4.9,0,283.0,0.773224043715847,366,99.0,0.2704918032786885,3630.540809124207,9.91951040744319,100,1278.73,183.0,2351.810809124208,0.0,1.0,0.0,0.0,1.0,0.49,1.88,5.72,1.0
C101271,Company_1271,UK,Europe,1,Unknown,51-200,25035.0,Enterprise,MidMarket,Inbound,2023-08-10,2024-08-10,0,0.19,5.6,0,2233.0,6.645833333333333,336,762.0,2.267857142857143,6734.052323689964,20.041822391934417,1832,5598.8,401.0,1135.252323689965,3.0,0.0,0.0,0.0,3.0,-0.3833333333333333,6.146666666666666,10.996666666666664,3.0
C101272,Company_1272,Spain,Europe,1,Healthcare,201-1000,67572.82,Growth,Enterprise,Outbound,2023-04-22,,1,0.13,6.5,0,1318.0,3.922619047619047,336,454.0,1.3511904761904765,8652.403069513588,25.751199611647586,692,4692.74,626.0,3959.6630695135873,1.0,0.0,1.0,0.0,2.0,0.565,9.215,15.93,2.0
C101273,Company_1273,France,Europe,1,Unknown,51-200,10561.91,Enterprise,MidMarket,Inbound,2023-01-18,,1,0.15,5.3,0,3309.0,9.848214285714286,336,1117.0,3.324404761904762,9984.346468402,29.71531687024405,1818,5391.9800000000005,1491.0,4592.366468402,0.0,3.0,1.0,2.0,6.0,-0.0216666666666666,3.3466666666666662,20.073333333333338,5.0
C101274,Company_1274,Germany,Europe,1,Manufacturing,Nov-50,6947.24,Starter,SMB_Inside,Partner,2024-02-10,2025-02-10,0,0.21,2.0,0,291.0,0.8660714285714286,336,100.0,0.2976190476190476,4167.128820225139,12.402169107812911,118,1816.12,173.0,2351.0088202251395,0.0,1.0,0.0,0.0,1.0,0.2,8.51,9.65,1.0
C101275,Company_1275,France,Europe,1,Healthcare,1000+,311652.56,Enterprise,Enterprise,Partner,2023-11-22,2024-05-23,0,0.11,3.5,1,1399.0,4.163690476190476,336,501.0,1.4910714285714286,4342.62,12.924464285714285,1399,4342.62,0.0,0.0,0.0,1.0,1.0,3.0,5.0,-0.1539999999999999,2.25,10.984,5.0
C101276,Company_1276,France,Europe,1,Unknown,201-1000,145412.83,Growth,Enterprise,SelfServe,2023-10-28,,1,0.06,7.4,0,1339.0,3.985119047619047,336,468.0,1.3928571428571428,9105.52177018217,27.09976717316122,721,4937.68,618.0,4167.841770182168,0.0,0.0,1.0,1.0,2.0,-0.24,1.4249999999999998,9.26,2.0
C101277,Company_1277,US,North America,0,Unknown,Nov-50,9352.3,Enterprise,SMB_Field,Outbound,2023-09-23,2024-09-23,0,0.05,7.3,0,2636.0,7.202185792349726,366,922.0,2.519125683060109,7827.347933944625,21.38619654083231,1843,5365.55,793.0,2461.7979339446247,0.0,2.0,1.0,2.0,5.0,-0.03,0.712,9.255999999999998,4.0
C101278,Company_1278,Spain,Europe,1,Unknown,Nov-50,7986.76,Growth,SMB_Inside,Outbound,2024-03-04,2024-09-03,0,0.27,6.5,0,781.0,2.324404761904762,336,266.0,0.7916666666666666,5009.968376311018,14.910620167592317,495,3248.35,286.0,1761.6183763110175,1.0,0.0,0.0,1.0,2.0,-0.125,1.775,14.035,1.0
C101279,Company_1279,Spain,Europe,1,Retail,1000+,484209.06,Enterprise,Enterprise,SelfServe,2024-01-02,2025-01-02,0,0.1,9.6,0,3339.0,9.9375,336,1193.0,3.550595238095238,10215.074364071264,30.402007035926378,1811,5431.54,1528.0,4783.534364071262,3.0,0.0,1.0,2.0,6.0,0.0699999999999999,2.846666666666667,11.426666666666668,6.0
C101280,Company_1280,Spain,Europe,1,Unknown,10-Jan,2906.1,Growth,SMB_Inside,Outbound,2023-06-03,,1,0.07,5.8,0,1339.0,3.985119047619047,336,441.0,1.3125,8812.460444243487,26.227560845962756,720,4622.01,619.0,4190.450444243486,2.0,0.0,0.0,1.0,3.0,0.1033333333333333,1.9166666666666667,27.876666666666665,3.0
C101281,Company_1281,Germany,Europe,1,Professional Services,1000+,199183.3,Enterprise,Enterprise,Inbound,2024-03-13,2025-03-14,0,0.07,8.5,0,2658.0,7.910714285714286,336,923.0,2.7470238095238093,7795.381505169184,23.200540193955906,1063,3258.41,1595.0,4536.971505169185,1.0,0.0,2.0,1.0,4.0,-0.21,3.4775,12.1675,3.0
C101282,Company_1282,France,Europe,1,Wholesale,10-Jan,1373.39,Starter,SMB_Inside,SelfServe,2023-08-28,,1,0.2,6.1,0,365.0,1.0863095238095235,336,134.0,0.3988095238095238,4678.52938316992,13.92419459276762,190,2481.92,175.0,2196.6093831699204,0.0,1.0,0.0,0.0,1.0,-0.41,1.44,8.18,1.0
C101283,Company_1283,US,North America,0,Unknown,Nov-50,7962.7,Growth,SMB_Inside,Partner,2023-05-04,,1,0.06,8.6,0,1525.0,4.166666666666667,366,501.0,1.3688524590163935,9629.988587060929,26.311444226942424,761,4811.69,764.0,4818.298587060926,0.0,0.0,0.0,0.0,0.0,0.0,0.0,0.0,0.0
C101284,Company_1284,Netherlands,Europe,1,Retail,51-200,13798.63,Enterprise,MidMarket,Outbound,2023-06-05,2023-12-05,0,0.42,4.3,1,0.0,0.0,336,0.0,0.0,0.0,0.0,0,0.0,0.0,0.0,1.0,1.0,0.0,0.0,2.0,-0.125,4.39,12.5,2.0
C101285,Company_1285,US,North America,0,Unknown,Nov-50,8890.15,Starter,SMB_Inside,Inbound,2023-12-05,2024-12-05,0,0.16,8.8,0,315.0,0.860655737704918,366,98.0,0.2677595628415301,4578.6601423527745,12.510000388942007,181,2531.44,134.0,2047.220142352774,0.0,0.0,0.0,0.0,0.0,0.0,0.0,0.0,0.0
C101286,Company_1286,Canada,North America,0,Unknown,Nov-50,9803.34,Starter,SMB_Inside,Outbound,2023-10-30,2024-10-30,0,0.24,5.9,0,313.0,0.855191256830601,366,99.0,0.2704918032786885,3930.937207888868,10.740265595324775,192,2374.56,121.0,1556.3772078888685,0.0,1.0,0.0,0.0,1.0,-0.15,1.18,34.18,0.0
C101287,Company_1287,US,North America,0,Unknown,Nov-50,4216.61,Starter,SMB_Field,SelfServe,2023-08-20,2024-08-20,0,0.14,6.5,0,235.0,0.6420765027322405,366,85.0,0.2322404371584699,3043.469192367845,8.315489596633457,181,2425.26,54.0,618.209192367845,0.0,0.0,2.0,1.0,3.0,-0.0166666666666666,3.5766666666666667,7.026666666666666,2.0
C101288,Company_1288,France,Europe,1,Unknown,51-200,19556.89,Growth,MidMarket,Inbound,2023-06-30,,1,0.05,7.7,0,1346.0,4.005952380952381,336,459.0,1.3660714285714286,8857.170342480978,26.360626019288627,737,4637.15,609.0,4220.020342480979,1.0,1.0,0.0,2.0,4.0,-0.1225,4.7924999999999995,11.6875,4.0
C101289,Company_1289,Australia,North America,0,Manufacturing,1000+,447057.95,Growth,Enterprise,Inbound,2023-03-01,,1,0.17,7.5,0,1475.0,4.030054644808743,366,505.0,1.3797814207650274,9968.558578048402,27.23649884712678,722,4881.39,753.0,5087.168578048402,1.0,1.0,0.0,0.0,2.0,-0.03,1.535,10.5,2.0
C101290,Company_1290,Germany,Europe,1,Unknown,51-200,21285.45,Growth,MidMarket,Outbound,2024-01-31,2024-08-01,0,0.09,4.7,0,803.0,2.389880952380953,336,276.0,0.8214285714285714,5136.511812144191,15.287237536143426,672,4213.55,131.0,922.9618121441908,0.0,0.0,0.0,1.0,1.0,0.29,3.96,4.15,1.0
C101291,Company_1291,US,North America,0,Unknown,Nov-50,5389.89,Growth,SMB_Inside,Outbound,2024-01-21,2025-01-21,0,0.15,4.1,0,1363.0,3.7240437158469946,366,488.0,1.3333333333333333,9547.678142582126,26.08655230213696,634,4290.82,729.0,5256.858142582127,0.0,1.0,0.0,2.0,3.0,-0.0166666666666666,4.17,22.713333333333335,2.0
C101292,Company_1292,Australia,North America,0,Professional Services,201-1000,141510.75,Enterprise,Enterprise,Outbound,2023-07-18,2024-07-18,0,0.33,7.5,0,1978.0,5.404371584699454,366,713.0,1.9480874316939891,5882.267284647212,16.071768537287465,1789,5289.79,189.0,592.4772846472126,1.0,1.0,1.0,2.0,5.0,0.0259999999999999,1.45,11.248,5.0
C101293,Company_1293,Germany,Europe,1,Manufacturing,10-Jan,2349.52,Growth,SMB_Inside,Inbound,2023-02-04,2023-08-06,0,0.29,5.5,1,0.0,0.0,336,0.0,0.0,0.0,0.0,0,0.0,0.0,0.0,0.0,0.0,1.0,2.0,3.0,-0.0166666666666666,8.016666666666666,15.67,3.0
C101294,Company_1294,Netherlands,Europe,1,Unknown,10-Jan,2843.08,Starter,SMB_Inside,Outbound,2023-04-30,2023-10-30,0,0.27,6.0,1,0.0,0.0,336,0.0,0.0,0.0,0.0,0,0.0,0.0,0.0,0.0,0.0,0.0,1.0,1.0,-0.18,1.89,17.98,1.0
C101295,Company_1295,Canada,North America,0,Retail,Nov-50,5695.99,Enterprise,SMB_Inside,Outbound,2023-06-29,,1,0.08,6.4,0,3747.0,10.237704918032788,366,1298.0,3.546448087431694,10932.693272228931,29.87074664543424,1884,5485.03,1863.0,5447.6632722289305,2.0,1.0,2.0,0.0,5.0,-0.112,2.18,11.102,5.0
C101296,Company_1296,Germany,Europe,1,Retail,Nov-50,5070.4,Growth,SMB_Inside,Inbound,2023-03-27,,1,0.39,4.7,0,1321.0,3.931547619047619,336,437.0,1.300595238095238,8714.502033622737,25.936017957210527,675,4631.11,646.0,4083.392033622738,0.0,0.0,0.0,0.0,0.0,0.0,0.0,0.0,0.0
C101297,Company_1297,US,North America,0,Unknown,10-Jan,2055.14,Starter,SMB_Field,SelfServe,2023-12-28,,1,0.27,5.1,0,355.0,0.9699453551912568,366,121.0,0.3306010928961748,5004.2713175567715,13.672872452340906,178,2422.82,177.0,2581.451317556772,0.0,0.0,0.0,0.0,0.0,0.0,0.0,0.0,0.0
C101298,Company_1298,Netherlands,Europe,1,Professional Services,201-1000,83366.62,Growth,Enterprise,Partner,2023-06-15,,1,0.18,7.8,0,1377.0,4.098214285714286,336,470.0,1.3988095238095235,9214.888292380572,27.42526277494218,760,5072.6,617.0,4142.288292380572,0.0,0.0,0.0,0.0,0.0,0.0,0.0,0.0,0.0
C101299,Company_1299,UK,Europe,1,Logistics,51-200,13458.78,Enterprise,MidMarket,Partner,2023-09-01,2024-09-01,0,0.32,4.8,0,2405.0,7.157738095238095,336,871.0,2.5922619047619047,7469.058617400605,22.229341123216084,1807,5522.3,598.0,1946.758617400605,2.0,1.0,0.0,0.0,3.0,0.3,2.2733333333333334,15.436666666666667,3.0
C101300,Company_1300,US,North America,0,Unknown,Nov-50,5567.02,Starter,SMB_Field,Partner,2023-03-22,,1,0.07,7.1,0,374.0,1.0218579234972678,366,135.0,0.3688524590163934,5064.690944524726,13.83795340034078,191,2561.28,183.0,2503.4109445247254,0.0,0.0,0.0,0.0,0.0,0.0,0.0,0.0,0.0
C101301,Company_1301,France,Europe,1,Unknown,51-200,10987.32,Starter,MidMarket,Inbound,2023-04-18,,1,0.07,7.3,0,340.0,1.011904761904762,336,129.0,0.3839285714285714,4458.805131651284,13.270253368009772,185,2450.79,155.0,2008.0151316512845,0.0,0.0,1.0,0.0,1.0,0.02,7.8,13.49,1.0
C101302,Company_1302,Australia,North America,0,Professional Services,10-Jan,2752.61,Starter,SMB_Inside,Inbound,2024-03-10,2024-09-09,0,0.14,6.9,0,183.0,0.5,366,60.0,0.1639344262295081,2455.8202464390915,6.709891383713365,119,1595.42,64.0,860.4002464390916,2.0,0.0,0.0,1.0,3.0,0.0766666666666666,2.4233333333333333,18.363333333333333,3.0
C101303,Company_1303,Netherlands,Europe,1,Wholesale,Nov-50,5068.97,Starter,SMB_Inside,Outbound,2024-01-26,2024-07-27,0,0.1,6.3,0,179.0,0.5327380952380952,336,63.0,0.1875,2493.918916141552,7.422377726611762,153,2132.91,26.0,361.008916141552,0.0,0.0,1.0,1.0,2.0,0.08,13.465,14.795000000000002,2.0
C101304,Company_1304,UK,Europe,1,Manufacturing,1000+,445065.2,Enterprise,Enterprise,Inbound,2023-12-12,2024-12-12,0,0.11,7.8,0,3089.0,9.19345238095238,336,1050.0,3.125,9228.936395278226,27.46707260499472,1798,5206.24,1291.0,4022.696395278225,2.0,1.0,1.0,1.0,5.0,-0.0759999999999999,2.5759999999999996,13.294,5.0
C101305,Company_1305,Netherlands,Europe,1,Healthcare,Nov-50,6142.49,Growth,SMB_Inside,Inbound,2023-02-27,,1,0.1,8.1,0,1340.0,3.988095238095238,336,478.0,1.4226190476190477,9021.815477345106,26.85064130162234,734,5036.04,606.0,3985.7754773451065,0.0,2.0,0.0,1.0,3.0,-0.15,4.536666666666666,10.156666666666666,3.0
C101306,Company_1306,France,Europe,1,Unknown,51-200,35184.15,Enterprise,MidMarket,SelfServe,2024-03-07,2025-03-08,0,0.32,4.9,0,2826.0,8.410714285714286,336,1036.0,3.0833333333333335,7904.58869887553,23.52556160379622,1213,3409.4,1613.0,4495.1886988755305,1.0,5.0,2.0,0.0,8.0,0.0262499999999999,2.08125,17.8725,7.0
C101307,Company_1307,UK,Europe,1,Professional Services,1000+,377406.5,Enterprise,Enterprise,Inbound,2023-10-31,2024-10-31,0,0.2,8.5,0,2761.0,8.217261904761905,336,981.0,2.919642857142857,8242.095279220039,24.53004547386916,1828,5513.82,933.0,2728.275279220038,1.0,3.0,0.0,1.0,5.0,0.028,2.666,8.804,5.0
C101308,Company_1308,US,North America,0,Wholesale,Nov-50,9381.25,Growth,SMB_Inside,SelfServe,2023-12-17,2024-12-17,0,0.39,5.8,0,1398.0,3.819672131147541,366,471.0,1.286885245901639,9444.01491270021,25.80331943360713,718,5013.03,680.0,4430.98491270021,0.0,0.0,1.0,0.0,1.0,-0.39,6.46,13.68,1.0
C101309,Company_1309,France,Europe,1,Healthcare,Nov-50,3113.29,Growth,SMB_Inside,SelfServe,2023-12-11,2024-12-11,0,0.28,6.5,0,1257.0,3.741071428571429,336,458.0,1.363095238095238,8300.470184565223,24.70378031120602,708,4681.85,549.0,3618.620184565224,3.0,0.0,0.0,2.0,5.0,0.176,3.28,8.870000000000001,4.0
C101310,Company_1310,France,Europe,1,Unknown,51-200,10947.93,Growth,MidMarket,Partner,2023-03-28,2024-03-28,0,0.37,8.6,1,330.0,0.9821428571428572,336,122.0,0.3630952380952381,2262.98,6.735059523809523,330,2262.98,0.0,0.0,1.0,0.0,0.0,0.0,1.0,-0.43,16.85,23.28,1.0
C101311,Company_1311,Canada,North America,0,Logistics,Nov-50,6465.65,Starter,SMB_Inside,Inbound,2023-10-01,2024-10-01,0,0.3,2.2,0,289.0,0.7896174863387978,366,104.0,0.2841530054644808,4008.5946351861007,10.952444358431968,184,2522.91,105.0,1485.6846351861009,0.0,0.0,0.0,0.0,0.0,0.0,0.0,0.0,0.0
C101312,Company_1312,Canada,North America,0,Professional Services,10-Jan,2453.51,Starter,SMB_Inside,Outbound,2023-06-23,,1,0.15,7.7,0,397.0,1.0846994535519126,366,142.0,0.3879781420765027,5449.541792987609,14.88945845078582,222,2817.56,175.0,2631.9817929876094,0.0,0.0,0.0,0.0,0.0,0.0,0.0,0.0,0.0
C101313,Company_1313,Australia,North America,0,Wholesale,Nov-50,3362.61,Starter,SMB_Inside,SelfServe,2023-05-25,,1,0.06,9.4,0,371.0,1.0136612021857925,366,148.0,0.4043715846994535,4939.592235692119,13.49615364943202,191,2429.26,180.0,2510.332235692119,0.0,0.0,0.0,1.0,1.0,-0.45,6.73,9.15,1.0
C101314,Company_1314,Canada,North America,0,Ecommerce,51-200,27695.26,Enterprise,MidMarket,Inbound,2023-08-25,2024-08-25,0,0.46,6.4,0,2420.0,6.612021857923497,366,831.0,2.2704918032786887,7280.001435724599,19.890714305258467,1854,5526.36,566.0,1753.6414357245988,2.0,2.0,2.0,3.0,9.0,-0.0188888888888888,2.14,10.516666666666667,9.0
C101315,Company_1315,Canada,North America,0,Hospitality,51-200,39650.66,Enterprise,MidMarket,Partner,2024-03-06,2024-09-05,0,0.35,6.0,0,1907.0,5.2103825136612025,366,632.0,1.726775956284153,5600.263364149687,15.301266022266905,1222,3457.33,685.0,2142.9333641496873,0.0,0.0,1.0,0.0,1.0,-0.2,2.2,16.53,1.0
C101316,Company_1316,France,Europe,1,Healthcare,201-1000,103218.01,Growth,Enterprise,Inbound,2023-09-13,2024-09-13,0,0.34,7.4,0,970.0,2.886904761904762,336,352.0,1.0476190476190477,6383.363414988042,18.998105401750124,722,4627.63,248.0,1755.7334149880417,1.0,0.0,0.0,0.0,1.0,-0.15,2.33,3.02,1.0
C101317,Company_1317,France,Europe,1,Hospitality,Nov-50,4360.25,Starter,SMB_Inside,Inbound,2023-08-09,2024-08-09,0,0.16,4.3,0,216.0,0.6428571428571429,336,78.0,0.2321428571428571,2859.765895426352,8.511208022102238,173,2379.28,43.0,480.4858954263521,0.0,0.0,0.0,0.0,0.0,0.0,0.0,0.0,0.0
C101318,Company_1318,UK,Europe,1,Unknown,Nov-50,4019.85,Starter,SMB_Field,Partner,2023-12-07,2024-12-07,0,0.02,7.9,0,319.0,0.949404761904762,336,96.0,0.2857142857142857,4262.859581786249,12.68708208864955,187,2524.6,132.0,1738.259581786249,0.0,0.0,0.0,1.0,1.0,-0.06,4.16,5.22,1.0
C101319,Company_1319,Spain,Europe,1,Healthcare,51-200,32232.57,Growth,MidMarket,SelfServe,2023-05-30,,1,0.07,5.9,0,1303.0,3.8779761904761902,336,464.0,1.380952380952381,8948.40992499001,26.6321723958036,664,4734.23,639.0,4214.1799249900105,1.0,1.0,0.0,1.0,3.0,-0.1266666666666666,2.2433333333333336,17.466666666666665,3.0
C101320,Company_1320,Spain,Europe,1,Manufacturing,Nov-50,8709.35,Starter,SMB_Field,Outbound,2023-01-02,,1,0.07,7.7,0,344.0,1.0238095238095235,336,141.0,0.4196428571428571,4408.853295402176,13.121587188696951,177,2470.93,167.0,1937.923295402176,0.0,1.0,0.0,1.0,2.0,0.0,7.895,20.92,2.0
C101321,Company_1321,Germany,Europe,1,Healthcare,Nov-50,5140.31,Growth,SMB_Inside,SelfServe,2023-09-22,2024-09-22,0,0.2,6.1,0,925.0,2.7529761904761907,336,290.0,0.8630952380952381,6576.75434199442,19.573673636888156,695,5074.65,230.0,1502.10434199442,0.0,0.0,1.0,1.0,2.0,-0.16,9.52,21.185,2.0
C101322,Company_1322,Netherlands,Europe,1,Professional Services,10-Jan,1828.77,Starter,SMB_Field,SelfServe,2023-03-07,2023-06-06,0,0.29,5.0,1,0.0,0.0,336,0.0,0.0,0.0,0.0,0,0.0,0.0,0.0,1.0,0.0,0.0,2.0,3.0,-0.0666666666666666,3.44,19.506666666666668,3.0
C101323,Company_1323,Canada,North America,0,Unknown,1000+,181436.77,Starter,Enterprise,Partner,2023-03-07,2024-03-07,0,0.08,8.6,1,64.0,0.174863387978142,366,19.0,0.0519125683060109,966.44,2.6405464480874317,64,966.44,0.0,0.0,0.0,0.0,0.0,0.0,0.0,0.0,0.0,0.0,0.0
C101324,Company_1324,Spain,Europe,1,Professional Services,Nov-50,9703.23,Growth,SMB_Inside,Outbound,2023-01-07,,1,0.28,6.4,0,1350.0,4.017857142857143,336,498.0,1.4821428571428572,8928.134947536772,26.571830201002296,712,4839.19,638.0,4088.9449475367705,2.0,0.0,0.0,1.0,3.0,-0.5566666666666666,2.7899999999999996,6.626666666666666,3.0
C101325,Company_1325,US,North America,0,Ecommerce,Nov-50,5272.22,Growth,SMB_Field,Partner,2023-02-19,,1,0.11,6.0,0,1464.0,4.0,366,498.0,1.360655737704918,9792.11246934356,26.75440565394415,734,4853.06,730.0,4939.052469343559,0.0,0.0,0.0,1.0,1.0,0.32,0.26,26.2,1.0
C101326,Company_1326,Spain,Europe,1,Ecommerce,51-200,17171.08,Growth,MidMarket,Outbound,2024-03-03,2024-09-02,0,0.13,7.1,0,723.0,2.1517857142857144,336,252.0,0.75,4986.042263424159,14.839411498286186,456,3160.88,267.0,1825.1622634241585,1.0,0.0,0.0,0.0,1.0,-0.27,10.8,15.86,0.0
C101327,Company_1327,Spain,Europe,1,Manufacturing,Nov-50,9847.74,Growth,SMB_Inside,Partner,2023-09-24,2024-09-24,0,0.1,6.0,0,977.0,2.9077380952380953,336,341.0,1.0148809523809523,6215.999282655349,18.49999786504568,723,4590.8,254.0,1625.1992826553492,0.0,0.0,0.0,0.0,0.0,0.0,0.0,0.0,0.0
C101328,Company_1328,Australia,North America,0,Manufacturing,51-200,33357.46,Growth,MidMarket,Inbound,2023-11-30,,1,0.27,6.5,0,1436.0,3.923497267759563,366,520.0,1.4207650273224044,9611.218198720844,26.26015901289848,700,4702.35,736.0,4908.868198720844,0.0,0.0,0.0,2.0,2.0,0.105,5.970000000000001,12.4,1.0
C101329,Company_1329,Canada,North America,0,Unknown,10-Jan,1645.68,Starter,SMB_Inside,SelfServe,2023-01-17,,1,0.12,6.7,0,417.0,1.139344262295082,366,151.0,0.412568306010929,5323.007576459162,14.543736547702627,212,2661.2,205.0,2661.807576459162,1.0,0.0,0.0,0.0,1.0,-0.08,3.45,15.31,1.0
C101330,Company_1330,Australia,North America,0,Ecommerce,Nov-50,7122.81,Enterprise,SMB_Field,Partner,2023-12-12,2024-12-12,0,0.24,6.3,0,3446.0,9.415300546448089,366,1176.0,3.2131147540983607,10214.625244450392,27.908812143307085,1841,5324.82,1605.0,4889.805244450393,3.0,2.0,1.0,0.0,6.0,-0.0666666666666666,1.2533333333333332,10.11,6.0
C101331,Company_1331,Spain,Europe,1,Hospitality,10-Jan,2913.32,Starter,SMB_Inside,Partner,2023-02-23,,1,0.32,5.4,0,322.0,0.9583333333333334,336,131.0,0.3898809523809524,4547.872947317781,13.53533615273149,173,2502.58,149.0,2045.2929473177812,1.0,0.0,0.0,0.0,1.0,-0.17,2.68,8.47,1.0
C101332,Company_1332,France,Europe,1,Unknown,51-200,35635.15,Enterprise,MidMarket,Partner,2023-03-22,,1,0.36,4.8,0,3319.0,9.87797619047619,336,1141.0,3.3958333333333335,10076.13880078178,29.98850833566006,1765,5396.81,1554.0,4679.32880078178,2.0,1.0,1.0,1.0,5.0,0.028,1.378,14.726,5.0
C101333,Company_1333,France,Europe,1,Unknown,201-1000,145906.52,Starter,Enterprise,SelfServe,2023-08-18,2024-08-18,0,0.19,5.3,0,224.0,0.6666666666666666,336,73.0,0.2172619047619047,3262.099239700339,9.70862868958434,179,2621.94,45.0,640.159239700339,0.0,0.0,0.0,0.0,0.0,0.0,0.0,0.0,0.0
C101334,Company_1334,Canada,North America,0,Manufacturing,201-1000,77062.15,Growth,Enterprise,SelfServe,2023-05-25,,1,0.11,6.3,0,1462.0,3.9945355191256833,366,493.0,1.3469945355191255,9920.82221637647,27.106071629443907,735,5001.18,727.0,4919.642216376469,0.0,0.0,1.0,1.0,2.0,-0.325,1.115,4.71,2.0
C101335,Company_1335,US,North America,0,Unknown,Nov-50,8023.85,Growth,SMB_Field,Outbound,2023-10-27,2024-10-27,0,0.12,3.8,0,1212.0,3.3114754098360657,366,419.0,1.144808743169399,7944.379534151862,21.705955011343885,709,4724.88,503.0,3219.499534151861,0.0,0.0,1.0,0.0,1.0,-0.1,1.14,5.79,1.0
C101336,Company_1336,Spain,Europe,1,Hospitality,10-Jan,1450.72,Starter,SMB_Field,Outbound,2023-10-04,2024-01-03,0,0.07,7.0,1,3.0,0.0089285714285714,336,1.0,0.0029761904761904,31.86,0.0948214285714285,3,31.86,0.0,0.0,0.0,0.0,0.0,0.0,0.0,0.0,0.0,0.0,0.0
C101337,Company_1337,Spain,Europe,1,Wholesale,10-Jan,2686.72,Starter,SMB_Inside,Inbound,2023-05-17,,1,0.27,5.5,0,339.0,1.0089285714285714,336,120.0,0.3571428571428571,4795.602286318599,14.272625852138688,181,2694.46,158.0,2101.1422863185994,0.0,1.0,0.0,0.0,1.0,-0.32,6.98,12.43,1.0
C101338,Company_1338,Australia,North America,0,Logistics,Nov-50,8558.41,Starter,SMB_Inside,Partner,2024-01-13,2024-07-14,0,0.12,5.4,0,173.0,0.4726775956284153,366,58.0,0.1584699453551912,2454.751917971171,6.706972453473146,157,2284.07,16.0,170.68191797117112,0.0,0.0,1.0,1.0,2.0,-0.01,14.94,20.78,2.0
C101339,Company_1339,UK,Europe,1,Ecommerce,201-1000,114929.48,Enterprise,Enterprise,SelfServe,2024-03-31,2025-04-01,0,0.14,8.9,0,2470.0,7.351190476190476,336,896.0,2.6666666666666665,7605.979584623429,22.636844001855444,913,2765.81,1557.0,4840.169584623429,3.0,0.0,1.0,0.0,4.0,0.1,1.5775,16.04,4.0
C101340,Company_1340,US,North America,0,Logistics,Nov-50,8603.57,Starter,SMB_Inside,Inbound,2024-03-12,2024-09-11,0,0.36,4.2,0,176.0,0.4808743169398907,366,59.0,0.1612021857923497,2381.9085535421277,6.507946867601442,105,1516.69,71.0,865.2185535421277,0.0,0.0,0.0,0.0,0.0,0.0,0.0,0.0,0.0
C101341,Company_1341,Spain,Europe,1,Retail,10-Jan,2315.45,Starter,SMB_Inside,Inbound,2023-10-08,2024-10-08,0,0.17,4.4,0,267.0,0.7946428571428571,336,90.0,0.2678571428571428,3630.130387557277,10.803959486777613,195,2649.42,72.0,980.7103875572772,0.0,1.0,0.0,0.0,1.0,0.12,2.23,8.89,1.0
C101342,Company_1342,Australia,North America,0,Logistics,Nov-50,9742.1,Enterprise,SMB_Field,Outbound,2024-01-19,2025-01-19,0,0.49,1.9,0,3484.0,9.519125683060109,366,1204.0,3.289617486338798,10424.183093110649,28.481374571340567,1651,4980.96,1833.0,5443.223093110648,1.0,2.0,1.0,1.0,5.0,0.024,3.054,12.324000000000002,5.0
C101343,Company_1343,Australia,North America,0,Ecommerce,10-Jan,2988.35,Growth,SMB_Inside,Outbound,2023-05-30,,1,0.03,7.7,0,1523.0,4.16120218579235,366,557.0,1.5218579234972678,9859.89741396912,26.939610420680655,752,4844.67,771.0,5015.22741396912,0.0,0.0,0.0,0.0,0.0,0.0,0.0,0.0,0.0
C101344,Company_1344,Australia,North America,0,Logistics,51-200,20814.6,Growth,MidMarket,Partner,2023-02-08,2023-08-10,0,0.31,8.0,1,0.0,0.0,366,0.0,0.0,0.0,0.0,0,0.0,0.0,0.0,1.0,0.0,0.0,1.0,2.0,-0.075,3.76,13.695,2.0
C101345,Company_1345,France,Europe,1,Retail,51-200,19602.79,Enterprise,MidMarket,Inbound,2023-12-27,2024-12-27,0,0.46,6.5,0,3280.0,9.761904761904765,336,1103.0,3.2827380952380953,9940.74690067038,29.58555625199518,1832,5431.77,1448.0,4508.976900670379,2.0,1.0,0.0,0.0,3.0,-0.24,0.75,14.513333333333334,1.0
C101346,Company_1346,Germany,Europe,1,Unknown,Nov-50,8165.47,Starter,SMB_Field,SelfServe,2023-07-18,2024-07-18,0,0.13,4.5,0,196.0,0.5833333333333334,336,65.0,0.1934523809523809,2653.9975042562232,7.898802096000664,176,2408.62,20.0,245.37750425622323,0.0,0.0,0.0,1.0,1.0,-0.27,1.84,5.94,0.0
C101347,Company_1347,Spain,Europe,1,Unknown,Nov-50,7692.63,Enterprise,SMB_Inside,Partner,2023-03-16,2024-03-16,0,0.34,3.5,1,757.0,2.2529761904761907,336,257.0,0.7648809523809523,2213.68,6.588333333333333,757,2213.68,0.0,0.0,1.0,3.0,3.0,3.0,10.0,-0.071,1.739,9.129,8.0
C101348,Company_1348,Canada,North America,0,Professional Services,Nov-50,9716.87,Growth,SMB_Field,Partner,2024-03-30,2024-09-29,0,0.11,7.3,0,720.0,1.9672131147540983,366,258.0,0.7049180327868853,4951.358382679545,13.528301592020616,337,2506.7,383.0,2444.6583826795445,0.0,0.0,0.0,2.0,2.0,-0.09,6.88,7.73,1.0
C101349,Company_1349,US,North America,0,Hospitality,10-Jan,2654.36,Starter,SMB_Inside,Partner,2023-02-05,,1,0.19,6.6,0,353.0,0.96448087431694,366,138.0,0.3770491803278688,5112.024634633615,13.967280422496216,175,2444.67,178.0,2667.3546346336157,0.0,0.0,1.0,0.0,1.0,0.2,4.89,6.46,1.0
C101350,Company_1350,France,Europe,1,Unknown,201-1000,133056.5,Growth,Enterprise,Partner,2023-10-14,2024-04-14,0,0.33,9.0,1,433.0,1.2886904761904765,336,158.0,0.4702380952380952,2988.65,8.894791666666666,433,2988.65,0.0,0.0,0.0,2.0,1.0,1.0,4.0,0.1649999999999999,2.705,5.445,4.0
C101351,Company_1351,Spain,Europe,1,Professional Services,Nov-50,7238.52,Growth,SMB_Inside,Outbound,2023-01-25,,1,0.11,7.0,0,1404.0,4.178571428571429,336,489.0,1.4553571428571428,8983.60736512501,26.736926681919673,746,4786.44,658.0,4197.16736512501,1.0,2.0,1.0,1.0,5.0,-0.08,10.678,19.728,5.0
C101352,Company_1352,US,North America,0,Logistics,1000+,488104.23,Growth,Enterprise,Partner,2023-05-14,,1,0.18,7.6,0,1455.0,3.9754098360655736,366,507.0,1.3852459016393444,9578.555785161012,26.170917445795116,702,4745.5199999999995,753.0,4833.035785161012,2.0,0.0,0.0,0.0,2.0,-0.08,4.055,7.645,2.0
C101353,Company_1353,Spain,Europe,1,Wholesale,51-200,37667.49,Growth,MidMarket,Inbound,2023-05-31,2024-05-31,0,0.33,6.8,1,555.0,1.6517857142857142,336,208.0,0.6190476190476191,3886.37,11.56657738095238,555,3886.37,0.0,0.0,0.0,0.0,0.0,2.0,2.0,-0.005,11.315,13.005,2.0
C101354,Company_1354,Canada,North America,0,Ecommerce,10-Jan,2539.09,Starter,SMB_Inside,SelfServe,2024-02-14,,1,0.26,6.3,0,302.0,0.825136612021858,366,110.0,0.3005464480874317,4397.82070422963,12.015903563468934,131,1859.93,171.0,2537.8907042296296,0.0,0.0,0.0,0.0,0.0,0.0,0.0,0.0,0.0
C101355,Company_1355,France,Europe,1,Wholesale,Nov-50,9872.46,Starter,SMB_Inside,SelfServe,2023-07-09,2024-07-09,0,0.16,4.2,0,179.0,0.5327380952380952,336,66.0,0.1964285714285714,2596.157040011939,7.726657857178391,178,2501.6,1.0,94.55704001193924,0.0,1.0,0.0,1.0,2.0,0.215,2.125,26.42,2.0
C101356,Company_1356,France,Europe,1,Ecommerce,Nov-50,7486.64,Growth,SMB_Inside,Partner,2024-01-09,2025-01-09,0,0.1,5.4,0,1337.0,3.9791666666666665,336,468.0,1.3928571428571428,8808.492657008277,26.215751955381776,725,4579.46,612.0,4229.032657008278,0.0,0.0,1.0,0.0,1.0,-0.59,0.77,4.85,1.0
C101357,Company_1357,US,North America,0,Manufacturing,201-1000,45567.19,Enterprise,Enterprise,Partner,2023-06-26,,1,0.38,5.3,0,3626.0,9.907103825136613,366,1247.0,3.407103825136612,10972.355277650086,29.97911278046471,1758,5468.26,1868.0,5504.095277650085,3.0,1.0,1.0,1.0,6.0,0.105,1.9283333333333337,9.346666666666668,6.0
C101358,Company_1358,UK,Europe,1,Wholesale,51-200,10941.39,Enterprise,MidMarket,SelfServe,2023-08-25,2024-08-25,0,0.1,5.8,0,2413.0,7.181547619047619,336,833.0,2.4791666666666665,7023.911072475941,20.90449723951173,1844,5358.7,569.0,1665.2110724759411,1.0,2.0,1.0,0.0,4.0,0.0375,2.6375,4.76,4.0
C101359,Company_1359,Netherlands,Europe,1,Wholesale,51-200,16203.89,Enterprise,MidMarket,Inbound,2023-03-18,,1,0.06,7.5,0,3251.0,9.675595238095235,336,1126.0,3.3511904761904763,9952.380756358278,29.620180822494873,1783,5439.85,1468.0,4512.530756358278,3.0,1.0,2.0,2.0,8.0,0.0049999999999999,1.025,10.325,8.0
C101360,Company_1360,US,North America,0,Manufacturing,10-Jan,1866.76,Starter,SMB_Field,Inbound,2023-11-28,2024-11-28,0,0.32,5.9,0,299.0,0.8169398907103825,366,114.0,0.3114754098360656,4387.351389913129,11.987298879544069,171,2412.27,128.0,1975.0813899131297,0.0,1.0,0.0,0.0,1.0,-0.09,3.28,24.76,1.0
C101361,Company_1361,US,North America,0,Wholesale,10-Jan,1844.63,Enterprise,SMB_Inside,Outbound,2023-07-22,2024-01-21,0,0.07,8.0,1,230.0,0.6284153005464481,366,78.0,0.2131147540983606,638.82,1.745409836065574,230,638.82,0.0,0.0,0.0,1.0,3.0,1.0,5.0,-0.066,0.8960000000000001,6.0699999999999985,5.0
C101362,Company_1362,France,Europe,1,Unknown,201-1000,141822.99,Growth,Enterprise,Outbound,2023-12-15,2024-12-15,0,0.0,3.7,0,1275.0,3.794642857142857,336,451.0,1.3422619047619049,8381.377805291568,24.944576801463,703,4690.14,572.0,3691.2378052915674,1.0,0.0,1.0,0.0,2.0,-0.565,7.465,23.545,2.0
C101363,Company_1363,US,North America,0,Retail,201-1000,136808.44,Growth,Enterprise,Outbound,2023-05-11,,1,0.09,6.5,0,1542.0,4.213114754098361,366,548.0,1.4972677595628416,9753.115705877502,26.647857119883888,755,4882.23,787.0,4870.885705877503,1.0,0.0,0.0,0.0,1.0,0.0,6.64,12.86,1.0
C101364,Company_1364,Australia,North America,0,Healthcare,10-Jan,2964.52,Starter,SMB_Inside,Partner,2023-09-26,,1,0.03,3.9,0,342.0,0.9344262295081968,366,126.0,0.3442622950819672,4760.927082021441,13.00799749186186,170,2280.56,172.0,2480.36708202144,0.0,2.0,0.0,1.0,3.0,0.1433333333333333,2.473333333333333,4.8933333333333335,3.0
C101365,Company_1365,Australia,North America,0,Retail,1000+,158171.86,Growth,Enterprise,Partner,2023-07-15,2024-07-15,0,0.26,8.0,0,812.0,2.2185792349726774,366,285.0,0.7786885245901639,5323.681053221301,14.545576648145632,742,4923.46,70.0,400.2210532213008,0.0,2.0,0.0,0.0,2.0,-0.0799999999999999,4.005,16.485,2.0
C101366,Company_1366,Netherlands,Europe,1,Logistics,10-Jan,1440.57,Starter,SMB_Inside,Outbound,2024-02-06,2024-08-07,0,0.27,4.8,0,191.0,0.5684523809523809,336,69.0,0.2053571428571428,2591.2305846151157,7.711995787544987,147,1963.86,44.0,627.3705846151158,0.0,0.0,0.0,0.0,0.0,0.0,0.0,0.0,0.0
C101367,Company_1367,Spain,Europe,1,Unknown,51-200,24939.7,Growth,MidMarket,Outbound,2023-12-01,2024-12-01,0,0.18,4.6,0,1277.0,3.800595238095238,336,464.0,1.380952380952381,8340.092387028208,24.821703532822045,722,4909.98,555.0,3430.1123870282076,1.0,0.0,0.0,0.0,1.0,0.17,0.57,9.32,1.0
C101368,Company_1368,Germany,Europe,1,Hospitality,51-200,24415.94,Growth,MidMarket,Inbound,2023-03-20,,1,0.19,3.9,0,1392.0,4.142857142857143,336,471.0,1.4017857142857142,8946.29454789011,26.625876630625324,761,4927.31,631.0,4018.984547890109,2.0,0.0,0.0,0.0,2.0,-0.385,7.515000000000001,17.869999999999997,2.0
C101369,Company_1369,Netherlands,Europe,1,Manufacturing,10-Jan,1989.86,Starter,SMB_Inside,Partner,2023-02-27,2024-02-28,0,0.24,5.7,1,72.0,0.2142857142857142,336,24.0,0.0714285714285714,927.93,2.7616964285714287,72,927.93,0.0,0.0,0.0,0.0,0.0,1.0,1.0,-0.15,0.58,1.6,1.0
C101370,Company_1370,Canada,North America,0,Manufacturing,10-Jan,2843.67,Starter,SMB_Field,Inbound,2023-06-06,2023-12-06,0,0.41,6.0,1,0.0,0.0,366,0.0,0.0,0.0,0.0,0,0.0,0.0,0.0,0.0,0.0,0.0,1.0,1.0,0.03,3.24,18.56,0.0
C101371,Company_1371,UK,Europe,1,Unknown,201-1000,141666.83,Growth,Enterprise,SelfServe,2023-02-07,,1,0.14,8.6,0,1375.0,4.092261904761905,336,499.0,1.4851190476190477,9027.05179295968,26.86622557428477,750,4818.82,625.0,4208.231792959681,0.0,0.0,0.0,0.0,0.0,0.0,0.0,0.0,0.0
C101372,Company_1372,Netherlands,Europe,1,Wholesale,10-Jan,1098.96,Starter,SMB_Inside,Inbound,2024-02-03,2024-08-04,0,0.11,5.0,0,195.0,0.5803571428571429,336,66.0,0.1964285714285714,2566.473650258738,7.638314435293863,147,2033.41,48.0,533.0636502587379,0.0,0.0,0.0,0.0,0.0,0.0,0.0,0.0,0.0
C101373,Company_1373,Canada,North America,0,Unknown,10-Jan,1161.03,Growth,SMB_Inside,Inbound,2023-09-16,,1,0.39,4.1,0,1501.0,4.101092896174864,366,551.0,1.505464480874317,9903.40060400494,27.058471595641908,734,4847.36,767.0,5056.040604004938,0.0,2.0,1.0,0.0,3.0,0.0133333333333333,1.99,17.473333333333333,3.0
C101374,Company_1374,France,Europe,1,Unknown,10-Jan,1818.01,Starter,SMB_Inside,Outbound,2023-07-06,2023-10-05,0,0.06,5.0,1,0.0,0.0,336,0.0,0.0,0.0,0.0,0,0.0,0.0,0.0,0.0,0.0,0.0,0.0,0.0,0.0,0.0,0.0,0.0
C101375,Company_1375,Spain,Europe,1,Wholesale,Nov-50,8620.06,Growth,SMB_Inside,Inbound,2023-06-29,,1,0.17,6.2,0,1316.0,3.9166666666666665,336,472.0,1.4047619047619049,8882.692506861924,26.43658484185097,697,4537.45,619.0,4345.242506861924,1.0,1.0,1.0,0.0,3.0,0.0099999999999999,3.1666666666666665,9.093333333333334,3.0
C101376,Company_1376,Spain,Europe,1,Unknown,10-Jan,1024.2,Growth,SMB_Inside,Outbound,2024-01-23,,1,0.21,6.1,0,1290.0,3.8392857142857144,336,432.0,1.2857142857142858,8667.486138479917,25.796089697856896,655,4484.27,635.0,4183.2161384799165,2.0,1.0,0.0,1.0,4.0,0.0925,5.7700000000000005,10.2,2.0
C101377,Company_1377,UK,Europe,1,Unknown,1000+,476036.13,Enterprise,Enterprise,Partner,2023-11-20,2024-11-20,0,0.3,6.9,0,2986.0,8.886904761904763,336,1041.0,3.0982142857142856,8824.061375980891,26.26208742851456,1873,5532.13,1113.0,3291.931375980891,0.0,1.0,1.0,1.0,3.0,-0.0933333333333333,1.59,9.526666666666666,2.0
C101378,Company_1378,Canada,North America,0,Wholesale,10-Jan,1360.47,Growth,SMB_Field,Outbound,2023-10-12,2024-01-11,0,0.18,3.5,1,52.0,0.1420765027322404,366,13.0,0.0355191256830601,341.86,0.9340437158469944,52,341.86,0.0,0.0,1.0,0.0,1.0,2.0,4.0,-0.045,1.6425,8.185,4.0
C101379,Company_1379,Canada,North America,0,Wholesale,51-200,27009.63,Enterprise,MidMarket,Outbound,2023-09-10,2024-09-10,0,0.05,5.7,0,2488.0,6.797814207650274,366,860.0,2.349726775956284,7672.305319519514,20.96258284021725,1826,5448.01,662.0,2224.2953195195146,0.0,1.0,0.0,0.0,1.0,0.36,0.64,17.12,1.0
C101380,Company_1380,Netherlands,Europe,1,Healthcare,51-200,11997.16,Starter,MidMarket,SelfServe,2023-01-04,,1,0.21,3.4,0,315.0,0.9375,336,107.0,0.3184523809523809,4638.548439273809,13.805203688314908,195,2643.86,120.0,1994.688439273809,0.0,0.0,0.0,1.0,1.0,-0.28,1.14,3.03,1.0
C101381,Company_1381,US,North America,0,Healthcare,Nov-50,4155.98,Starter,SMB_Field,Partner,2023-02-15,,1,0.25,5.1,0,376.0,1.0273224043715847,366,132.0,0.360655737704918,5128.959634115617,14.0135509128842,174,2510.82,202.0,2618.1396341156164,0.0,0.0,0.0,0.0,0.0,0.0,0.0,0.0,0.0
C101382,Company_1382,Netherlands,Europe,1,Unknown,201-1000,55174.61,Growth,Enterprise,Partner,2023-07-14,,1,0.34,4.7,0,1321.0,3.931547619047619,336,439.0,1.306547619047619,9000.670190421759,26.787708900064757,698,4928.99,623.0,4071.680190421758,0.0,0.0,2.0,1.0,3.0,0.2766666666666666,7.789999999999999,12.683333333333332,3.0
C101383,Company_1383,France,Europe,1,Logistics,51-200,39147.17,Growth,MidMarket,Partner,2023-08-02,2024-08-02,0,0.25,5.4,0,816.0,2.4285714285714284,336,276.0,0.8214285714285714,5515.674852670234,16.41569896628046,698,4739.63,118.0,776.0448526702344,1.0,0.0,0.0,0.0,1.0,0.17,5.84,17.43,1.0
C101384,Company_1384,Canada,North America,0,Professional Services,Nov-50,4260.35,Growth,SMB_Inside,Outbound,2023-09-02,2024-09-02,0,0.31,6.6,0,1024.0,2.797814207650273,366,378.0,1.0327868852459017,6856.113792671757,18.732551346097697,746,5079.83,278.0,1776.283792671757,0.0,0.0,0.0,0.0,0.0,0.0,0.0,0.0,0.0
C101385,Company_1385,US,North America,0,Healthcare,10-Jan,2252.73,Starter,SMB_Field,SelfServe,2023-09-21,,1,0.46,6.3,0,369.0,1.0081967213114753,366,133.0,0.3633879781420765,4802.791445408018,13.122380998382564,192,2509.87,177.0,2292.9214454080184,0.0,0.0,0.0,0.0,0.0,0.0,0.0,0.0,0.0
C101386,Company_1386,Netherlands,Europe,1,Retail,Nov-50,6450.89,Growth,SMB_Inside,Outbound,2023-07-02,,1,0.15,8.3,0,1385.0,4.122023809523809,336,480.0,1.4285714285714286,8784.338156692422,26.14386356158459,777,4878.17,608.0,3906.1681566924226,0.0,1.0,0.0,0.0,1.0,0.4,8.33,11.38,1.0
C101387,Company_1387,Canada,North America,0,Unknown,1000+,231640.17,Enterprise,Enterprise,Inbound,2023-07-22,,1,0.04,4.2,0,3671.0,10.030054644808745,366,1270.0,3.469945355191257,11098.753959429992,30.3244643700273,1793,5505.14,1878.0,5593.613959429993,0.0,0.0,0.0,1.0,1.0,-0.08,1.03,2.93,1.0
C101388,Company_1388,Germany,Europe,1,Logistics,10-Jan,1472.81,Starter,SMB_Inside,Outbound,2023-10-19,2024-10-19,0,0.06,6.4,0,271.0,0.8065476190476191,336,102.0,0.3035714285714285,3832.5270698905465,11.406330565150435,179,2601.45,92.0,1231.0770698905465,0.0,0.0,0.0,1.0,1.0,-0.38,7.55,22.44,1.0
C101389,Company_1389,Australia,North America,0,Unknown,Nov-50,8142.35,Enterprise,SMB_Inside,Inbound,2023-07-19,2024-07-19,0,0.19,9.3,0,2005.0,5.478142076502732,366,698.0,1.907103825136612,5905.872391214035,16.136263363972773,1816,5285.82,189.0,620.0523912140353,0.0,1.0,0.0,1.0,2.0,-0.195,5.785,19.325,2.0
C101390,Company_1390,Canada,North America,0,Ecommerce,1000+,212024.87,Enterprise,Enterprise,Inbound,2024-02-27,2025-02-27,0,0.41,7.1,0,3035.0,8.292349726775956,366,1082.0,2.9562841530054644,9084.345637361075,24.820616495522067,1242,3705.05,1793.0,5379.295637361077,3.0,0.0,1.0,1.0,5.0,0.034,1.828,8.219999999999999,5.0
C101391,Company_1391,Canada,North America,0,Logistics,51-200,26526.18,Enterprise,MidMarket,Partner,2023-02-04,,1,0.12,5.6,0,3736.0,10.207650273224044,366,1287.0,3.5163934426229506,11199.69423095604,30.600257461628523,1866,5527.5,1870.0,5672.19423095604,0.0,0.0,2.0,2.0,4.0,0.075,3.1825,11.585,4.0
C101392,Company_1392,Germany,Europe,1,Retail,10-Jan,1728.65,Growth,SMB_Inside,Inbound,2023-02-12,,1,0.2,8.1,0,1406.0,4.184523809523809,336,473.0,1.4077380952380951,9253.166982975124,27.53918744933072,764,5016.71,642.0,4236.4569829751235,0.0,0.0,0.0,0.0,0.0,0.0,0.0,0.0,0.0
C101393,Company_1393,France,Europe,1,Unknown,10-Jan,2857.45,Enterprise,SMB_Inside,SelfServe,2023-12-23,2024-12-23,0,0.24,5.2,0,3204.0,9.535714285714286,336,1120.0,3.3333333333333335,9749.203619107477,29.01548696162939,1769,5427.9,1435.0,4321.303619107474,0.0,0.0,0.0,2.0,2.0,-0.235,6.1049999999999995,25.340000000000003,2.0
C101394,Company_1394,US,North America,0,Logistics,1000+,430310.37,Starter,Enterprise,Inbound,2023-01-23,2023-07-25,0,0.05,8.3,1,0.0,0.0,366,0.0,0.0,0.0,0.0,0,0.0,0.0,0.0,1.0,0.0,0.0,0.0,1.0,0.1,36.77,39.87,1.0
C101395,Company_1395,US,North America,0,Retail,Nov-50,3307.56,Enterprise,SMB_Field,SelfServe,2023-03-12,,1,0.15,6.4,0,3658.0,9.994535519125684,366,1253.0,3.4234972677595628,10818.387659713797,29.558436228726222,1783,5387.54,1875.0,5430.847659713797,2.0,1.0,2.0,1.0,6.0,0.085,0.8649999999999999,14.195,6.0
C101396,Company_1396,US,North America,0,Unknown,1000+,472478.59,Enterprise,Enterprise,SelfServe,2024-03-15,2025-03-16,0,0.11,6.8,0,2922.0,7.983606557377049,366,990.0,2.704918032786886,8693.856620668666,23.753706613848816,1074,3107.3,1848.0,5586.556620668667,0.0,1.0,0.0,0.0,1.0,0.21,1.92,10.85,1.0
C101397,Company_1397,Australia,North America,0,Retail,Nov-50,8193.09,Growth,SMB_Field,Partner,2023-01-22,,1,0.2,7.1,0,1417.0,3.871584699453552,366,533.0,1.4562841530054644,9618.687919910391,26.28056808718686,705,4718.95,712.0,4899.737919910392,0.0,0.0,0.0,0.0,0.0,0.0,0.0,0.0,0.0
C101398,Company_1398,Canada,North America,0,Manufacturing,Nov-50,4965.7,Growth,SMB_Inside,SelfServe,2023-06-10,,1,0.03,6.9,0,1472.0,4.021857923497268,366,491.0,1.3415300546448088,9819.310400200437,26.828716940438348,749,4928.23,723.0,4891.080400200435,0.0,2.0,0.0,1.0,3.0,0.0466666666666666,2.6166666666666667,19.733333333333334,3.0
C101399,Company_1399,US,North America,0,Ecommerce,10-Jan,2700.72,Starter,SMB_Inside,Outbound,2023-06-20,,1,0.16,4.6,0,363.0,0.9918032786885246,366,120.0,0.3278688524590163,4853.827857011957,13.261824745934309,200,2551.97,163.0,2301.8578570119575,0.0,0.0,0.0,0.0,0.0,0.0,0.0,0.0,0.0
C101400,Company_1400,Spain,Europe,1,Healthcare,10-Jan,2472.53,Starter,SMB_Field,Inbound,2023-11-25,,1,0.3,5.3,0,314.0,0.9345238095238096,336,110.0,0.3273809523809524,4648.832616661386,13.835811359111268,165,2531.02,149.0,2117.8126166613865,0.0,1.0,0.0,0.0,1.0,0.07,1.21,7.31,1.0
C101401,Company_1401,Germany,Europe,1,Professional Services,Nov-50,5000.27,Enterprise,SMB_Inside,SelfServe,2023-11-08,2024-11-08,0,0.06,7.1,0,2878.0,8.56547619047619,336,983.0,2.925595238095238,8380.599784011587,24.942261261939247,1875,5340.07,1003.0,3040.529784011587,2.0,1.0,2.0,2.0,7.0,-0.0585714285714285,2.4585714285714286,11.028571428571428,7.0
C101402,Company_1402,US,North America,0,Unknown,Nov-50,3617.08,Starter,SMB_Inside,Inbound,2023-10-13,2024-04-13,0,0.22,5.2,1,96.0,0.2622950819672131,366,28.0,0.0765027322404371,1454.94,3.975245901639344,96,1454.94,0.0,0.0,0.0,0.0,0.0,0.0,0.0,0.0,0.0,0.0,0.0
C101403,Company_1403,France,Europe,1,Retail,10-Jan,1573.27,Growth,SMB_Inside,Outbound,2023-02-10,,1,0.32,5.6,0,1341.0,3.991071428571429,336,497.0,1.4791666666666667,8984.273535802964,26.73890933274692,734,4807.29,607.0,4176.983535802964,0.0,0.0,0.0,0.0,0.0,0.0,0.0,0.0,0.0
C101404,Company_1404,US,North America,0,Hospitality,10-Jan,2576.29,Starter,SMB_Inside,Partner,2024-02-24,2025-02-24,0,0.28,6.7,0,312.0,0.8524590163934426,366,109.0,0.2978142076502732,4190.071449045257,11.448282647664636,117,1736.2,195.0,2453.8714490452576,0.0,0.0,1.0,0.0,1.0,-0.28,0.8,3.27,1.0
C101405,Company_1405,UK,Europe,1,Hospitality,Nov-50,6351.04,Growth,SMB_Inside,SelfServe,2024-03-24,2024-09-23,0,0.26,7.8,0,628.0,1.869047619047619,336,203.0,0.6041666666666666,4392.446479748119,13.072757380202734,381,2761.74,247.0,1630.7064797481185,0.0,0.0,1.0,0.0,1.0,0.12,28.42,28.46,1.0
C101406,Company_1406,France,Europe,1,Unknown,Nov-50,4989.58,Starter,SMB_Field,SelfServe,2023-11-18,2024-11-18,0,0.23,6.3,0,292.0,0.8690476190476191,336,90.0,0.2678571428571428,4106.714724607279,12.222365251807378,181,2579.34,111.0,1527.3747246072794,1.0,0.0,0.0,0.0,1.0,-0.26,7.84,10.58,1.0
C101407,Company_1407,UK,Europe,1,Retail,51-200,39858.5,Growth,MidMarket,Outbound,2023-10-18,2024-10-18,0,0.11,7.1,0,1071.0,3.1875,336,370.0,1.1011904761904765,6980.880502881447,20.776430068099543,709,4688.68,362.0,2292.2005028814474,0.0,3.0,0.0,0.0,3.0,6.360652745248293e-18,4.776666666666666,7.486666666666667,2.0
C101408,Company_1408,US,North America,0,Unknown,Nov-50,4140.56,Starter,SMB_Inside,SelfServe,2023-11-09,2024-11-09,0,0.14,4.5,0,347.0,0.9480874316939892,366,115.0,0.314207650273224,4488.167899037455,12.262753822506708,187,2414.75,160.0,2073.4178990374544,0.0,0.0,0.0,0.0,0.0,0.0,0.0,0.0,0.0
C101409,Company_1409,Germany,Europe,1,Hospitality,Nov-50,7015.76,Growth,SMB_Inside,Inbound,2024-01-18,2025-01-18,0,0.25,8.1,0,1279.0,3.806547619047619,336,488.0,1.4523809523809523,8595.568998932462,25.5820505920609,670,4570.71,609.0,4024.8589989324623,1.0,1.0,0.0,0.0,2.0,-0.32,1.095,7.54,2.0
C101410,Company_1410,Canada,North America,0,Logistics,Nov-50,7353.66,Growth,SMB_Inside,Partner,2023-06-22,,1,0.15,8.6,0,1462.0,3.9945355191256833,366,499.0,1.3633879781420766,9503.044357772544,25.96460207041679,723,4664.96,739.0,4838.084357772545,0.0,1.0,2.0,0.0,3.0,-0.1999999999999999,3.68,6.996666666666667,3.0
C101411,Company_1411,US,North America,0,Unknown,10-Jan,1382.65,Starter,SMB_Inside,SelfServe,2023-08-12,,1,0.27,6.1,0,385.0,1.0519125683060109,366,144.0,0.3934426229508196,5047.664722760399,13.79143366874426,177,2405.31,208.0,2642.354722760399,0.0,0.0,1.0,1.0,2.0,0.26,0.36,4.255,2.0
C101412,Company_1412,UK,Europe,1,Professional Services,1000+,461765.29,Growth,Enterprise,Outbound,2023-08-04,,1,0.13,9.6,0,1345.0,4.002976190476191,336,483.0,1.4375,9300.057067965136,27.678741273705764,729,5133.9,616.0,4166.157067965137,0.0,3.0,2.0,1.0,6.0,0.1283333333333333,5.635000000000001,14.25,6.0
C101413,Company_1413,UK,Europe,1,Ecommerce,201-1000,100367.15,Enterprise,Enterprise,Partner,2023-12-27,2024-12-27,0,0.06,8.6,0,3245.0,9.657738095238097,336,1132.0,3.369047619047619,10008.295453181006,29.786593610657757,1811,5609.59,1434.0,4398.705453181006,1.0,0.0,1.0,1.0,3.0,-0.12,1.5199999999999998,12.766666666666666,3.0
C101414,Company_1414,Germany,Europe,1,Logistics,10-Jan,2475.9,Growth,SMB_Inside,SelfServe,2024-02-23,2024-05-24,0,0.18,8.1,1,364.0,1.0833333333333333,336,127.0,0.3779761904761904,2393.67,7.124017857142857,364,2393.67,0.0,0.0,1.0,0.0,0.0,0.0,1.0,-0.66,9.91,20.93,1.0
C101415,Company_1415,Netherlands,Europe,1,Unknown,1000+,206088.76,Growth,Enterprise,Partner,2023-05-17,2024-05-17,0,0.22,4.9,1,538.0,1.6011904761904765,336,180.0,0.5357142857142857,3591.1,10.687797619047618,538,3591.1,0.0,0.0,0.0,1.0,0.0,0.0,1.0,0.25,8.28,11.35,0.0
C101416,Company_1416,Germany,Europe,1,Unknown,1000+,414309.01,Growth,Enterprise,Outbound,2023-11-28,2024-11-28,0,0.17,6.5,0,1198.0,3.5654761904761907,336,397.0,1.181547619047619,7901.265522510808,23.515671197948834,735,4785.57,463.0,3115.695522510808,3.0,1.0,1.0,0.0,5.0,-0.1059999999999999,4.992,20.636000000000003,3.0
C101417,Company_1417,Germany,Europe,1,Manufacturing,51-200,36724.45,Growth,MidMarket,Partner,2023-06-26,,1,0.43,5.5,0,1387.0,4.127976190476191,336,456.0,1.3571428571428572,9095.07259065147,27.06866842455795,743,4941.27,644.0,4153.802590651471,1.0,1.0,1.0,0.0,3.0,-0.1966666666666666,1.893333333333333,7.406666666666666,2.0
C101418,Company_1418,Canada,North America,0,Professional Services,10-Jan,2331.61,Starter,SMB_Inside,Outbound,2023-12-06,,1,0.12,5.9,0,383.0,1.046448087431694,366,137.0,0.3743169398907104,5145.938090153799,14.059940137032235,207,2725.5,176.0,2420.438090153799,0.0,0.0,1.0,0.0,1.0,-0.25,1.31,4.12,1.0
C101419,Company_1419,Netherlands,Europe,1,Professional Services,51-200,32561.33,Growth,MidMarket,Partner,2023-03-19,,1,0.16,3.5,0,1413.0,4.205357142857143,336,461.0,1.3720238095238095,9184.525068456638,27.334896037073328,760,4973.41,653.0,4211.115068456639,0.0,1.0,0.0,0.0,1.0,0.17,2.42,2.56,1.0
C101420,Company_1420,UK,Europe,1,Unknown,10-Jan,1717.22,Starter,SMB_Inside,SelfServe,2023-06-09,,1,0.12,6.1,0,376.0,1.119047619047619,336,108.0,0.3214285714285714,4656.489606459138,13.858600019223624,207,2581.09,169.0,2075.399606459138,0.0,0.0,0.0,0.0,0.0,0.0,0.0,0.0,0.0
C101421,Company_1421,US,North America,0,Unknown,Nov-50,8604.74,Growth,SMB_Inside,SelfServe,2024-01-20,2025-01-20,0,0.08,7.2,0,1349.0,3.685792349726776,366,461.0,1.2595628415300546,9261.769091188642,25.30538003057006,638,4264.31,711.0,4997.459091188642,0.0,0.0,0.0,0.0,0.0,0.0,0.0,0.0,0.0
C101422,Company_1422,Spain,Europe,1,Professional Services,51-200,37335.09,Enterprise,MidMarket,Outbound,2023-05-17,,1,0.22,4.8,0,3324.0,9.892857142857142,336,1153.0,3.431547619047619,10023.214321030044,29.83099500306561,1803,5419.86,1521.0,4603.354321030045,3.0,1.0,0.0,0.0,4.0,-0.08,1.41,12.6575,4.0
C101423,Company_1423,Spain,Europe,1,Ecommerce,10-Jan,2168.04,Starter,SMB_Inside,SelfServe,2023-06-29,,1,0.17,6.3,0,334.0,0.9940476190476192,336,94.0,0.2797619047619047,4384.240335657368,13.048334332313594,172,2400.02,162.0,1984.2203356573675,1.0,0.0,0.0,0.0,1.0,0.08,2.24,18.03,1.0
C101424,Company_1424,Australia,North America,0,Ecommerce,10-Jan,1761.34,Starter,SMB_Inside,Outbound,2023-06-06,2023-09-05,0,0.05,9.8,1,0.0,0.0,366,0.0,0.0,0.0,0.0,0,0.0,0.0,0.0,0.0,0.0,0.0,0.0,0.0,0.0,0.0,0.0,0.0
C101425,Company_1425,Netherlands,Europe,1,Hospitality,10-Jan,2391.79,Starter,SMB_Inside,Outbound,2023-10-23,,1,0.14,7.1,0,347.0,1.0327380952380951,336,112.0,0.3333333333333333,4868.180935357901,14.48863373618423,203,2593.45,144.0,2274.7309353579008,0.0,0.0,0.0,0.0,0.0,0.0,0.0,0.0,0.0
C101426,Company_1426,Australia,North America,0,Hospitality,201-1000,147985.62,Growth,Enterprise,Partner,2023-02-09,2024-02-10,0,0.05,7.6,1,160.0,0.4371584699453552,366,54.0,0.1475409836065573,1089.11,2.975710382513661,160,1089.11,0.0,0.0,1.0,2.0,1.0,1.0,5.0,-0.2759999999999999,3.818,15.966,5.0
C101427,Company_1427,Australia,North America,0,Unknown,10-Jan,1785.18,Starter,SMB_Inside,Partner,2023-12-14,,1,0.32,5.9,0,336.0,0.918032786885246,366,115.0,0.314207650273224,5096.033899520983,13.923589889401594,172,2541.89,164.0,2554.1438995209837,0.0,2.0,0.0,1.0,3.0,-0.0466666666666666,1.7366666666666666,15.726666666666668,3.0
C101428,Company_1428,France,Europe,1,Logistics,10-Jan,1931.92,Starter,SMB_Inside,Partner,2023-01-23,2023-07-25,0,0.57,2.2,1,0.0,0.0,336,0.0,0.0,0.0,0.0,0,0.0,0.0,0.0,2.0,0.0,0.0,0.0,2.0,-0.21,2.275,8.32,2.0
C101429,Company_1429,UK,Europe,1,Unknown,10-Jan,1473.37,Starter,SMB_Inside,Partner,2023-01-17,2023-04-18,0,0.03,4.2,1,0.0,0.0,336,0.0,0.0,0.0,0.0,0,0.0,0.0,0.0,0.0,0.0,0.0,0.0,0.0,0.0,0.0,0.0,0.0
C101430,Company_1430,Spain,Europe,1,Professional Services,Nov-50,7963.96,Growth,SMB_Field,Outbound,2023-03-28,,1,0.22,6.5,0,1263.0,3.758928571428571,336,419.0,1.2470238095238095,9079.058605492008,27.0210077544405,691,4908.1,572.0,4170.958605492007,1.0,0.0,0.0,0.0,1.0,0.02,1.6,18.19,1.0
C101431,Company_1431,Australia,North America,0,Retail,Nov-50,5983.02,Starter,SMB_Inside,Partner,2023-07-09,2024-01-08,0,0.45,3.1,1,6.0,0.0163934426229508,366,0.0,0.0,124.72,0.3407650273224044,6,124.72,0.0,0.0,1.0,0.0,1.0,0.0,2.0,0.135,9.215,19.07,1.0
C101432,Company_1432,Canada,North America,0,Professional Services,201-1000,97243.14,Enterprise,Enterprise,Inbound,2023-07-03,2024-07-03,0,0.33,6.3,0,1886.0,5.1530054644808745,366,658.0,1.7978142076502732,5464.234843075511,14.929603396381175,1857,5375.01,29.0,89.22484307551105,5.0,2.0,2.0,1.0,10.0,-0.1589999999999999,2.782,8.152,9.0
C101433,Company_1433,US,North America,0,Unknown,Nov-50,7533.23,Starter,SMB_Inside,SelfServe,2024-02-18,2024-08-19,0,0.13,6.8,0,193.0,0.5273224043715847,366,61.0,0.1666666666666666,2549.6295091745224,6.966200844739132,140,1824.47,53.0,725.1595091745222,0.0,0.0,0.0,1.0,1.0,0.06,1.24,19.85,1.0
C101434,Company_1434,UK,Europe,1,Manufacturing,Nov-50,3502.24,Starter,SMB_Inside,Inbound,2024-02-04,2025-02-04,0,0.11,7.5,0,308.0,0.9166666666666666,336,103.0,0.306547619047619,4001.920727270959,11.910478354973092,142,1937.56,166.0,2064.360727270959,0.0,1.0,0.0,0.0,1.0,-0.22,11.97,12.27,1.0
C101435,Company_1435,France,Europe,1,Healthcare,51-200,30878.75,Growth,MidMarket,Inbound,2023-06-01,,1,0.05,6.2,0,1406.0,4.184523809523809,336,497.0,1.4791666666666667,8961.996276395383,26.672607965462447,765,4708.67,641.0,4253.326276395383,0.0,0.0,0.0,0.0,0.0,0.0,0.0,0.0,0.0
C101436,Company_1436,Spain,Europe,1,Healthcare,Nov-50,4828.64,Growth,SMB_Inside,Outbound,2023-11-04,2024-11-04,0,0.24,7.0,0,1096.0,3.261904761904762,336,385.0,1.1458333333333333,7592.272075204519,22.596047842870593,716,4890.09,380.0,2702.182075204519,0.0,0.0,0.0,1.0,1.0,0.0,1.01,2.04,1.0
C101437,Company_1437,US,North America,0,Healthcare,51-200,18727.11,Growth,MidMarket,Partner,2023-01-08,,1,0.52,7.7,0,1515.0,4.139344262295082,366,551.0,1.505464480874317,10047.1512334135,27.451232878178963,727,5035.77,788.0,5011.3812334135,0.0,1.0,1.0,0.0,2.0,0.085,1.25,5.18,2.0
C101438,Company_1438,Canada,North America,0,Ecommerce,10-Jan,1109.15,Growth,SMB_Inside,Inbound,2023-06-27,,1,0.19,5.4,0,1459.0,3.986338797814207,366,504.0,1.3770491803278688,9294.315227370003,25.394303899918047,750,4677.77,709.0,4616.545227370005,2.0,0.0,1.0,1.0,4.0,-0.3874999999999999,2.5425,14.3,4.0
C101439,Company_1439,Canada,North America,0,Unknown,1000+,498097.95,Enterprise,Enterprise,SelfServe,2023-01-07,,1,0.21,8.2,0,3600.0,9.836065573770492,366,1219.0,3.330601092896175,10773.328621523626,29.43532410252357,1787,5377.25,1813.0,5396.078621523627,0.0,0.0,0.0,0.0,0.0,0.0,0.0,0.0,0.0
C101440,Company_1440,Canada,North America,0,Professional Services,51-200,31320.1,Growth,MidMarket,SelfServe,2023-11-08,2024-11-08,0,0.37,6.1,0,1209.0,3.30327868852459,366,415.0,1.133879781420765,8523.504189238713,23.28826281212763,702,4930.67,507.0,3592.8341892387125,0.0,0.0,1.0,1.0,2.0,0.095,4.155,5.68,2.0
C101441,Company_1441,UK,Europe,1,Retail,51-200,32430.15,Growth,MidMarket,Outbound,2023-01-17,,1,0.3,5.2,0,1344.0,4.0,336,447.0,1.3303571428571428,8935.253840878944,26.593017383568288,741,4927.12,603.0,4008.133840878944,0.0,0.0,0.0,0.0,0.0,0.0,0.0,0.0,0.0
C101442,Company_1442,US,North America,0,Professional Services,10-Jan,1260.92,Growth,SMB_Inside,Outbound,2023-11-17,,1,0.22,4.6,0,1447.0,3.953551912568306,366,517.0,1.4125683060109289,9739.311215965578,26.610139934332175,722,4738.27,725.0,5001.041215965578,0.0,1.0,0.0,2.0,3.0,-0.0333333333333333,3.25,10.966666666666669,3.0
C101443,Company_1443,Germany,Europe,1,Hospitality,10-Jan,2684.93,Starter,SMB_Inside,Partner,2023-02-20,,1,0.09,4.4,0,337.0,1.0029761904761905,336,116.0,0.3452380952380952,4747.2658599100605,14.128767440208511,193,2719.89,144.0,2027.3758599100604,1.0,0.0,0.0,0.0,1.0,-0.42,30.2,31.68,1.0
C101444,Company_1444,Canada,North America,0,Wholesale,201-1000,130272.6,Enterprise,Enterprise,Inbound,2023-03-21,,1,0.06,5.9,0,3662.0,10.005464480874316,366,1305.0,3.5655737704918034,10876.310448207669,29.71669521368215,1829,5377.34,1833.0,5498.970448207669,1.0,1.0,2.0,0.0,4.0,-0.075,1.8075,13.155,4.0
C101445,Company_1445,UK,Europe,1,Hospitality,51-200,39342.94,Growth,MidMarket,Partner,2023-10-03,2024-10-03,0,0.1,6.6,0,981.0,2.919642857142857,336,326.0,0.9702380952380952,6779.64394381507,20.17751173754485,719,4953.93,262.0,1825.7139438150705,0.0,0.0,0.0,1.0,1.0,-0.54,0.94,6.38,0.0
C101446,Company_1446,France,Europe,1,Healthcare,10-Jan,2545.69,Starter,SMB_Inside,Inbound,2023-08-07,2024-08-07,0,0.06,2.3,0,229.0,0.6815476190476191,336,87.0,0.2589285714285714,3273.432600499415,9.742358930057785,189,2692.46,40.0,580.9726004994152,0.0,0.0,0.0,0.0,0.0,0.0,0.0,0.0,0.0
C101447,Company_1447,UK,Europe,1,Hospitality,10-Jan,2247.73,Starter,SMB_Field,Outbound,2023-03-12,,1,0.05,6.9,0,333.0,0.9910714285714286,336,98.0,0.2916666666666667,4747.98344777925,14.130903118390624,178,2501.58,155.0,2246.4034477792507,0.0,0.0,0.0,0.0,0.0,0.0,0.0,0.0,0.0
C101448,Company_1448,Australia,North America,0,Unknown,201-1000,122498.16,Growth,Enterprise,Outbound,2023-04-15,,1,0.19,8.2,0,1509.0,4.122950819672131,366,513.0,1.401639344262295,9813.353556580612,26.812441411422437,747,4944.64,762.0,4868.713556580611,0.0,0.0,2.0,1.0,3.0,0.0966666666666666,1.91,9.896666666666668,3.0
C101449,Company_1449,Netherlands,Europe,1,Logistics,10-Jan,1012.79,Growth,SMB_Field,Partner,2023-02-24,2023-05-26,0,0.11,5.5,1,0.0,0.0,336,0.0,0.0,0.0,0.0,0,0.0,0.0,0.0,0.0,0.0,1.0,1.0,2.0,0.0349999999999999,6.960000000000001,16.3,1.0
C101450,Company_1450,US,North America,0,Retail,51-200,22434.3,Enterprise,MidMarket,SelfServe,2024-03-20,2024-09-19,0,0.27,5.0,0,1845.0,5.040983606557377,366,662.0,1.8087431693989071,5546.244689763186,15.153674015746413,1024,3056.13,821.0,2490.1146897631866,2.0,2.0,2.0,3.0,9.0,-0.0366666666666666,1.8766666666666667,8.182222222222222,7.0
C101451,Company_1451,US,North America,0,Manufacturing,201-1000,75181.95,Growth,Enterprise,Partner,2023-11-16,,1,0.44,5.2,0,1503.0,4.10655737704918,366,511.0,1.3961748633879782,9746.961220359864,26.63104158568269,755,5031.52,748.0,4715.441220359864,0.0,0.0,0.0,0.0,0.0,0.0,0.0,0.0,0.0
C101452,Company_1452,Australia,North America,0,Wholesale,10-Jan,2789.36,Starter,SMB_Inside,SelfServe,2023-03-03,2023-06-02,0,0.13,5.0,1,0.0,0.0,366,0.0,0.0,0.0,0.0,0,0.0,0.0,0.0,1.0,0.0,1.0,0.0,2.0,0.235,12.24,30.869999999999997,2.0
C101453,Company_1453,US,North America,0,Retail,51-200,11306.4,Growth,MidMarket,Inbound,2023-03-09,,1,0.15,5.5,0,1442.0,3.939890710382514,366,510.0,1.3934426229508197,9911.636115268508,27.080972992536907,722,4909.79,720.0,5001.846115268508,0.0,0.0,3.0,1.0,4.0,-0.0825,0.6074999999999999,3.715,3.0
C101454,Company_1454,UK,Europe,1,Logistics,10-Jan,2189.2,Starter,SMB_Field,SelfServe,2023-08-01,,1,0.43,3.4,0,346.0,1.0297619047619049,336,108.0,0.3214285714285714,4595.876561387653,13.678204051748969,172,2488.45,174.0,2107.4265613876532,0.0,0.0,0.0,1.0,1.0,0.13,2.72,5.94,1.0
C101455,Company_1455,France,Europe,1,Hospitality,10-Jan,2586.49,Growth,SMB_Inside,Outbound,2023-12-19,2024-12-19,0,0.28,4.3,0,1266.0,3.767857142857143,336,441.0,1.3125,8704.371451507543,25.90586741520102,691,4908.9400000000005,575.0,3795.431451507543,1.0,3.0,0.0,0.0,4.0,-0.1525,2.78,8.8725,4.0
C101456,Company_1456,Canada,North America,0,Ecommerce,51-200,27308.36,Starter,MidMarket,SelfServe,2023-01-06,,1,0.04,7.1,0,364.0,0.994535519125683,366,134.0,0.366120218579235,4955.874770003385,13.54064144809668,175,2325.17,189.0,2630.704770003385,0.0,0.0,0.0,0.0,0.0,0.0,0.0,0.0,0.0
C101457,Company_1457,Germany,Europe,1,Unknown,Nov-50,7027.64,Growth,SMB_Field,Outbound,2023-11-09,2024-11-09,0,0.12,6.4,0,1159.0,3.449404761904762,336,422.0,1.255952380952381,7579.847743685752,22.559070665731404,726,4846.03,433.0,2733.817743685752,0.0,0.0,2.0,0.0,2.0,0.065,8.440000000000001,10.79,2.0
C101458,Company_1458,Australia,North America,0,Professional Services,Nov-50,6890.06,Growth,SMB_Inside,Outbound,2023-06-29,,1,0.07,5.4,0,1436.0,3.923497267759563,366,509.0,1.3907103825136613,9736.890780976157,26.60352672397857,733,5000.2,703.0,4736.690780976156,1.0,1.0,0.0,0.0,2.0,-0.2299999999999999,3.4,19.155,1.0
C101459,Company_1459,France,Europe,1,Unknown,1000+,466911.33,Enterprise,Enterprise,Outbound,2023-09-03,,1,0.23,6.9,0,3317.0,9.87202380952381,336,1154.0,3.4345238095238093,10162.648794018844,30.24597855362751,1818,5477.9,1499.0,4684.748794018843,3.0,0.0,2.0,0.0,5.0,0.05,2.196,4.5840000000000005,4.0
C101460,Company_1460,Netherlands,Europe,1,Unknown,Nov-50,3391.22,Starter,SMB_Inside,Inbound,2023-06-02,,1,0.42,6.9,0,310.0,0.9226190476190476,336,101.0,0.3005952380952381,4514.747008983858,13.436747050547195,183,2493.49,127.0,2021.257008983858,0.0,0.0,0.0,0.0,0.0,0.0,0.0,0.0,0.0
C101461,Company_1461,Spain,Europe,1,Hospitality,51-200,29306.06,Enterprise,MidMarket,Outbound,2023-03-04,,1,0.48,3.4,0,3373.0,10.038690476190476,336,1161.0,3.455357142857143,9950.354212993709,29.614149443433657,1821,5334.95,1552.0,4615.404212993708,3.0,0.0,1.0,1.0,5.0,0.178,1.5699999999999998,10.22,3.0
C101462,Company_1462,Netherlands,Europe,1,Retail,10-Jan,1449.14,Starter,SMB_Inside,Partner,2023-01-03,,1,0.33,7.9,0,360.0,1.0714285714285714,336,124.0,0.369047619047619,4825.768005866352,14.362404779364145,192,2587.11,168.0,2238.6580058663512,0.0,0.0,2.0,0.0,2.0,0.14,10.445,12.225,2.0
C101463,Company_1463,Spain,Europe,1,Ecommerce,Nov-50,3359.53,Growth,SMB_Field,Inbound,2023-06-22,,1,0.29,6.4,0,1355.0,4.032738095238095,336,478.0,1.4226190476190477,8580.9888354489,25.53865724835982,733,4694.86,622.0,3886.128835448899,2.0,0.0,0.0,0.0,2.0,-0.29,1.84,6.1,1.0
C101464,Company_1464,US,North America,0,Unknown,1000+,453698.13,Growth,Enterprise,Outbound,2024-01-22,2025-01-22,0,0.3,7.7,0,1460.0,3.989071038251366,366,522.0,1.4262295081967211,9483.264406839093,25.9105584886314,685,4349.71,775.0,5133.554406839093,0.0,2.0,1.0,0.0,3.0,0.2133333333333333,5.546666666666667,18.59,3.0
C101465,Company_1465,Canada,North America,0,Unknown,Nov-50,4976.26,Starter,SMB_Inside,SelfServe,2023-09-13,2024-09-13,0,0.31,8.6,0,277.0,0.7568306010928961,366,105.0,0.2868852459016393,3348.090620705774,9.147788581163317,186,2291.38,91.0,1056.710620705774,0.0,0.0,1.0,0.0,1.0,-0.39,8.34,18.07,1.0
C101466,Company_1466,US,North America,0,Unknown,10-Jan,1744.06,Starter,SMB_Field,Inbound,2024-02-11,2025-02-11,0,0.06,6.8,0,311.0,0.8497267759562842,366,100.0,0.273224043715847,4341.426254674058,11.861820367961908,119,1771.01,192.0,2570.416254674058,0.0,0.0,0.0,0.0,0.0,0.0,0.0,0.0,0.0
C101467,Company_1467,France,Europe,1,Unknown,10-Jan,1584.45,Starter,SMB_Inside,Outbound,2023-04-06,,1,0.08,4.7,0,352.0,1.0476190476190477,336,138.0,0.4107142857142857,4711.003594706442,14.02084403186441,189,2429.12,163.0,2281.8835947064413,1.0,1.0,0.0,0.0,2.0,0.12,9.35,9.955,2.0
C101468,Company_1468,US,North America,0,Unknown,Nov-50,8875.76,Growth,SMB_Inside,Inbound,2023-01-31,,1,0.08,6.8,0,1466.0,4.005464480874317,366,522.0,1.4262295081967211,9950.185714698498,27.18629976693579,744,5023.55,722.0,4926.635714698498,0.0,0.0,0.0,1.0,1.0,0.1,8.37,14.09,1.0
C101469,Company_1469,Spain,Europe,1,Manufacturing,10-Jan,2994.69,Starter,SMB_Inside,SelfServe,2023-11-08,,1,0.08,6.7,0,356.0,1.0595238095238095,336,140.0,0.4166666666666667,4893.636841479271,14.56439536154545,204,2724.83,152.0,2168.806841479271,0.0,0.0,0.0,1.0,1.0,0.05,7.99,13.92,1.0
C101470,Company_1470,Germany,Europe,1,Manufacturing,51-200,35844.96,Enterprise,MidMarket,Inbound,2023-05-29,,1,0.12,9.1,0,3373.0,10.038690476190476,336,1182.0,3.517857142857143,10128.339384076511,30.143867214513428,1837,5504.54,1536.0,4623.799384076511,0.0,2.0,2.0,2.0,6.0,-0.1999999999999999,2.46,12.636666666666663,6.0
C101471,Company_1471,US,North America,0,Healthcare,10-Jan,2976.47,Starter,SMB_Field,Partner,2024-03-23,2024-09-22,0,0.07,6.5,0,157.0,0.4289617486338797,366,57.0,0.1557377049180328,2348.1258929003916,6.415644516121288,74,1222.24,83.0,1125.8858929003916,0.0,0.0,0.0,0.0,0.0,0.0,0.0,0.0,0.0
C101472,Company_1472,UK,Europe,1,Healthcare,10-Jan,1555.16,Starter,SMB_Inside,Outbound,2023-04-28,,1,0.3,8.3,0,306.0,0.9107142857142856,336,101.0,0.3005952380952381,4534.554874645869,13.495699031684136,157,2484.65,149.0,2049.9048746458693,0.0,0.0,0.0,0.0,0.0,0.0,0.0,0.0,0.0
C101473,Company_1473,France,Europe,1,Wholesale,10-Jan,2773.23,Starter,SMB_Field,Inbound,2023-06-14,,1,0.21,7.5,0,337.0,1.0029761904761905,336,116.0,0.3452380952380952,4629.587552616209,13.778534382786336,193,2557.41,144.0,2072.1775526162096,0.0,0.0,0.0,0.0,0.0,0.0,0.0,0.0,0.0
C101474,Company_1474,US,North America,0,Ecommerce,1000+,176333.48,Enterprise,Enterprise,Inbound,2023-10-14,2024-10-14,0,0.13,6.2,0,2922.0,7.983606557377049,366,1042.0,2.8469945355191255,8668.878559737406,23.685460545730617,1828,5602.93,1094.0,3065.948559737406,1.0,2.0,2.0,0.0,5.0,0.03,4.984,14.964000000000002,5.0
C101475,Company_1475,Netherlands,Europe,1,Unknown,10-Jan,1228.65,Starter,SMB_Field,Outbound,2023-08-22,2024-08-22,0,0.03,6.2,0,210.0,0.625,336,72.0,0.2142857142857142,3027.8880589385094,9.01157160398366,173,2309.19,37.0,718.6980589385093,1.0,0.0,0.0,1.0,2.0,0.03,9.78,14.95,2.0
C101476,Company_1476,Netherlands,Europe,1,Manufacturing,10-Jan,1906.35,Starter,SMB_Field,Outbound,2023-04-27,2023-07-27,0,0.23,6.1,1,0.0,0.0,336,0.0,0.0,0.0,0.0,0,0.0,0.0,0.0,0.0,0.0,1.0,0.0,1.0,0.26,1.71,8.99,0.0
C101477,Company_1477,France,Europe,1,Unknown,10-Jan,2693.93,Starter,SMB_Field,Partner,2023-08-26,,1,0.43,5.1,0,333.0,0.9910714285714286,336,103.0,0.306547619047619,4743.694953383065,14.118139742211502,182,2458.94,151.0,2284.7549533830647,1.0,0.0,0.0,0.0,1.0,-0.01,1.86,2.17,1.0
C101478,Company_1478,France,Europe,1,Unknown,51-200,26753.48,Enterprise,MidMarket,SelfServe,2023-04-04,,1,0.11,4.8,0,3342.0,9.946428571428571,336,1158.0,3.4464285714285716,10160.037165360263,30.238205849286505,1812,5668.07,1530.0,4491.9671653602645,2.0,2.0,2.0,0.0,6.0,-0.0066666666666666,1.5650000000000002,6.505,5.0
C101479,Company_1479,Netherlands,Europe,1,Logistics,Nov-50,9237.72,Growth,SMB_Field,SelfServe,2023-03-03,,1,0.16,7.7,0,1299.0,3.866071428571429,336,455.0,1.3541666666666667,8968.04191453259,26.6906009361089,720,4867.97,579.0,4100.071914532589,1.0,1.0,0.0,2.0,4.0,-0.075,3.0325,8.0,4.0
C101480,Company_1480,Germany,Europe,1,Unknown,Nov-50,5332.26,Starter,SMB_Inside,Inbound,2023-09-26,2024-09-26,0,0.24,10.0,0,267.0,0.7946428571428571,336,106.0,0.3154761904761904,3449.0540871060766,10.265041925910944,195,2489.17,72.0,959.8840871060764,0.0,0.0,1.0,0.0,1.0,0.11,1.43,4.88,1.0
C101481,Company_1481,Spain,Europe,1,Logistics,10-Jan,1427.58,Starter,SMB_Field,Outbound,2023-12-29,,1,0.12,5.8,0,353.0,1.050595238095238,336,126.0,0.375,4908.793265079001,14.609503765116074,190,2714.61,163.0,2194.1832650790006,1.0,0.0,0.0,0.0,1.0,0.27,1.25,18.27,0.0
C101482,Company_1482,UK,Europe,1,Unknown,Nov-50,8127.89,Growth,SMB_Inside,Inbound,2024-03-23,2025-03-24,0,0.25,7.6,0,1002.0,2.982142857142857,336,326.0,0.9702380952380952,6835.469400762434,20.343658930840576,392,2812.14,610.0,4023.329400762434,1.0,1.0,0.0,0.0,2.0,0.37,5.14,6.165,2.0
C101483,Company_1483,Netherlands,Europe,1,Unknown,10-Jan,1571.22,Growth,SMB_Inside,Inbound,2024-01-19,2025-01-19,0,0.08,5.8,0,1262.0,3.755952380952381,336,447.0,1.3303571428571428,8551.22903222854,25.45008640544209,690,4306.5,572.0,4244.72903222854,1.0,0.0,0.0,0.0,1.0,-0.31,4.68,24.1,1.0
C101484,Company_1484,Netherlands,Europe,1,Unknown,10-Jan,2660.45,Growth,SMB_Inside,SelfServe,2023-03-21,,1,0.07,7.3,0,1401.0,4.169642857142857,336,480.0,1.4285714285714286,8893.020203093729,26.46732203301705,767,4785.03,634.0,4107.990203093729,2.0,0.0,0.0,0.0,2.0,0.135,5.16,19.97,2.0
C101485,Company_1485,US,North America,0,Logistics,Nov-50,5984.24,Enterprise,SMB_Field,Outbound,2023-12-05,,1,0.21,5.3,0,3703.0,10.117486338797814,366,1290.0,3.5245901639344264,10913.285303972183,29.817719409760063,1796,5429.31,1907.0,5483.975303972183,1.0,3.0,0.0,2.0,6.0,-0.03,1.8666666666666665,3.035,5.0
C101486,Company_1486,Australia,North America,0,Hospitality,10-Jan,1993.55,Starter,SMB_Inside,SelfServe,2023-09-13,2024-09-13,0,0.14,6.6,0,266.0,0.726775956284153,366,99.0,0.2704918032786885,3611.3201897799686,9.86699505404363,178,2505.05,88.0,1106.2701897799686,0.0,0.0,0.0,0.0,0.0,0.0,0.0,0.0,0.0
C101487,Company_1487,Canada,North America,0,Healthcare,10-Jan,2164.02,Enterprise,SMB_Inside,Outbound,2024-02-02,2024-05-03,0,0.06,6.0,1,909.0,2.4836065573770494,366,299.0,0.8169398907103825,2705.42,7.391857923497268,909,2705.42,0.0,0.0,0.0,1.0,2.0,1.0,4.0,0.12,2.4925,7.1425,2.0
C101488,Company_1488,Australia,North America,0,Unknown,201-1000,103737.5,Enterprise,Enterprise,Inbound,2024-02-28,2025-02-28,0,0.09,8.4,0,3071.0,8.390710382513662,366,1112.0,3.0382513661202184,9149.909929020452,24.999753904427465,1207,3820.37,1864.0,5329.539929020453,0.0,0.0,0.0,0.0,0.0,0.0,0.0,0.0,0.0
C101489,Company_1489,Canada,North America,0,Unknown,10-Jan,2977.39,Starter,SMB_Field,SelfServe,2023-12-06,,1,0.06,7.1,0,358.0,0.9781420765027322,366,124.0,0.3387978142076502,4927.491655857411,13.463091955894567,167,2384.54,191.0,2542.951655857411,0.0,0.0,0.0,0.0,0.0,0.0,0.0,0.0,0.0
C101490,Company_1490,France,Europe,1,Unknown,10-Jan,2884.76,Starter,SMB_Field,Inbound,2023-11-19,,1,0.12,7.8,0,341.0,1.0148809523809523,336,126.0,0.375,4917.366438905626,14.6350191634096,181,2660.3,160.0,2257.0664389056255,0.0,0.0,0.0,1.0,1.0,0.2,5.46,9.85,1.0
C101491,Company_1491,Spain,Europe,1,Manufacturing,10-Jan,1140.66,Starter,SMB_Inside,SelfServe,2023-01-10,,1,0.4,6.0,0,328.0,0.9761904761904762,336,104.0,0.3095238095238095,4397.843200429923,13.08881904889858,169,2334.6,159.0,2063.243200429923,0.0,0.0,0.0,0.0,0.0,0.0,0.0,0.0,0.0
C101492,Company_1492,Canada,North America,0,Wholesale,Nov-50,9462.77,Starter,SMB_Inside,Inbound,2023-01-21,,1,0.14,6.0,0,361.0,0.9863387978142076,366,135.0,0.3688524590163934,4989.381956907576,13.632191139091738,185,2553.52,176.0,2435.8619569075754,0.0,0.0,0.0,0.0,0.0,0.0,0.0,0.0,0.0
C101493,Company_1493,Netherlands,Europe,1,Wholesale,Nov-50,3842.29,Enterprise,SMB_Inside,SelfServe,2023-05-25,,1,0.19,8.8,0,3371.0,10.032738095238097,336,1248.0,3.7142857142857144,10143.647457858657,30.189426957912666,1815,5359.19,1556.0,4784.457457858654,1.0,2.0,0.0,0.0,3.0,-0.09,1.9733333333333336,14.583333333333334,3.0
C101494,Company_1494,Spain,Europe,1,Logistics,10-Jan,2689.02,Growth,SMB_Inside,Inbound,2024-02-25,2024-08-26,0,0.31,4.1,0,729.0,2.169642857142857,336,277.0,0.8244047619047619,4925.993404532857,14.66069465634779,499,3382.9,230.0,1543.093404532857,1.0,2.0,0.0,0.0,3.0,-0.18,5.33,9.953333333333331,2.0
C101495,Company_1495,UK,Europe,1,Unknown,Nov-50,5907.44,Starter,SMB_Inside,Inbound,2023-05-30,,1,0.16,6.8,0,348.0,1.0357142857142858,336,119.0,0.3541666666666667,4706.123449402946,14.00631978988972,196,2551.65,152.0,2154.4734494029462,1.0,1.0,0.0,0.0,2.0,0.26,2.23,9.835,2.0
C101496,Company_1496,Spain,Europe,1,Logistics,Nov-50,4741.01,Growth,SMB_Field,Inbound,2023-04-21,,1,0.38,8.4,0,1395.0,4.151785714285714,336,467.0,1.3898809523809523,8889.112984864752,26.455693407335573,739,4859.03,656.0,4030.082984864753,2.0,0.0,1.0,1.0,4.0,-0.1025,4.6475,13.31,4.0
C101497,Company_1497,Germany,Europe,1,Healthcare,Nov-50,8707.48,Growth,SMB_Inside,SelfServe,2023-02-27,,1,0.07,6.6,0,1396.0,4.154761904761905,336,495.0,1.4732142857142858,9365.406549550804,27.87323377842501,769,5158.37,627.0,4207.036549550804,0.0,1.0,0.0,1.0,2.0,0.03,1.98,6.6450000000000005,1.0
C101498,Company_1498,Spain,Europe,1,Retail,10-Jan,2164.19,Starter,SMB_Inside,Partner,2024-01-30,2024-07-31,0,0.22,6.5,0,177.0,0.5267857142857143,336,50.0,0.1488095238095238,2491.735695512209,7.415880046167289,146,2110.93,31.0,380.8056955122092,0.0,0.0,0.0,1.0,1.0,1.03,0.1,9.84,1.0
C101499,Company_1499,US,North America,0,Hospitality,201-1000,70894.67,Enterprise,Enterprise,SelfServe,2023-12-27,2024-12-27,0,0.27,6.5,0,3739.0,10.21584699453552,366,1260.0,3.442622950819672,11017.070634638592,30.101285886990688,1867,5517.8,1872.0,5499.270634638592,1.0,1.0,0.0,0.0,2.0,0.015,0.3949999999999999,0.79,2.0
C101500,Company_1500,Spain,Europe,1,Healthcare,Nov-50,5082.62,Growth,SMB_Inside,Outbound,2024-03-04,2024-09-03,0,0.22,6.7,0,737.0,2.193452380952381,336,272.0,0.8095238095238095,4863.403991118595,14.474416640233912,490,3225.27,247.0,1638.1339911185944,1.0,0.0,1.0,0.0,2.0,-0.0349999999999999,2.255,6.16,2.0
C101501,Company_1501,Germany,Europe,1,Unknown,Nov-50,4466.28,Growth,SMB_Inside,Outbound,2023-08-31,2024-08-31,0,0.08,6.8,0,954.0,2.8392857142857144,336,315.0,0.9375,6488.602432817645,19.31131676433823,714,4840.37,240.0,1648.2324328176455,0.0,0.0,1.0,0.0,1.0,-0.24,8.0,21.78,1.0
C101502,Company_1502,France,Europe,1,Hospitality,201-1000,72066.07,Growth,Enterprise,Inbound,2024-02-16,2024-08-17,0,0.2,8.4,0,728.0,2.1666666666666665,336,258.0,0.7678571428571429,4937.0050504247565,14.693467411978444,539,3714.55,189.0,1222.455050424757,1.0,1.0,0.0,0.0,2.0,-0.25,9.795,21.83,2.0
C101503,Company_1503,Netherlands,Europe,1,Healthcare,1000+,463376.54,Starter,Enterprise,Inbound,2024-01-04,2024-07-05,0,0.03,7.3,0,179.0,0.5327380952380952,336,66.0,0.1964285714285714,2627.9813655145804,7.821373111650537,173,2563.46,6.0,64.52136551458028,0.0,2.0,1.0,0.0,3.0,-0.19,5.076666666666666,9.576666666666666,3.0
C101504,Company_1504,US,North America,0,Logistics,10-Jan,1241.35,Starter,SMB_Field,SelfServe,2023-11-08,,1,0.14,5.6,0,353.0,0.96448087431694,366,119.0,0.3251366120218579,4876.809904342243,13.324617224978804,195,2594.03,158.0,2282.7799043422424,0.0,0.0,1.0,0.0,1.0,-0.01,4.48,7.05,1.0
C101505,Company_1505,UK,Europe,1,Professional Services,51-200,36822.81,Starter,MidMarket,Partner,2023-04-15,,1,0.14,5.6,0,350.0,1.0416666666666667,336,127.0,0.3779761904761904,4629.147815763889,13.777225642154432,201,2523.81,149.0,2105.33781576389,1.0,0.0,0.0,0.0,1.0,-0.26,1.18,5.7,1.0
C101506,Company_1506,Germany,Europe,1,Unknown,Nov-50,7124.79,Growth,SMB_Field,SelfServe,2024-01-24,2024-07-25,0,0.32,6.4,0,752.0,2.238095238095238,336,285.0,0.8482142857142857,5037.4205019357305,14.99232292242777,661,4342.62,91.0,694.8005019357306,1.0,1.0,1.0,0.0,3.0,-0.1066666666666666,3.1999999999999997,19.833333333333332,3.0
C101507,Company_1507,Spain,Europe,1,Unknown,Nov-50,9355.07,Growth,SMB_Inside,SelfServe,2023-05-21,,1,0.18,6.3,0,1399.0,4.163690476190476,336,499.0,1.4851190476190477,9083.00565953426,27.032754939090054,723,4953.15,676.0,4129.85565953426,0.0,0.0,0.0,2.0,2.0,-0.475,1.745,9.355,2.0
C101508,Company_1508,Netherlands,Europe,1,Unknown,Nov-50,7727.8,Growth,SMB_Inside,SelfServe,2024-01-11,2024-07-12,0,0.17,7.7,0,770.0,2.2916666666666665,336,286.0,0.8511904761904762,5054.052608611402,15.041823239914889,718,4767.56,52.0,286.4926086114025,0.0,0.0,0.0,1.0,1.0,0.5,3.73,10.19,1.0
C101509,Company_1509,Australia,North America,0,Manufacturing,201-1000,133511.42,Growth,Enterprise,Outbound,2023-02-18,,1,0.11,3.7,0,1529.0,4.1775956284153,366,554.0,1.5136612021857925,9952.08342201101,27.191484759592925,753,4882.86,776.0,5069.223422011011,0.0,0.0,0.0,0.0,0.0,0.0,0.0,0.0,0.0
C101510,Company_1510,Spain,Europe,1,Hospitality,10-Jan,2523.9,Growth,SMB_Inside,Inbound,2024-02-19,,1,0.18,7.1,0,1166.0,3.4702380952380953,336,402.0,1.1964285714285714,8007.58964551436,23.83211204022131,530,3600.31,636.0,4407.279645514361,2.0,0.0,2.0,1.0,5.0,-0.296,6.726000000000001,15.446000000000002,5.0
C101511,Company_1511,France,Europe,1,Ecommerce,51-200,15259.33,Enterprise,MidMarket,SelfServe,2023-11-25,2024-11-25,0,0.16,8.1,0,2880.0,8.571428571428571,336,1005.0,2.9910714285714284,8922.605519110095,26.555373568780045,1756,5453.78,1124.0,3468.8255191100957,1.0,2.0,0.0,4.0,7.0,-0.2071428571428571,1.7357142857142858,8.192857142857141,7.0
C101512,Company_1512,France,Europe,1,Logistics,10-Jan,2879.65,Starter,SMB_Inside,Outbound,2024-01-23,2024-04-23,0,0.14,7.6,1,92.0,0.2738095238095238,336,33.0,0.0982142857142857,1286.13,3.827767857142857,92,1286.13,0.0,0.0,0.0,2.0,0.0,1.0,3.0,0.27,1.3099999999999998,8.209999999999999,3.0
C101513,Company_1513,Spain,Europe,1,Professional Services,10-Jan,2836.1,Starter,SMB_Inside,Outbound,2023-04-04,2023-07-04,0,0.15,5.2,1,0.0,0.0,336,0.0,0.0,0.0,0.0,0,0.0,0.0,0.0,1.0,0.0,0.0,1.0,2.0,-0.055,2.02,7.04,2.0
C101514,Company_1514,Spain,Europe,1,Unknown,Nov-50,9197.72,Growth,SMB_Inside,SelfServe,2023-12-27,2024-12-27,0,0.03,7.7,0,1372.0,4.083333333333333,336,478.0,1.4226190476190477,8960.874089859291,26.669268124581222,754,4958.31,618.0,4002.564089859291,2.0,0.0,0.0,0.0,2.0,0.175,11.36,24.275,2.0
C101515,Company_1515,Spain,Europe,1,Healthcare,10-Jan,2884.4,Starter,SMB_Inside,Outbound,2023-10-03,2024-01-02,0,0.15,5.3,1,3.0,0.0089285714285714,336,1.0,0.0029761904761904,26.55,0.0790178571428571,3,26.55,0.0,0.0,0.0,0.0,0.0,0.0,0.0,0.0,0.0,0.0,0.0
C101516,Company_1516,Australia,North America,0,Retail,201-1000,131953.09,Enterprise,Enterprise,Outbound,2023-08-05,2024-08-05,0,0.16,6.5,0,2135.0,5.833333333333333,366,775.0,2.1174863387978142,6514.414290213991,17.79894614812566,1788,5474.81,347.0,1039.604290213991,0.0,1.0,1.0,1.0,3.0,-0.0633333333333333,3.456666666666667,8.536666666666667,3.0
C101517,Company_1517,Netherlands,Europe,1,Professional Services,51-200,18667.65,Growth,MidMarket,SelfServe,2023-01-05,,1,0.18,6.9,0,1341.0,3.991071428571429,336,467.0,1.3898809523809523,8906.521453670595,26.507504326400586,723,4773.53,618.0,4132.991453670595,0.0,0.0,0.0,0.0,0.0,0.0,0.0,0.0,0.0
C101518,Company_1518,France,Europe,1,Unknown,10-Jan,2431.92,Growth,SMB_Inside,Outbound,2023-05-22,,1,0.19,9.4,0,1354.0,4.029761904761905,336,481.0,1.431547619047619,9203.467726049914,27.39127299419617,748,5059.08,606.0,4144.387726049913,0.0,0.0,2.0,1.0,3.0,-0.0099999999999999,6.6433333333333335,12.98,3.0
C101519,Company_1519,France,Europe,1,Unknown,1000+,347089.11,Growth,Enterprise,SelfServe,2023-10-23,2024-10-23,0,0.07,8.0,0,1040.0,3.0952380952380953,336,364.0,1.0833333333333333,7221.221106397288,21.491729483325265,719,4825.37,321.0,2395.851106397288,1.0,1.0,1.0,0.0,3.0,-0.1133333333333333,4.266666666666667,13.863333333333337,2.0
C101520,Company_1520,Spain,Europe,1,Hospitality,Nov-50,8765.02,Growth,SMB_Inside,Inbound,2023-03-28,,1,0.59,3.1,0,1326.0,3.946428571428571,336,500.0,1.488095238095238,9027.561361187716,26.86774214639201,710,4748.08,616.0,4279.481361187716,0.0,2.0,0.0,2.0,4.0,0.015,2.1225,9.8925,2.0
C101521,Company_1521,France,Europe,1,Unknown,10-Jan,1313.1,Starter,SMB_Inside,SelfServe,2023-11-23,,1,0.04,5.4,0,295.0,0.8779761904761905,336,114.0,0.3392857142857143,4484.026210547706,13.345316102820552,173,2437.24,122.0,2046.786210547706,0.0,0.0,1.0,0.0,1.0,0.04,2.36,11.84,1.0
C101522,Company_1522,Netherlands,Europe,1,Professional Services,51-200,11116.68,Growth,MidMarket,SelfServe,2023-04-12,,1,0.06,6.2,0,1333.0,3.9672619047619047,336,485.0,1.443452380952381,8885.836018755639,26.44594053201083,697,4898.02,636.0,3987.81601875564,0.0,1.0,0.0,0.0,1.0,-0.24,5.22,23.25,1.0
C101523,Company_1523,Spain,Europe,1,Wholesale,51-200,25248.59,Enterprise,MidMarket,Partner,2023-08-08,2024-08-08,0,0.31,6.4,0,2123.0,6.318452380952381,336,780.0,2.3214285714285716,6647.645658620367,19.7846596982749,1737,5429.62,386.0,1218.025658620367,0.0,2.0,1.0,1.0,4.0,0.06,0.5975,13.35,4.0
C101524,Company_1524,Australia,North America,0,Hospitality,Nov-50,6765.4,Starter,SMB_Inside,Partner,2023-07-01,2024-07-01,0,0.28,9.8,0,203.0,0.5546448087431693,366,77.0,0.2103825136612022,2494.079891524369,6.814425933126691,203,2486.17,0.0,7.90989152436922,0.0,1.0,0.0,0.0,1.0,-0.13,5.63,7.98,1.0
C101525,Company_1525,France,Europe,1,Manufacturing,Nov-50,9827.22,Growth,SMB_Inside,SelfServe,2023-07-28,2024-07-28,0,0.06,8.1,0,834.0,2.482142857142857,336,263.0,0.7827380952380952,5653.904680622486,16.8270972637574,715,4889.42,119.0,764.4846806224858,1.0,0.0,0.0,1.0,2.0,-0.3349999999999999,3.5700000000000003,4.83,2.0
C101526,Company_1526,UK,Europe,1,Unknown,10-Jan,2950.36,Starter,SMB_Inside,Inbound,2023-05-16,,1,0.27,6.5,0,357.0,1.0625,336,122.0,0.3630952380952381,4631.314691502655,13.783674677091234,193,2613.67,164.0,2017.644691502655,0.0,0.0,1.0,1.0,2.0,-0.135,6.734999999999999,13.53,2.0
C101527,Company_1527,US,North America,0,Unknown,10-Jan,2159.46,Starter,SMB_Inside,Partner,2023-09-02,,1,0.24,6.8,0,360.0,0.9836065573770492,366,123.0,0.3360655737704918,5125.182826147324,14.003231765429849,171,2438.94,189.0,2686.2428261473237,0.0,1.0,0.0,1.0,2.0,-0.0949999999999999,4.07,5.5,2.0
C101528,Company_1528,Spain,Europe,1,Professional Services,10-Jan,2168.83,Starter,SMB_Inside,Inbound,2023-04-17,2023-10-17,0,0.07,7.7,1,0.0,0.0,336,0.0,0.0,0.0,0.0,0,0.0,0.0,0.0,1.0,1.0,0.0,0.0,2.0,-0.0849999999999999,8.59,16.795,2.0
C101529,Company_1529,Canada,North America,0,Unknown,10-Jan,2596.96,Starter,SMB_Inside,Outbound,2023-07-11,2023-10-10,0,0.06,5.3,1,0.0,0.0,366,0.0,0.0,0.0,0.0,0,0.0,0.0,0.0,0.0,0.0,0.0,0.0,0.0,0.0,0.0,0.0,0.0
C101530,Company_1530,France,Europe,1,Wholesale,51-200,31053.27,Growth,MidMarket,Partner,2024-03-26,2025-03-27,0,0.04,7.4,0,1022.0,3.0416666666666665,336,350.0,1.0416666666666667,6763.051856651079,20.12813052574726,389,2611.39,633.0,4151.66185665108,2.0,1.0,0.0,1.0,4.0,0.2199999999999999,5.305,12.665,4.0
C101531,Company_1531,Netherlands,Europe,1,Unknown,201-1000,95935.45,Growth,Enterprise,Inbound,2023-04-07,2024-04-07,0,0.44,7.4,1,391.0,1.1636904761904765,336,141.0,0.4196428571428571,2669.17,7.943958333333334,391,2669.17,0.0,0.0,0.0,0.0,2.0,0.0,2.0,-0.3299999999999999,3.57,10.925,2.0
C101532,Company_1532,France,Europe,1,Retail,51-200,39904.64,Enterprise,MidMarket,Outbound,2023-09-05,,1,0.06,7.4,0,3268.0,9.726190476190476,336,1123.0,3.3422619047619047,10341.4629264287,30.77816347151399,1768,5682.69,1500.0,4658.772926428701,1.0,2.0,0.0,0.0,3.0,0.3,1.79,20.37,3.0
C101533,Company_1533,Netherlands,Europe,1,Retail,Nov-50,5433.74,Growth,SMB_Inside,Outbound,2024-02-22,2024-08-23,0,0.27,7.7,0,676.0,2.011904761904762,336,234.0,0.6964285714285714,4779.872573451253,14.22581123050968,467,3293.46,209.0,1486.412573451253,0.0,2.0,0.0,1.0,3.0,0.3233333333333333,11.196666666666667,22.426666666666662,2.0
C101534,Company_1534,France,Europe,1,Healthcare,10-Jan,1877.42,Growth,SMB_Field,Partner,2023-06-25,,1,0.16,6.8,0,1332.0,3.9642857142857144,336,464.0,1.380952380952381,9149.428292679688,27.230441347260975,715,4997.45,617.0,4151.978292679688,1.0,0.0,0.0,1.0,2.0,-0.32,6.6049999999999995,11.42,2.0
C101535,Company_1535,Germany,Europe,1,Logistics,Nov-50,3607.63,Starter,SMB_Field,Partner,2023-07-18,2024-07-18,0,0.2,6.4,0,200.0,0.5952380952380952,336,67.0,0.1994047619047619,2899.3198187374664,8.628928031956745,180,2640.27,20.0,259.0498187374664,0.0,0.0,2.0,1.0,3.0,0.2833333333333333,5.736666666666667,14.496666666666664,3.0
C101536,Company_1536,Canada,North America,0,Unknown,Nov-50,5622.44,Starter,SMB_Inside,Outbound,2023-08-04,2024-08-04,0,0.26,4.1,0,230.0,0.6284153005464481,366,78.0,0.2131147540983606,3114.08414409342,8.508426623206066,195,2544.48,35.0,569.60414409342,0.0,0.0,0.0,0.0,0.0,0.0,0.0,0.0,0.0
C101537,Company_1537,Netherlands,Europe,1,Healthcare,201-1000,114615.88,Growth,Enterprise,SelfServe,2023-03-15,,1,0.08,5.4,0,1305.0,3.883928571428571,336,461.0,1.3720238095238095,9159.85921011242,27.26148574438221,745,5062.66,560.0,4097.1992101124215,0.0,0.0,0.0,0.0,0.0,0.0,0.0,0.0,0.0
C101538,Company_1538,Canada,North America,0,Unknown,201-1000,59014.02,Enterprise,Enterprise,Partner,2023-01-02,,1,0.14,7.6,0,3653.0,9.980874316939891,366,1290.0,3.5245901639344264,10849.846973475793,29.644390637911997,1792,5639.3,1861.0,5210.54697347579,1.0,1.0,0.0,1.0,3.0,-0.0533333333333333,1.5599999999999998,4.523333333333333,3.0
C101539,Company_1539,UK,Europe,1,Unknown,201-1000,77178.96,Growth,Enterprise,SelfServe,2023-11-20,2024-11-20,0,0.3,7.3,0,1173.0,3.4910714285714284,336,421.0,1.2529761904761905,7970.3200178346015,23.72119052926965,729,4823.21,444.0,3147.1100178346014,0.0,0.0,0.0,0.0,0.0,0.0,0.0,0.0,0.0
C101540,Company_1540,France,Europe,1,Wholesale,10-Jan,2425.08,Starter,SMB_Inside,Inbound,2023-05-19,,1,0.27,10.0,0,305.0,0.9077380952380952,336,106.0,0.3154761904761904,4356.695474779664,12.966355579701382,172,2398.3,133.0,1958.3954747796645,1.0,0.0,0.0,2.0,3.0,-0.2299999999999999,6.296666666666667,6.706666666666667,2.0
C101541,Company_1541,Spain,Europe,1,Unknown,Nov-50,8599.01,Growth,SMB_Inside,Partner,2023-03-16,2024-03-16,0,0.3,7.4,1,272.0,0.8095238095238095,336,95.0,0.2827380952380952,2016.16,6.00047619047619,272,2016.16,0.0,0.0,1.0,1.0,2.0,0.0,4.0,0.05,4.672499999999999,10.5275,4.0
C101542,Company_1542,Netherlands,Europe,1,Unknown,1000+,246475.48,Growth,Enterprise,Inbound,2023-07-27,2024-07-27,0,0.24,3.4,0,852.0,2.5357142857142856,336,290.0,0.8630952380952381,5460.035084884661,16.250104419299586,733,4695.45,119.0,764.5850848846615,1.0,0.0,0.0,0.0,1.0,-0.58,1.45,1.93,1.0
C101543,Company_1543,UK,Europe,1,Professional Services,10-Jan,1249.45,Growth,SMB_Field,Partner,2023-07-07,2023-10-06,0,0.3,7.7,1,0.0,0.0,336,0.0,0.0,0.0,0.0,0,0.0,0.0,0.0,0.0,1.0,1.0,0.0,2.0,0.13,10.32,16.705,2.0
C101544,Company_1544,Australia,North America,0,Hospitality,10-Jan,2315.51,Starter,SMB_Inside,Inbound,2023-08-17,,1,0.28,5.5,0,353.0,0.96448087431694,366,132.0,0.360655737704918,4893.299295016307,13.369670204962588,176,2565.06,177.0,2328.239295016307,0.0,1.0,0.0,0.0,1.0,-0.4,10.37,29.96,1.0
C101545,Company_1545,Australia,North America,0,Unknown,10-Jan,1565.53,Growth,SMB_Field,Partner,2023-06-23,,1,0.1,5.3,0,1442.0,3.939890710382514,366,491.0,1.3415300546448088,9447.457812662711,25.81272626410577,719,4685.94,723.0,4761.517812662711,0.0,3.0,1.0,0.0,4.0,0.03,5.2524999999999995,8.3475,4.0
C101546,Company_1546,Netherlands,Europe,1,Unknown,51-200,30443.38,Growth,MidMarket,Outbound,2023-01-10,,1,0.14,5.6,0,1296.0,3.857142857142857,336,447.0,1.3303571428571428,9025.094152289956,26.860399262767725,726,5113.89,570.0,3911.204152289956,1.0,1.0,1.0,0.0,3.0,-0.1266666666666666,9.706666666666669,14.696666666666667,3.0
C101547,Company_1547,Germany,Europe,1,Ecommerce,10-Jan,2547.03,Starter,SMB_Inside,Inbound,2023-03-23,2023-09-22,0,0.15,3.3,1,0.0,0.0,336,0.0,0.0,0.0,0.0,0,0.0,0.0,0.0,0.0,0.0,1.0,2.0,3.0,0.15,5.906666666666666,9.826666666666666,3.0
C101548,Company_1548,US,North America,0,Manufacturing,10-Jan,1337.91,Starter,SMB_Inside,Outbound,2024-01-17,2025-01-17,0,0.14,7.7,0,336.0,0.918032786885246,366,125.0,0.3415300546448087,4660.017962065509,12.732289513840188,160,2168.6,176.0,2491.4179620655086,1.0,0.0,0.0,1.0,2.0,-0.395,7.165,22.825,2.0
C101549,Company_1549,UK,Europe,1,Unknown,10-Jan,2665.73,Growth,SMB_Field,Inbound,2023-09-30,2024-09-30,0,0.12,7.2,0,970.0,2.886904761904762,336,333.0,0.9910714285714286,6269.982141194916,18.66066113450868,721,4668.53,249.0,1601.4521411949163,0.0,0.0,0.0,0.0,0.0,0.0,0.0,0.0,0.0
C101550,Company_1550,Australia,North America,0,Manufacturing,10-Jan,2867.5,Starter,SMB_Inside,Partner,2024-02-22,2024-08-23,0,0.29,7.8,0,183.0,0.5,366,67.0,0.1830601092896175,2592.190057918507,7.082486497045101,127,1815.75,56.0,776.4400579185073,0.0,0.0,1.0,0.0,1.0,-0.22,1.83,8.88,1.0
C101551,Company_1551,Australia,North America,0,Wholesale,Nov-50,9032.39,Starter,SMB_Inside,Partner,2023-11-13,2024-11-13,0,0.19,7.9,0,314.0,0.8579234972677595,366,115.0,0.314207650273224,4230.594266825241,11.559000729030712,185,2264.71,129.0,1965.884266825241,0.0,0.0,0.0,1.0,1.0,-0.21,7.65,10.68,1.0
C101552,Company_1552,UK,Europe,1,Manufacturing,Nov-50,4330.66,Growth,SMB_Inside,SelfServe,2023-07-09,2024-07-09,0,0.1,3.8,0,783.0,2.330357142857143,336,269.0,0.8005952380952381,5282.90577650032,15.722933858631905,748,5001.5199999999995,35.0,281.3857765003196,0.0,1.0,0.0,0.0,1.0,-0.2,1.47,13.65,1.0
C101553,Company_1553,UK,Europe,1,Ecommerce,Nov-50,4796.81,Starter,SMB_Inside,Partner,2023-10-23,2024-10-23,0,0.23,8.4,0,244.0,0.7261904761904762,336,79.0,0.2351190476190476,3628.2045830287584,10.798227925680829,163,2398.09,81.0,1230.1145830287585,0.0,0.0,0.0,0.0,0.0,0.0,0.0,0.0,0.0
C101554,Company_1554,Germany,Europe,1,Ecommerce,51-200,27252.57,Growth,MidMarket,Inbound,2024-01-21,2025-01-21,0,0.24,5.5,0,1256.0,3.738095238095238,336,458.0,1.363095238095238,8103.413272274258,24.11730140557815,647,4140.91,609.0,3962.5032722742576,1.0,0.0,0.0,0.0,1.0,0.01,4.48,4.95,1.0
C101555,Company_1555,Spain,Europe,1,Professional Services,51-200,39441.63,Enterprise,MidMarket,Outbound,2023-03-24,,1,0.38,5.0,0,3365.0,10.014880952380953,336,1189.0,3.5386904761904763,10221.930695804676,30.42241278513296,1812,5628.17,1553.0,4593.760695804675,1.0,2.0,0.0,2.0,5.0,-0.136,1.852,11.878,4.0
C101556,Company_1556,France,Europe,1,Healthcare,10-Jan,2907.15,Growth,SMB_Inside,Outbound,2023-05-29,2023-11-28,0,0.22,4.5,1,0.0,0.0,336,0.0,0.0,0.0,0.0,0,0.0,0.0,0.0,1.0,1.0,1.0,0.0,3.0,-0.0533333333333333,5.68,7.489999999999999,3.0
C101557,Company_1557,Spain,Europe,1,Wholesale,201-1000,130935.13,Growth,Enterprise,SelfServe,2023-07-03,,1,0.31,7.2,0,1331.0,3.961309523809524,336,454.0,1.3511904761904765,8727.057206897369,25.973384544337407,726,4810.17,605.0,3916.8872068973687,1.0,1.0,1.0,0.0,3.0,0.0533333333333333,2.51,20.616666666666667,3.0
C101558,Company_1558,Germany,Europe,1,Unknown,Nov-50,9182.28,Growth,SMB_Field,SelfServe,2023-06-18,2023-12-18,0,0.17,7.1,1,0.0,0.0,336,0.0,0.0,0.0,0.0,0,0.0,0.0,0.0,0.0,1.0,1.0,0.0,2.0,-0.295,1.025,4.305,2.0
C101559,Company_1559,Netherlands,Europe,1,Unknown,10-Jan,2020.21,Starter,SMB_Inside,Outbound,2023-10-20,2024-10-20,0,0.08,7.4,0,270.0,0.8035714285714286,336,92.0,0.2738095238095238,3565.7852064607846,10.612455971609478,196,2481.92,74.0,1083.8652064607847,0.0,0.0,0.0,0.0,0.0,0.0,0.0,0.0,0.0
C101560,Company_1560,Spain,Europe,1,Logistics,10-Jan,2714.81,Starter,SMB_Field,SelfServe,2023-06-05,2024-06-05,0,0.19,4.8,1,159.0,0.4732142857142857,336,53.0,0.1577380952380952,2153.43,6.409017857142857,159,2153.43,0.0,0.0,1.0,0.0,1.0,0.0,2.0,0.095,5.75,21.07,2.0
C101561,Company_1561,Australia,North America,0,Ecommerce,Nov-50,7968.6,Enterprise,SMB_Field,Inbound,2023-09-10,2024-09-10,0,0.26,6.0,0,2470.0,6.748633879781421,366,853.0,2.330601092896175,7721.003903142632,21.09563907962468,1784,5383.06,686.0,2337.9439031426323,0.0,1.0,0.0,1.0,2.0,-0.375,1.51,7.725,1.0
C101562,Company_1562,Australia,North America,0,Unknown,10-Jan,2417.46,Starter,SMB_Inside,Inbound,2023-01-07,,1,0.22,8.3,0,352.0,0.9617486338797814,366,134.0,0.366120218579235,4956.16387430887,13.541431350570685,168,2430.08,184.0,2526.08387430887,0.0,0.0,0.0,0.0,0.0,0.0,0.0,0.0,0.0
C101563,Company_1563,Australia,North America,0,Unknown,10-Jan,2741.8,Enterprise,SMB_Inside,SelfServe,2023-10-27,,1,0.16,6.8,0,3729.0,10.188524590163937,366,1278.0,3.4918032786885247,11184.308305805034,30.55821941476785,1874,5588.1,1855.0,5596.208305805034,2.0,1.0,3.0,0.0,6.0,-0.13,1.781666666666667,6.966666666666668,4.0
C101564,Company_1564,Australia,North America,0,Retail,Nov-50,9833.69,Growth,SMB_Field,Outbound,2023-11-16,2024-11-16,0,0.19,6.4,0,1151.0,3.1448087431693987,366,410.0,1.1202185792349726,8245.324864743754,22.528210012961075,637,4616.07,514.0,3629.2548647437543,0.0,1.0,1.0,0.0,2.0,0.23,5.529999999999999,10.995,1.0
C101565,Company_1565,UK,Europe,1,Retail,Nov-50,5061.59,Growth,SMB_Inside,Outbound,2023-02-06,,1,0.45,5.8,0,1336.0,3.976190476190476,336,535.0,1.5922619047619049,8812.579367839453,26.227914785236468,745,4915.05,591.0,3897.529367839453,1.0,0.0,0.0,1.0,2.0,0.285,8.23,13.04,2.0
C101566,Company_1566,France,Europe,1,Hospitality,Nov-50,8913.8,Growth,SMB_Field,Outbound,2023-08-06,2024-08-06,0,0.23,4.2,0,888.0,2.642857142857143,336,304.0,0.9047619047619048,6008.839518843042,17.883450948937625,730,5056.25,158.0,952.589518843042,0.0,0.0,1.0,0.0,1.0,-0.37,7.12,12.34,1.0
C101567,Company_1567,Canada,North America,0,Wholesale,1000+,358747.17,Enterprise,Enterprise,Partner,2023-11-30,2024-11-30,0,0.13,5.9,0,3428.0,9.366120218579235,366,1183.0,3.23224043715847,10006.317893943356,27.33966637689441,1873,5387.8,1555.0,4618.5178939433545,1.0,2.0,0.0,0.0,3.0,-0.12,3.36,25.08666666666667,3.0
C101568,Company_1568,France,Europe,1,Healthcare,51-200,32546.91,Growth,MidMarket,Partner,2023-01-01,,1,0.18,6.7,0,1348.0,4.011904761904762,336,452.0,1.3452380952380951,8922.246199370842,26.55430416479417,740,4830.56,608.0,4091.6861993708417,0.0,2.0,1.0,0.0,3.0,-0.1566666666666666,7.576666666666667,23.793333333333333,2.0
C101569,Company_1569,US,North America,0,Logistics,Nov-50,4633.52,Growth,SMB_Inside,SelfServe,2023-08-13,2024-08-13,0,0.21,3.8,0,916.0,2.5027322404371586,366,334.0,0.912568306010929,6283.311692702612,17.16751828607271,727,5062.34,189.0,1220.971692702612,0.0,0.0,2.0,0.0,2.0,-0.02,1.285,10.705,2.0
C101570,Company_1570,Australia,North America,0,Logistics,51-200,17010.7,Growth,MidMarket,Outbound,2023-10-07,,1,0.17,5.2,0,1497.0,4.090163934426229,366,498.0,1.360655737704918,10254.798803288477,28.018575965269054,735,5114.99,762.0,5139.808803288476,1.0,0.0,1.0,1.0,3.0,-0.0366666666666666,8.893333333333333,17.180000000000003,3.0
C101571,Company_1571,Canada,North America,0,Wholesale,10-Jan,2964.18,Growth,SMB_Inside,Inbound,2023-02-23,,1,0.22,4.9,0,1455.0,3.9754098360655736,366,507.0,1.3852459016393444,9767.08517743644,26.686025074962952,727,5070.06,728.0,4697.02517743644,1.0,1.0,0.0,2.0,4.0,-0.395,3.025,14.835,3.0
C101572,Company_1572,Australia,North America,0,Professional Services,Nov-50,6263.37,Growth,SMB_Inside,Outbound,2024-02-29,2024-08-30,0,0.31,5.6,0,791.0,2.16120218579235,366,257.0,0.7021857923497268,5029.166680001628,13.74089256831046,544,3297.39,247.0,1731.776680001628,0.0,1.0,0.0,0.0,1.0,-0.29,1.13,1.49,1.0
C101573,Company_1573,Australia,North America,0,Healthcare,51-200,23068.24,Growth,MidMarket,SelfServe,2023-01-04,,1,0.07,8.2,0,1476.0,4.032786885245901,366,515.0,1.407103825136612,9444.509893416953,25.80467183993703,707,4504.54,769.0,4939.969893416953,0.0,1.0,0.0,2.0,3.0,-0.3233333333333333,2.9299999999999997,16.726666666666667,3.0
C101574,Company_1574,Netherlands,Europe,1,Retail,10-Jan,2968.12,Starter,SMB_Inside,Outbound,2023-09-28,2023-12-28,0,0.11,5.9,1,0.0,0.0,336,0.0,0.0,0.0,0.0,0,0.0,0.0,0.0,0.0,1.0,0.0,0.0,1.0,-0.4,7.11,12.24,1.0
C101575,Company_1575,Netherlands,Europe,1,Unknown,Nov-50,4674.4,Starter,SMB_Field,Inbound,2024-03-05,2025-03-06,0,0.39,5.9,0,262.0,0.7797619047619048,336,88.0,0.2619047619047619,3557.3612561464324,10.587384690912002,127,1683.1,135.0,1874.2612561464323,1.0,1.0,1.0,0.0,3.0,-0.0866666666666666,2.8433333333333333,5.2299999999999995,3.0
C101576,Company_1576,France,Europe,1,Hospitality,1000+,277979.66,Growth,Enterprise,SelfServe,2023-09-25,2024-09-25,0,0.13,4.7,0,992.0,2.952380952380953,336,323.0,0.9613095238095238,6542.318272262438,19.4711853341144,719,4877.6,273.0,1664.7182722624384,0.0,0.0,0.0,0.0,0.0,0.0,0.0,0.0,0.0
C101577,Company_1577,Spain,Europe,1,Ecommerce,1000+,471379.82,Growth,Enterprise,Inbound,2024-02-11,2025-02-11,0,0.15,5.6,0,1148.0,3.4166666666666665,336,384.0,1.1428571428571428,7809.83122782699,23.24354532091366,549,3652.88,599.0,4156.951227826989,0.0,0.0,1.0,2.0,3.0,-0.0533333333333333,8.286666666666667,13.663333333333334,3.0
C101578,Company_1578,Netherlands,Europe,1,Unknown,10-Jan,2853.95,Growth,SMB_Inside,SelfServe,2023-08-01,,1,0.27,3.4,0,1356.0,4.035714285714286,336,469.0,1.3958333333333333,8954.529710480085,26.65038604309549,767,5095.79,589.0,3858.7397104800857,0.0,2.0,0.0,0.0,2.0,0.495,2.9549999999999996,9.16,2.0
C101579,Company_1579,UK,Europe,1,Unknown,10-Jan,1022.48,Starter,SMB_Inside,Partner,2023-03-22,,1,0.16,4.7,0,355.0,1.056547619047619,336,134.0,0.3988095238095238,4805.021458308876,14.300659102109751,201,2705.62,154.0,2099.4014583088765,0.0,0.0,1.0,0.0,1.0,-0.4,14.24,26.04,1.0
C101580,Company_1580,France,Europe,1,Unknown,10-Jan,1643.47,Growth,SMB_Inside,Outbound,2023-08-25,,1,0.14,7.3,0,1291.0,3.8422619047619047,336,441.0,1.3125,8701.653441525132,25.897778099777177,705,4775.21,586.0,3926.443441525131,1.0,0.0,1.0,0.0,2.0,-0.325,5.135,27.0,2.0
C101581,Company_1581,Germany,Europe,1,Ecommerce,10-Jan,1779.49,Growth,SMB_Inside,SelfServe,2023-04-24,,1,0.1,5.1,0,1326.0,3.946428571428571,336,423.0,1.2589285714285714,8729.571347721438,25.9808671063138,737,4705.69,589.0,4023.881347721438,1.0,1.0,0.0,0.0,2.0,-0.21,2.575,3.175,2.0
C101582,Company_1582,Canada,North America,0,Wholesale,10-Jan,2485.07,Starter,SMB_Field,SelfServe,2023-03-13,,1,0.12,6.7,0,360.0,0.9836065573770492,366,134.0,0.366120218579235,5136.121290443868,14.03311827990128,168,2581.06,192.0,2555.0612904438676,0.0,0.0,0.0,0.0,0.0,0.0,0.0,0.0,0.0
C101583,Company_1583,Netherlands,Europe,1,Ecommerce,201-1000,68511.25,Growth,Enterprise,Inbound,2023-09-14,2024-09-14,0,0.43,6.5,0,985.0,2.931547619047619,336,324.0,0.9642857142857144,6350.816790291307,18.901240447295557,743,4637.48,242.0,1713.3367902913071,1.0,2.0,0.0,0.0,3.0,-0.3233333333333333,3.3033333333333332,5.6066666666666665,3.0
C101584,Company_1584,Germany,Europe,1,Logistics,10-Jan,1051.41,Starter,SMB_Inside,Inbound,2023-08-18,2024-02-17,0,0.61,4.5,1,43.0,0.1279761904761904,336,15.0,0.0446428571428571,640.95,1.9075892857142855,43,640.95,0.0,0.0,0.0,1.0,0.0,0.0,1.0,-0.03,0.44,6.44,1.0
C101585,Company_1585,Spain,Europe,1,Professional Services,1000+,407248.43,Growth,Enterprise,SelfServe,2023-10-03,2024-10-03,0,0.24,5.0,0,973.0,2.8958333333333335,336,332.0,0.988095238095238,6302.012388012966,18.75598925003859,692,4584.64,281.0,1717.3723880129662,1.0,0.0,0.0,1.0,2.0,-0.29,1.58,17.12,2.0
C101586,Company_1586,UK,Europe,1,Manufacturing,10-Jan,2593.32,Starter,SMB_Inside,Inbound,2023-05-24,,1,0.04,5.6,0,338.0,1.005952380952381,336,118.0,0.3511904761904761,4991.578467670432,14.85588829663819,175,2615.81,163.0,2375.7684676704316,0.0,0.0,0.0,0.0,0.0,0.0,0.0,0.0,0.0
C101587,Company_1587,US,North America,0,Healthcare,51-200,13012.88,Growth,MidMarket,Inbound,2024-03-04,2025-03-05,0,0.35,6.9,0,1202.0,3.2841530054644807,366,433.0,1.1830601092896176,8165.141181916856,22.309128912341137,448,3128.56,754.0,5036.581181916856,0.0,1.0,1.0,1.0,3.0,0.1766666666666666,7.3066666666666675,16.63,3.0
C101588,Company_1588,Canada,North America,0,Unknown,Nov-50,8369.08,Starter,SMB_Inside,Inbound,2023-06-20,,1,0.27,7.0,0,338.0,0.9234972677595628,366,138.0,0.3770491803278688,4735.724498546648,12.93913797417117,163,2281.81,175.0,2453.914498546648,0.0,0.0,0.0,0.0,0.0,0.0,0.0,0.0,0.0
C101589,Company_1589,Spain,Europe,1,Retail,Nov-50,3424.49,Growth,SMB_Inside,Inbound,2023-06-09,,1,0.2,9.0,0,1369.0,4.074404761904762,336,467.0,1.3898809523809523,9046.906375333892,26.925316593255634,745,4875.79,624.0,4171.116375333893,0.0,1.0,0.0,0.0,1.0,0.12,0.28,8.83,1.0
C101590,Company_1590,Netherlands,Europe,1,Unknown,51-200,17172.86,Growth,MidMarket,Outbound,2023-06-13,,1,0.29,4.5,0,1360.0,4.0476190476190474,336,477.0,1.4196428571428572,9133.179512432916,27.182081882240816,713,4914.91,647.0,4218.269512432915,1.0,1.0,0.0,0.0,2.0,-0.115,5.67,11.42,2.0
C101591,Company_1591,UK,Europe,1,Ecommerce,10-Jan,1270.47,Growth,SMB_Field,Inbound,2024-01-30,2025-01-30,0,0.17,3.6,0,1263.0,3.758928571428571,336,461.0,1.3720238095238095,8419.25581332644,25.05730896823345,651,4089.05,612.0,4330.205813326439,1.0,3.0,1.0,0.0,5.0,-0.134,5.1979999999999995,15.214,5.0
C101592,Company_1592,Germany,Europe,1,Manufacturing,Nov-50,9215.89,Starter,SMB_Inside,Inbound,2023-06-12,,1,0.08,7.4,0,336.0,1.0,336,131.0,0.3898809523809524,4354.395920981203,12.959511669586911,182,2345.11,154.0,2009.2859209812027,0.0,0.0,0.0,1.0,1.0,-0.06,7.29,13.8,1.0
C101593,Company_1593,Canada,North America,0,Hospitality,Nov-50,6318.44,Starter,SMB_Inside,Partner,2023-03-07,,1,0.06,8.1,0,370.0,1.010928961748634,366,140.0,0.3825136612021858,5170.839632027455,14.127977136687036,169,2547.81,201.0,2623.0296320274556,0.0,0.0,0.0,1.0,1.0,0.21,9.14,13.91,1.0
C101594,Company_1594,US,North America,0,Unknown,10-Jan,2920.12,Starter,SMB_Inside,SelfServe,2024-01-03,2024-07-04,0,0.37,4.5,0,172.0,0.4699453551912568,366,55.0,0.1502732240437158,2293.99557223956,6.267747465135409,169,2252.16,3.0,41.83557223955991,0.0,1.0,0.0,0.0,1.0,-0.38,7.45,7.5,1.0
C101595,Company_1595,Netherlands,Europe,1,Manufacturing,10-Jan,2362.56,Growth,SMB_Inside,SelfServe,2023-12-22,2024-06-22,0,0.28,6.0,1,671.0,1.9970238095238095,336,223.0,0.6636904761904762,4617.07,13.74127976190476,671,4617.07,0.0,0.0,0.0,3.0,0.0,2.0,5.0,0.008,6.198,9.22,5.0
C101596,Company_1596,US,North America,0,Professional Services,Nov-50,8398.66,Growth,SMB_Inside,Outbound,2023-09-02,,1,0.09,7.8,0,1455.0,3.9754098360655736,366,505.0,1.3797814207650274,9689.642478627611,26.47443300171479,725,4823.28,730.0,4866.362478627612,0.0,1.0,0.0,0.0,1.0,0.21,5.8,26.05,1.0
C101597,Company_1597,France,Europe,1,Logistics,201-1000,138796.93,Growth,Enterprise,Outbound,2023-07-16,,1,0.14,6.1,0,1367.0,4.068452380952381,336,485.0,1.443452380952381,8910.290766437305,26.518722519158647,733,4795.02,634.0,4115.270766437305,0.0,0.0,0.0,0.0,0.0,0.0,0.0,0.0,0.0
C101598,Company_1598,Spain,Europe,1,Unknown,51-200,35810.6,Enterprise,MidMarket,Partner,2023-11-25,2024-11-25,0,0.11,6.0,0,3006.0,8.946428571428571,336,1045.0,3.110119047619047,8824.161243701868,26.26238465387461,1791,5394.24,1215.0,3429.921243701868,1.0,0.0,0.0,2.0,3.0,-0.1966666666666666,3.76,6.013333333333333,3.0
C101599,Company_1599,France,Europe,1,Manufacturing,10-Jan,1983.28,Starter,SMB_Field,Partner,2024-02-01,2025-02-01,0,0.21,5.3,0,283.0,0.8422619047619048,336,93.0,0.2767857142857143,4110.940388522485,12.234941632507397,127,1955.78,156.0,2155.1603885224845,0.0,0.0,0.0,0.0,0.0,0.0,0.0,0.0,0.0
C101600,Company_1600,US,North America,0,Logistics,10-Jan,1067.69,Starter,SMB_Inside,Inbound,2023-11-10,,1,0.14,5.2,0,362.0,0.989071038251366,366,124.0,0.3387978142076502,4816.8705842228665,13.16084859077286,182,2310.13,180.0,2506.7405842228663,0.0,0.0,0.0,0.0,0.0,0.0,0.0,0.0,0.0
C101601,Company_1601,US,North America,0,Ecommerce,Nov-50,9427.68,Enterprise,SMB_Inside,SelfServe,2023-04-06,,1,0.23,6.3,0,3663.0,10.008196721311476,366,1265.0,3.4562841530054644,10871.800616298744,29.704373268575804,1757,5464.6,1906.0,5407.2006162987445,2.0,0.0,1.0,1.0,4.0,-0.14,1.2525,5.72,3.0
C101602,Company_1602,Australia,North America,0,Unknown,10-Jan,1872.61,Starter,SMB_Inside,Inbound,2023-06-13,,1,0.04,5.8,0,376.0,1.0273224043715847,366,137.0,0.3743169398907104,5054.314662174404,13.809602902115858,186,2526.17,190.0,2528.1446621744035,1.0,0.0,0.0,0.0,1.0,0.07,1.38,6.95,1.0
C101603,Company_1603,Germany,Europe,1,Unknown,10-Jan,1252.62,Starter,SMB_Inside,SelfServe,2024-01-16,2024-07-17,0,0.05,7.4,0,174.0,0.5178571428571429,336,69.0,0.2053571428571428,2401.83555759822,7.148320111899464,158,2193.49,16.0,208.34555759822004,0.0,0.0,1.0,0.0,1.0,0.14,2.9,6.36,1.0
C101604,Company_1604,Spain,Europe,1,Logistics,51-200,14951.12,Enterprise,MidMarket,Inbound,2023-03-26,,1,0.16,5.1,0,3400.0,10.11904761904762,336,1220.0,3.630952380952381,10121.4028631174,30.12322280689702,1845,5376.84,1555.0,4744.5628631173995,2.0,1.0,2.0,0.0,5.0,-0.22,1.5080000000000002,9.09,5.0
C101605,Company_1605,France,Europe,1,Ecommerce,Nov-50,5153.46,Starter,SMB_Inside,SelfServe,2023-01-21,2024-01-22,0,0.12,8.5,1,27.0,0.0803571428571428,336,9.0,0.0267857142857142,292.81,0.8714583333333333,27,292.81,0.0,0.0,0.0,0.0,1.0,0.0,1.0,0.44,0.35,3.76,1.0
C101606,Company_1606,US,North America,0,Logistics,10-Jan,1741.43,Starter,SMB_Inside,Partner,2024-02-14,2025-02-14,0,0.11,5.1,0,331.0,0.9043715846994536,366,112.0,0.3060109289617486,4533.656593922051,12.387039874103964,155,2050.41,176.0,2483.2465939220506,0.0,0.0,0.0,0.0,0.0,0.0,0.0,0.0,0.0
C101607,Company_1607,Spain,Europe,1,Unknown,Nov-50,6096.55,Growth,SMB_Field,SelfServe,2023-10-27,,1,0.13,6.7,0,1339.0,3.985119047619047,336,453.0,1.3482142857142858,9000.295358805526,26.786593329778352,699,5059.57,640.0,3940.7253588055255,0.0,0.0,0.0,0.0,0.0,0.0,0.0,0.0,0.0
C101608,Company_1608,US,North America,0,Manufacturing,10-Jan,2558.61,Enterprise,SMB_Inside,Partner,2024-02-25,2024-05-26,0,0.2,6.9,1,898.0,2.453551912568306,366,317.0,0.8661202185792349,2866.83,7.832868852459016,898,2866.83,0.0,0.0,0.0,0.0,2.0,1.0,3.0,0.0633333333333333,3.1833333333333336,15.420000000000002,2.0
C101609,Company_1609,Australia,North America,0,Wholesale,10-Jan,1461.0,Growth,SMB_Field,SelfServe,2023-12-24,,1,0.42,5.4,0,1427.0,3.898907103825137,366,517.0,1.4125683060109289,9575.139571499758,26.161583528687864,715,4638.12,712.0,4937.019571499759,0.0,0.0,1.0,1.0,2.0,-0.36,2.27,7.56,1.0
C101610,Company_1610,Spain,Europe,1,Unknown,Nov-50,4935.95,Growth,SMB_Field,Inbound,2023-12-04,2024-12-04,0,0.18,8.3,0,1246.0,3.7083333333333335,336,438.0,1.3035714285714286,8479.193856906091,25.2356960026967,735,4928.2,511.0,3550.9938569060905,1.0,0.0,1.0,1.0,3.0,0.1399999999999999,2.6133333333333333,5.503333333333333,3.0
C101611,Company_1611,Germany,Europe,1,Retail,Nov-50,3644.39,Starter,SMB_Inside,Inbound,2023-06-22,,1,0.22,6.1,0,345.0,1.0267857142857142,336,122.0,0.3630952380952381,4608.624199930137,13.716143452173029,191,2561.14,154.0,2047.4841999301373,0.0,0.0,1.0,0.0,1.0,-0.23,5.71,10.24,1.0
C101612,Company_1612,France,Europe,1,Unknown,Nov-50,8692.29,Growth,SMB_Inside,Inbound,2023-02-26,,1,0.08,7.7,0,1351.0,4.020833333333333,336,461.0,1.3720238095238095,9065.66605006148,26.981148958516307,746,4907.94,605.0,4157.72605006148,0.0,0.0,1.0,1.0,2.0,-0.3399999999999999,2.615,6.86,2.0
C101613,Company_1613,US,North America,0,Retail,10-Jan,2776.61,Starter,SMB_Inside,Outbound,2023-03-14,,1,0.18,6.5,0,384.0,1.0491803278688523,366,146.0,0.3989071038251366,4955.5509248728895,13.539756625335764,181,2381.05,203.0,2574.5009248728893,1.0,0.0,0.0,1.0,2.0,-0.315,10.11,19.625,2.0
C101614,Company_1614,UK,Europe,1,Unknown,201-1000,115629.65,Enterprise,Enterprise,Outbound,2023-11-17,,1,0.06,4.8,0,3357.0,9.991071428571429,336,1196.0,3.5595238095238093,10398.835796463412,30.948916060903013,1789,5695.32,1568.0,4703.515796463413,0.0,3.0,2.0,1.0,6.0,0.0883333333333333,1.2933333333333332,12.121666666666668,6.0
C101615,Company_1615,France,Europe,1,Unknown,Nov-50,6027.38,Growth,SMB_Inside,SelfServe,2023-04-23,,1,0.07,5.2,0,1390.0,4.136904761904762,336,515.0,1.5327380952380951,9056.882450501396,26.95500729315892,755,4769.43,635.0,4287.452450501396,1.0,0.0,0.0,1.0,2.0,0.045,6.2,14.45,2.0
C101616,Company_1616,UK,Europe,1,Hospitality,Nov-50,8018.73,Starter,SMB_Inside,Partner,2023-08-13,2024-08-13,0,0.1,7.8,0,226.0,0.6726190476190477,336,78.0,0.2321428571428571,3155.189694007656,9.390445517879929,183,2540.22,43.0,614.9696940076558,0.0,0.0,0.0,1.0,1.0,-0.23,13.51,13.64,1.0
C101617,Company_1617,Netherlands,Europe,1,Healthcare,51-200,38534.11,Enterprise,MidMarket,Inbound,2023-10-21,,1,0.26,7.6,0,3392.0,10.095238095238097,336,1162.0,3.4583333333333335,10138.161814328703,30.17310063788305,1839,5514.88,1553.0,4623.281814328704,0.0,1.0,1.0,2.0,4.0,-0.0374999999999999,2.0825,8.8425,3.0
C101618,Company_1618,Germany,Europe,1,Unknown,Nov-50,8884.5,Starter,SMB_Inside,Outbound,2023-07-05,2024-07-05,0,0.13,5.3,0,188.0,0.5595238095238095,336,57.0,0.1696428571428571,2427.9316948850187,7.225987187157794,184,2372.3,4.0,55.63169488501861,1.0,0.0,0.0,0.0,1.0,-0.17,10.37,14.61,1.0
C101619,Company_1619,UK,Europe,1,Retail,10-Jan,1149.1,Enterprise,SMB_Field,Partner,2024-02-13,2024-08-14,0,0.04,6.1,0,1802.0,5.363095238095238,336,611.0,1.818452380952381,5529.060301444864,16.455536611443048,1349,4189.25,453.0,1339.810301444864,0.0,2.0,1.0,0.0,3.0,0.13,2.716666666666667,11.516666666666666,3.0
C101620,Company_1620,UK,Europe,1,Unknown,201-1000,46754.33,Growth,Enterprise,Partner,2023-06-01,,1,0.27,4.3,0,1308.0,3.892857142857143,336,481.0,1.431547619047619,9009.69370732862,26.8145646051447,704,5105.47,604.0,3904.223707328619,0.0,0.0,1.0,1.0,2.0,0.015,4.225,10.795,2.0
C101621,Company_1621,Germany,Europe,1,Hospitality,201-1000,54394.72,Growth,Enterprise,Partner,2023-10-11,2024-04-11,0,0.15,4.3,1,414.0,1.2321428571428572,336,139.0,0.4136904761904761,2762.22,8.220892857142857,414,2762.22,0.0,0.0,1.0,0.0,0.0,1.0,2.0,-0.1949999999999999,0.39,11.78,2.0
C101622,Company_1622,US,North America,0,Unknown,201-1000,45143.6,Growth,Enterprise,Partner,2023-03-11,,1,0.04,8.0,0,1590.0,4.344262295081967,366,534.0,1.459016393442623,9963.184447778298,27.221815431088245,795,4935.9,795.0,5027.284447778299,2.0,0.0,0.0,0.0,2.0,-0.2599999999999999,1.165,28.18,2.0
C101623,Company_1623,US,North America,0,Unknown,10-Jan,2987.13,Growth,SMB_Inside,Outbound,2023-08-23,,1,0.38,9.5,0,1425.0,3.89344262295082,366,497.0,1.3579234972677596,9836.986087294566,26.877011167471498,685,4831.13,740.0,5005.856087294566,0.0,0.0,1.0,1.0,2.0,0.14,5.595,7.609999999999999,2.0
C101624,Company_1624,US,North America,0,Unknown,1000+,480445.01,Starter,Enterprise,Outbound,2023-11-16,2024-11-16,0,0.08,4.9,0,316.0,0.8633879781420765,366,112.0,0.3060109289617486,4258.257949700238,11.634584562022509,188,2332.84,128.0,1925.4179497002383,0.0,0.0,0.0,0.0,0.0,0.0,0.0,0.0,0.0
C101625,Company_1625,Canada,North America,0,Unknown,201-1000,106335.97,Enterprise,Enterprise,Inbound,2023-08-08,2024-08-08,0,0.05,5.6,0,2167.0,5.920765027322404,366,747.0,2.040983606557377,6599.041518369758,18.03016808297748,1804,5431.93,363.0,1167.1115183697582,1.0,1.0,0.0,0.0,2.0,-0.08,2.525,4.449999999999999,2.0
C101626,Company_1626,Australia,North America,0,Retail,Nov-50,9232.74,Enterprise,SMB_Inside,SelfServe,2023-02-27,,1,0.11,7.0,0,3779.0,10.325136612021858,366,1303.0,3.560109289617486,10809.969880249344,29.53543683128236,1831,5316.53,1948.0,5493.439880249343,1.0,3.0,0.0,0.0,4.0,0.2175,3.0925,27.975,4.0
C101627,Company_1627,Canada,North America,0,Unknown,51-200,38966.71,Growth,MidMarket,Outbound,2023-09-02,,1,0.06,9.8,0,1434.0,3.918032786885246,366,512.0,1.3989071038251366,9464.018487069732,25.857974008387245,714,4612.45,720.0,4851.568487069732,0.0,1.0,1.0,0.0,2.0,0.225,4.8549999999999995,7.165,2.0
C101628,Company_1628,US,North America,0,Manufacturing,1000+,352362.47,Growth,Enterprise,Outbound,2024-03-26,2025-03-27,0,0.22,8.2,0,1130.0,3.087431693989071,366,376.0,1.0273224043715847,7285.622482888341,19.90607235761842,406,2600.69,724.0,4684.932482888342,0.0,0.0,0.0,0.0,0.0,0.0,0.0,0.0,0.0
C101629,Company_1629,Netherlands,Europe,1,Manufacturing,51-200,32427.34,Enterprise,MidMarket,Inbound,2023-08-26,2024-08-26,0,0.2,7.0,0,2475.0,7.366071428571429,336,870.0,2.5892857142857144,7233.455636264987,21.528141774598176,1917,5401.46,558.0,1831.9956362649875,2.0,3.0,0.0,2.0,7.0,-0.07,2.4114285714285715,12.534285714285714,7.0
C101630,Company_1630,France,Europe,1,Logistics,10-Jan,2241.11,Starter,SMB_Field,Inbound,2023-01-16,,1,0.27,2.6,0,326.0,0.9702380952380952,336,104.0,0.3095238095238095,4584.54582022497,13.644481607812413,170,2368.22,156.0,2216.32582022497,1.0,1.0,0.0,0.0,2.0,0.15,12.18,17.025,1.0
C101631,Company_1631,Germany,Europe,1,Manufacturing,Nov-50,4362.17,Starter,SMB_Inside,Partner,2023-08-08,2024-08-08,0,0.07,7.6,0,205.0,0.6101190476190477,336,66.0,0.1964285714285714,2952.9409901375893,8.788514851599968,173,2379.89,32.0,573.0509901375892,1.0,1.0,0.0,0.0,2.0,-0.18,4.76,10.64,2.0
C101632,Company_1632,Spain,Europe,1,Unknown,10-Jan,1835.48,Starter,SMB_Inside,SelfServe,2023-11-30,2024-11-30,0,0.21,8.7,0,293.0,0.8720238095238095,336,96.0,0.2857142857142857,3875.0091870419833,11.53276543762495,170,2296.13,123.0,1578.8791870419834,0.0,0.0,0.0,0.0,0.0,0.0,0.0,0.0,0.0
C101633,Company_1633,Australia,North America,0,Healthcare,10-Jan,2594.6,Starter,SMB_Inside,Inbound,2024-02-29,,1,0.05,2.9,0,281.0,0.76775956284153,366,95.0,0.2595628415300546,4017.189824999016,10.975928483603868,116,1647.39,165.0,2369.799824999016,0.0,0.0,1.0,1.0,2.0,0.03,15.185,15.88,2.0
C101634,Company_1634,Germany,Europe,1,Wholesale,10-Jan,1023.75,Starter,SMB_Inside,SelfServe,2023-12-24,,1,0.12,6.8,0,338.0,1.005952380952381,336,103.0,0.306547619047619,4867.558064501266,14.486779953872816,199,2582.63,139.0,2284.9280645012664,0.0,1.0,0.0,2.0,3.0,-0.22,2.5433333333333334,14.963333333333331,3.0
C101635,Company_1635,Canada,North America,0,Unknown,51-200,24211.19,Enterprise,MidMarket,Inbound,2024-03-26,2025-03-27,0,0.24,7.0,0,2891.0,7.898907103825136,366,1027.0,2.8060109289617485,8296.636476007003,22.66840567215028,974,2743.21,1917.0,5553.426476007002,2.0,1.0,1.0,1.0,5.0,-0.112,0.95,6.944,5.0
C101636,Company_1636,Spain,Europe,1,Retail,Nov-50,7786.39,Starter,SMB_Inside,Outbound,2023-12-06,2024-12-06,0,0.14,7.8,0,304.0,0.9047619047619048,336,105.0,0.3125,4249.2487233446445,12.64657358138287,176,2530.69,128.0,1718.5587233446447,0.0,0.0,0.0,0.0,0.0,0.0,0.0,0.0,0.0
C101637,Company_1637,Australia,North America,0,Unknown,51-200,18339.92,Growth,MidMarket,Outbound,2023-05-13,,1,0.29,6.2,0,1483.0,4.051912568306011,366,482.0,1.3169398907103824,9884.433407705948,27.006648654934285,736,4962.48,747.0,4921.953407705948,1.0,0.0,1.0,0.0,2.0,-0.16,5.51,8.62,2.0
C101638,Company_1638,UK,Europe,1,Retail,10-Jan,1470.47,Growth,SMB_Inside,Inbound,2023-12-29,2024-06-29,0,0.05,5.9,1,736.0,2.1904761904761907,336,267.0,0.7946428571428571,5128.66,15.263869047619048,736,5128.66,0.0,0.0,1.0,0.0,0.0,1.0,2.0,0.2799999999999999,5.765,8.07,2.0
C101639,Company_1639,Germany,Europe,1,Wholesale,Nov-50,7553.5,Growth,SMB_Field,Partner,2023-04-16,,1,0.12,5.0,0,1391.0,4.1398809523809526,336,493.0,1.4672619047619049,8919.111849178915,26.544975741603913,769,4933.15,622.0,3985.961849178915,4.0,1.0,0.0,1.0,6.0,-0.2016666666666666,4.875,17.315,6.0
C101640,Company_1640,Canada,North America,0,Retail,51-200,23042.55,Growth,MidMarket,Inbound,2023-10-25,,1,0.22,5.8,0,1392.0,3.80327868852459,366,474.0,1.2950819672131149,9575.236560232888,26.16184852522647,658,4795.47,734.0,4779.766560232889,1.0,0.0,1.0,1.0,3.0,0.0366666666666666,3.963333333333334,5.343333333333334,3.0
C101641,Company_1641,Canada,North America,0,Ecommerce,Nov-50,7007.71,Enterprise,SMB_Inside,SelfServe,2023-06-12,,1,0.24,6.9,0,3632.0,9.923497267759563,366,1266.0,3.459016393442623,11316.787241940152,30.920183721147957,1813,5549.98,1819.0,5766.807241940152,0.0,1.0,1.0,0.0,2.0,0.1399999999999999,3.88,5.645,1.0
C101642,Company_1642,Germany,Europe,1,Manufacturing,1000+,321487.81,Growth,Enterprise,Inbound,2023-06-15,,1,0.08,5.9,0,1311.0,3.9017857142857144,336,473.0,1.4077380952380951,8955.34104811345,26.652800738432887,739,4867.81,572.0,4087.53104811345,0.0,0.0,0.0,1.0,1.0,0.08,1.65,5.3,0.0
C101643,Company_1643,Canada,North America,0,Unknown,Nov-50,8419.01,Starter,SMB_Inside,Inbound,2023-11-10,2024-05-11,0,0.46,7.6,1,137.0,0.3743169398907104,366,50.0,0.1366120218579235,1787.95,4.885109289617486,137,1787.95,0.0,0.0,0.0,2.0,0.0,0.0,2.0,0.0,5.945,17.06,2.0
C101644,Company_1644,Germany,Europe,1,Unknown,Nov-50,8381.99,Starter,SMB_Inside,Inbound,2023-11-22,2024-11-22,0,0.51,4.3,0,300.0,0.8928571428571429,336,113.0,0.3363095238095238,4010.524184175461,11.936083881474586,180,2548.91,120.0,1461.614184175461,1.0,0.0,0.0,0.0,1.0,-0.15,5.56,5.66,0.0
C101645,Company_1645,Canada,North America,0,Manufacturing,51-200,38295.22,Starter,MidMarket,Partner,2023-08-29,2024-08-29,0,0.13,6.6,0,266.0,0.726775956284153,366,93.0,0.2540983606557377,3557.6084203166724,9.72024158556468,188,2682.8,78.0,874.8084203166725,0.0,0.0,0.0,0.0,0.0,0.0,0.0,0.0,0.0
C101646,Company_1646,Germany,Europe,1,Unknown,Nov-50,5074.31,Starter,SMB_Inside,Inbound,2023-10-17,2024-04-17,0,0.24,7.4,1,128.0,0.3809523809523809,336,52.0,0.1547619047619047,1576.36,4.691547619047618,128,1576.36,0.0,0.0,0.0,0.0,0.0,0.0,0.0,0.0,0.0,0.0,0.0
C101647,Company_1647,Spain,Europe,1,Unknown,Nov-50,5926.75,Growth,SMB_Inside,Inbound,2023-12-24,2024-12-24,0,0.1,5.6,0,1249.0,3.7172619047619047,336,446.0,1.3273809523809523,8561.577846826382,25.48088644888804,691,4809.61,558.0,3751.967846826382,0.0,0.0,0.0,1.0,1.0,0.25,5.68,15.13,1.0
C101648,Company_1648,France,Europe,1,Wholesale,Nov-50,9907.53,Enterprise,SMB_Field,Partner,2023-11-15,2024-11-15,0,0.25,8.3,0,2861.0,8.514880952380953,336,999.0,2.9732142857142856,8855.100236270615,26.35446498890064,1836,5583.49,1025.0,3271.610236270614,2.0,3.0,1.0,3.0,9.0,-0.0877777777777777,2.601111111111111,16.276666666666667,9.0
C101649,Company_1649,France,Europe,1,Retail,201-1000,95763.21,Enterprise,Enterprise,Outbound,2023-07-11,2024-07-11,0,0.24,6.4,0,1929.0,5.741071428571429,336,681.0,2.0267857142857144,5614.855535904936,16.710879571145643,1812,5354.65,117.0,260.2055359049363,0.0,3.0,0.0,0.0,3.0,-0.2366666666666666,3.59,18.346666666666668,3.0
C101650,Company_1650,Netherlands,Europe,1,Professional Services,201-1000,89163.18,Enterprise,Enterprise,Inbound,2023-09-28,,1,0.21,5.4,0,3407.0,10.139880952380953,336,1118.0,3.327380952380953,9873.050652736049,29.384079323619194,1858,5381.65,1549.0,4491.400652736048,1.0,2.0,1.0,0.0,4.0,-0.0524999999999999,1.585,12.7275,3.0
C101651,Company_1651,Australia,North America,0,Logistics,51-200,16058.01,Enterprise,MidMarket,Inbound,2024-01-17,2025-01-17,0,0.15,7.3,0,3527.0,9.636612021857925,366,1188.0,3.2459016393442623,10360.484852868833,28.307335663576044,1650,4876.22,1877.0,5484.264852868833,1.0,0.0,0.0,0.0,1.0,-0.25,0.63,9.64,1.0
C101652,Company_1652,Germany,Europe,1,Professional Services,Nov-50,6621.9,Starter,SMB_Field,SelfServe,2023-08-30,2024-08-30,0,0.23,4.8,0,201.0,0.5982142857142857,336,74.0,0.2202380952380952,3315.6267853074414,9.867936861034051,151,2461.07,50.0,854.5567853074414,1.0,0.0,0.0,0.0,1.0,0.09,4.91,6.81,1.0
C101653,Company_1653,France,Europe,1,Unknown,Nov-50,6104.64,Starter,SMB_Inside,Inbound,2024-03-02,2024-09-01,0,0.08,6.0,0,153.0,0.4553571428571428,336,59.0,0.175595238095238,2441.6227496339325,7.266734373910514,117,1658.92,36.0,782.7027496339325,0.0,0.0,1.0,0.0,1.0,0.06,0.38,9.35,1.0
C101654,Company_1654,UK,Europe,1,Unknown,51-200,28628.99,Growth,MidMarket,Inbound,2023-01-17,,1,0.11,4.2,0,1283.0,3.818452380952381,336,474.0,1.4107142857142858,8855.290022643874,26.355029829297244,711,4844.88,572.0,4010.410022643873,1.0,0.0,0.0,0.0,1.0,-0.26,3.29,6.58,1.0
C101655,Company_1655,Netherlands,Europe,1,Unknown,51-200,16171.35,Growth,MidMarket,Outbound,2023-12-21,,1,0.06,6.5,0,1341.0,3.991071428571429,336,478.0,1.4226190476190477,8822.544178635153,26.257571960223668,747,4917.56,594.0,3904.984178635154,0.0,1.0,0.0,2.0,3.0,-0.14,4.676666666666667,11.003333333333332,3.0
C101656,Company_1656,Germany,Europe,1,Unknown,51-200,10904.24,Growth,MidMarket,Outbound,2023-08-17,2024-08-17,0,0.41,3.9,0,877.0,2.610119047619047,336,308.0,0.9166666666666666,6020.116305569031,17.917012814193544,690,4760.5199999999995,187.0,1259.596305569031,0.0,2.0,2.0,1.0,5.0,-0.126,6.894,11.316,5.0
C101657,Company_1657,Australia,North America,0,Manufacturing,10-Jan,2093.82,Starter,SMB_Inside,Inbound,2024-01-31,,1,0.19,6.4,0,343.0,0.9371584699453552,366,123.0,0.3360655737704918,4774.021814880844,13.04377545049411,164,2201.56,179.0,2572.461814880844,0.0,0.0,0.0,0.0,0.0,0.0,0.0,0.0,0.0
C101658,Company_1658,Spain,Europe,1,Logistics,Nov-50,5192.97,Growth,SMB_Inside,Partner,2023-07-20,,1,0.14,7.6,0,1295.0,3.8541666666666665,336,445.0,1.324404761904762,9053.914479190558,26.946174045209993,699,4829.58,596.0,4224.334479190557,1.0,0.0,0.0,0.0,1.0,-0.16,3.77,8.25,1.0
C101659,Company_1659,UK,Europe,1,Professional Services,51-200,32808.14,Growth,MidMarket,SelfServe,2024-03-30,2024-09-29,0,0.37,4.6,0,582.0,1.7321428571428572,336,202.0,0.6011904761904762,4095.2393447878194,12.188212335678037,344,2478.64,238.0,1616.5993447878193,0.0,0.0,1.0,0.0,1.0,-0.08,4.17,6.19,0.0
C101660,Company_1660,Canada,North America,0,Retail,Nov-50,6260.35,Starter,SMB_Inside,SelfServe,2023-02-13,,1,0.24,7.5,0,367.0,1.0027322404371584,366,139.0,0.3797814207650273,5164.726959478645,14.111275845570068,181,2427.17,186.0,2737.556959478645,0.0,1.0,0.0,0.0,1.0,0.5,3.77,7.23,1.0
C101661,Company_1661,Netherlands,Europe,1,Unknown,51-200,31707.35,Growth,MidMarket,Inbound,2023-10-21,2024-10-21,0,0.18,6.4,0,1080.0,3.2142857142857144,336,370.0,1.1011904761904765,6767.405471519126,20.141087712854542,734,4538.75,346.0,2228.6554715191264,3.0,0.0,1.0,2.0,6.0,-0.2183333333333333,2.97,12.588333333333331,6.0
C101662,Company_1662,UK,Europe,1,Ecommerce,10-Jan,2762.78,Starter,SMB_Inside,Partner,2023-03-12,,1,0.07,6.6,0,342.0,1.0178571428571428,336,107.0,0.3184523809523809,4854.619978594722,14.448273745817623,180,2611.78,162.0,2242.839978594722,0.0,1.0,0.0,0.0,1.0,-0.08,18.09,26.07,1.0
C101663,Company_1663,Australia,North America,0,Professional Services,10-Jan,1672.26,Starter,SMB_Inside,Partner,2023-08-06,,1,0.1,4.2,0,323.0,0.8825136612021858,366,100.0,0.273224043715847,4694.222788569511,12.825745323960414,152,2337.92,171.0,2356.302788569511,0.0,0.0,0.0,0.0,0.0,0.0,0.0,0.0,0.0
C101664,Company_1664,UK,Europe,1,Unknown,201-1000,104870.17,Growth,Enterprise,Inbound,2023-07-29,,1,0.07,8.5,0,1327.0,3.949404761904762,336,479.0,1.425595238095238,8861.659056035976,26.37398528582136,752,4861.95,575.0,3999.709056035977,0.0,0.0,1.0,0.0,1.0,-0.26,2.31,4.96,1.0
C101665,Company_1665,France,Europe,1,Unknown,10-Jan,1552.45,Starter,SMB_Inside,SelfServe,2024-01-23,2025-01-23,0,0.25,6.0,0,301.0,0.8958333333333334,336,106.0,0.3154761904761904,4212.5300247165205,12.53729174022774,143,2013.95,158.0,2198.5800247165207,0.0,1.0,0.0,0.0,1.0,0.14,6.47,21.9,1.0
C101666,Company_1666,Netherlands,Europe,1,Ecommerce,Nov-50,8262.19,Growth,SMB_Field,Inbound,2024-03-10,2024-09-09,0,0.21,5.3,0,732.0,2.1785714285714284,336,232.0,0.6904761904761905,4616.461363858271,13.739468344816284,461,2857.72,271.0,1758.7413638582718,0.0,0.0,1.0,0.0,1.0,0.26,6.07,9.08,1.0
C101667,Company_1667,UK,Europe,1,Unknown,51-200,25480.16,Enterprise,MidMarket,Outbound,2023-12-18,2024-12-18,0,0.12,7.7,0,3183.0,9.473214285714286,336,1097.0,3.264880952380953,9828.530980915848,29.251580300344784,1823,5680.1,1360.0,4148.4309809158485,1.0,0.0,1.0,0.0,2.0,0.0399999999999999,0.66,8.43,2.0
C101668,Company_1668,Spain,Europe,1,Unknown,10-Jan,1867.29,Growth,SMB_Field,Outbound,2023-03-20,2023-09-19,0,0.11,7.4,1,0.0,0.0,336,0.0,0.0,0.0,0.0,0,0.0,0.0,0.0,1.0,1.0,0.0,0.0,2.0,-0.045,1.56,28.269999999999996,2.0
C101669,Company_1669,Germany,Europe,1,Ecommerce,Nov-50,4563.08,Growth,SMB_Inside,Inbound,2023-09-17,2024-09-17,0,0.12,7.8,0,934.0,2.7797619047619047,336,325.0,0.9672619047619048,6291.193343696125,18.72378971338133,706,4732.88,228.0,1558.313343696125,0.0,1.0,0.0,0.0,1.0,0.07,12.4,23.0,1.0
C101670,Company_1670,Spain,Europe,1,Wholesale,10-Jan,2079.69,Enterprise,SMB_Field,Partner,2024-02-29,2025-03-01,0,0.17,1.5,0,2842.0,8.458333333333334,336,1005.0,2.9910714285714284,8234.390668404594,24.50711508453748,1229,3654.09,1613.0,4580.300668404594,1.0,1.0,0.0,1.0,3.0,0.21,2.9966666666666666,16.383333333333333,2.0
C101671,Company_1671,US,North America,0,Unknown,201-1000,93401.68,Growth,Enterprise,SelfServe,2023-07-05,2024-07-05,0,0.13,8.1,0,730.0,1.994535519125683,366,268.0,0.73224043715847,4908.178424412583,13.410323563968806,709,4791.56,21.0,116.61842441258288,0.0,0.0,2.0,1.0,3.0,-0.2666666666666666,2.04,9.73,3.0
C101672,Company_1672,Spain,Europe,1,Wholesale,10-Jan,1707.35,Starter,SMB_Inside,Partner,2023-04-01,,1,0.13,4.9,0,341.0,1.0148809523809523,336,119.0,0.3541666666666667,4581.483212377723,13.63536670350513,176,2344.64,165.0,2236.8432123777234,0.0,0.0,0.0,0.0,0.0,0.0,0.0,0.0,0.0
C101673,Company_1673,Netherlands,Europe,1,Unknown,Nov-50,5637.01,Growth,SMB_Inside,SelfServe,2023-05-13,,1,0.09,6.8,0,1328.0,3.952380952380953,336,458.0,1.363095238095238,9063.383875407537,26.974356772046235,712,4922.73,616.0,4140.6538754075345,0.0,2.0,1.0,0.0,3.0,-0.0533333333333333,3.19,14.336666666666666,2.0
C101674,Company_1674,Australia,North America,0,Retail,10-Jan,1908.93,Starter,SMB_Field,Inbound,2024-02-12,2024-08-13,0,0.45,6.4,0,177.0,0.4836065573770491,366,64.0,0.174863387978142,2552.7061308428106,6.974606914871067,142,1933.08,35.0,619.6261308428105,0.0,0.0,0.0,0.0,0.0,0.0,0.0,0.0,0.0
C101675,Company_1675,Canada,North America,0,Hospitality,10-Jan,1244.61,Growth,SMB_Inside,SelfServe,2023-05-31,,1,0.25,5.8,0,1508.0,4.120218579234972,366,533.0,1.4562841530054644,9747.321761636656,26.6320266711384,772,4856.79,736.0,4890.531761636655,0.0,1.0,1.0,1.0,3.0,0.1733333333333333,3.59,10.906666666666666,3.0
C101676,Company_1676,Spain,Europe,1,Wholesale,Nov-50,6395.72,Starter,SMB_Field,Inbound,2023-12-20,2024-12-20,0,0.13,4.6,0,339.0,1.0089285714285714,336,121.0,0.3601190476190476,4545.528944012792,13.528359952419024,187,2639.34,152.0,1906.1889440127916,0.0,0.0,1.0,0.0,1.0,-0.29,11.76,16.32,1.0
C101677,Company_1677,US,North America,0,Wholesale,10-Jan,2798.44,Starter,SMB_Field,SelfServe,2023-10-20,2024-01-19,0,0.18,6.3,1,26.0,0.0710382513661202,366,8.0,0.0218579234972677,279.76,0.7643715846994535,26,279.76,0.0,0.0,0.0,0.0,0.0,1.0,1.0,-0.15,9.71,10.31,1.0
C101678,Company_1678,Canada,North America,0,Healthcare,10-Jan,2405.84,Growth,SMB_Inside,Outbound,2023-11-13,2024-05-14,0,0.68,6.4,1,564.0,1.540983606557377,366,191.0,0.5218579234972678,3609.64,9.8624043715847,564,3609.64,0.0,0.0,1.0,0.0,0.0,1.0,2.0,0.4499999999999999,4.16,10.565,1.0
C101679,Company_1679,Netherlands,Europe,1,Hospitality,Nov-50,4173.88,Growth,SMB_Inside,SelfServe,2023-08-06,2024-08-06,0,0.3,7.0,0,876.0,2.607142857142857,336,299.0,0.8898809523809523,5734.512040301376,17.067000119944574,730,4755.4,146.0,979.1120403013762,1.0,2.0,1.0,1.0,5.0,-0.0079999999999999,10.356,17.496,4.0
C101680,Company_1680,Canada,North America,0,Ecommerce,51-200,19846.74,Enterprise,MidMarket,SelfServe,2023-12-14,2024-12-14,0,0.22,6.3,0,3492.0,9.540983606557376,366,1249.0,3.412568306010929,10568.097931487117,28.874584512259876,1827,5562.41,1665.0,5005.687931487116,2.0,2.0,2.0,0.0,6.0,0.1566666666666666,1.8283333333333331,7.0616666666666665,4.0
C101681,Company_1681,Canada,North America,0,Healthcare,51-200,14731.23,Growth,MidMarket,Outbound,2023-02-22,,1,0.12,8.6,0,1496.0,4.087431693989071,366,529.0,1.4453551912568303,10256.84384171782,28.024163501961254,738,5094.41,758.0,5162.4338417178205,0.0,0.0,0.0,0.0,0.0,0.0,0.0,0.0,0.0
C101682,Company_1682,UK,Europe,1,Retail,10-Jan,1443.0,Growth,SMB_Field,Partner,2023-02-20,2023-08-22,0,0.05,6.2,1,0.0,0.0,336,0.0,0.0,0.0,0.0,0,0.0,0.0,0.0,1.0,0.0,1.0,0.0,2.0,-0.135,2.375,10.26,1.0
C101683,Company_1683,Australia,North America,0,Professional Services,51-200,33945.28,Growth,MidMarket,Outbound,2024-03-15,2024-09-14,0,0.26,5.3,0,743.0,2.030054644808743,366,270.0,0.7377049180327869,4895.87206077648,13.37669961960787,439,3043.14,304.0,1852.73206077648,1.0,0.0,0.0,0.0,1.0,-0.75,3.36,7.05,1.0
C101684,Company_1684,Canada,North America,0,Logistics,10-Jan,1594.8,Starter,SMB_Inside,Outbound,2023-10-16,,1,0.33,8.0,0,329.0,0.8989071038251366,366,114.0,0.3114754098360656,4705.548987379294,12.856691222347798,174,2211.4,155.0,2494.148987379294,0.0,0.0,0.0,0.0,0.0,0.0,0.0,0.0,0.0
C101685,Company_1685,US,North America,0,Logistics,Nov-50,9360.63,Growth,SMB_Field,Partner,2023-11-21,2024-11-21,0,0.1,6.5,0,1290.0,3.5245901639344264,366,448.0,1.2240437158469946,8621.827649211338,23.55690614538617,692,4729.59,598.0,3892.2376492113376,1.0,1.0,1.0,0.0,3.0,0.1133333333333333,3.36,8.03,2.0
C101686,Company_1686,UK,Europe,1,Unknown,Nov-50,9678.47,Starter,SMB_Field,Inbound,2023-10-30,2024-10-30,0,0.09,7.3,0,259.0,0.7708333333333334,336,95.0,0.2827380952380952,3717.2840365497345,11.06334534687421,167,2482.78,92.0,1234.5040365497346,0.0,1.0,0.0,0.0,1.0,-0.03,1.14,1.22,1.0
C101687,Company_1687,US,North America,0,Unknown,10-Jan,2944.98,Starter,SMB_Inside,Inbound,2023-01-17,2023-07-19,0,0.3,6.5,1,0.0,0.0,366,0.0,0.0,0.0,0.0,0,0.0,0.0,0.0,0.0,0.0,0.0,1.0,1.0,0.32,0.1,13.99,1.0
C101688,Company_1688,France,Europe,1,Unknown,Nov-50,4772.56,Growth,SMB_Inside,Outbound,2023-03-19,,1,0.39,5.1,0,1342.0,3.994047619047619,336,508.0,1.511904761904762,9022.35046120832,26.852233515500952,743,4931.32,599.0,4091.030461208319,1.0,0.0,1.0,0.0,2.0,0.095,6.5600000000000005,8.055,2.0
C101689,Company_1689,Germany,Europe,1,Ecommerce,Nov-50,6368.76,Starter,SMB_Inside,Inbound,2023-08-15,,1,0.07,7.0,0,335.0,0.9970238095238096,336,111.0,0.3303571428571428,4370.489635081185,13.007409628217813,157,2150.22,178.0,2220.2696350811852,0.0,1.0,0.0,0.0,1.0,-0.51,11.31,46.73,1.0
C101690,Company_1690,Australia,North America,0,Logistics,10-Jan,2491.29,Starter,SMB_Field,SelfServe,2023-01-21,2023-04-22,0,0.06,6.7,1,0.0,0.0,366,0.0,0.0,0.0,0.0,0,0.0,0.0,0.0,0.0,0.0,1.0,0.0,1.0,0.28,11.14,16.15,1.0
C101691,Company_1691,UK,Europe,1,Manufacturing,1000+,331491.6,Growth,Enterprise,Inbound,2023-06-03,,1,0.6,3.5,0,1359.0,4.044642857142857,336,486.0,1.4464285714285714,9286.629177489463,27.638777313956737,730,5059.05,629.0,4227.579177489463,0.0,2.0,0.0,0.0,2.0,0.07,7.44,15.13,1.0
C101692,Company_1692,Spain,Europe,1,Healthcare,10-Jan,1364.83,Starter,SMB_Field,Inbound,2023-11-09,,1,0.34,4.6,0,359.0,1.068452380952381,336,125.0,0.3720238095238095,4649.4065377526895,13.83751945759729,193,2575.42,166.0,2073.98653775269,0.0,0.0,0.0,1.0,1.0,-0.15,2.97,12.58,1.0
C101693,Company_1693,Canada,North America,0,Unknown,10-Jan,1780.76,Growth,SMB_Inside,Inbound,2023-12-03,,1,0.1,2.6,0,1447.0,3.953551912568306,366,503.0,1.3743169398907105,9949.743244778212,27.18509083272735,723,5021.41,724.0,4928.333244778212,1.0,0.0,0.0,1.0,2.0,0.03,1.945,7.205,2.0
C101694,Company_1694,Spain,Europe,1,Unknown,10-Jan,2984.52,Starter,SMB_Inside,SelfServe,2024-01-02,2024-07-03,0,0.12,6.0,0,196.0,0.5833333333333334,336,66.0,0.1964285714285714,2521.3993811849714,7.504164824955272,194,2484.01,2.0,37.38938118497157,1.0,2.0,0.0,0.0,3.0,-0.1133333333333333,3.966666666666667,7.31,2.0
C101695,Company_1695,Canada,North America,0,Ecommerce,51-200,22397.53,Enterprise,MidMarket,SelfServe,2024-01-20,2025-01-20,0,0.06,8.8,0,3465.0,9.4672131147541,366,1223.0,3.341530054644809,10395.256231393476,28.402339430036815,1648,4986.63,1817.0,5408.626231393476,0.0,3.0,0.0,0.0,3.0,0.0466666666666666,1.7166666666666668,16.423333333333336,3.0
C101696,Company_1696,Netherlands,Europe,1,Logistics,10-Jan,1683.85,Growth,SMB_Inside,Partner,2024-01-05,,1,0.19,7.2,0,1274.0,3.7916666666666665,336,449.0,1.3363095238095235,8733.154997217884,25.99153272981513,663,4651.86,611.0,4081.294997217883,0.0,0.0,0.0,1.0,1.0,0.24,0.29,0.42,1.0
C101697,Company_1697,Spain,Europe,1,Retail,51-200,23877.73,Growth,MidMarket,Inbound,2024-02-16,2025-02-16,0,0.25,8.0,0,1203.0,3.580357142857143,336,423.0,1.2589285714285714,7904.327582142447,23.524784470662045,584,3753.55,619.0,4150.777582142447,2.0,0.0,0.0,0.0,2.0,-0.135,6.975,31.590000000000003,1.0
C101698,Company_1698,Netherlands,Europe,1,Hospitality,201-1000,114166.43,Enterprise,Enterprise,Outbound,2023-03-28,,1,0.09,6.4,0,3399.0,10.116071428571429,336,1199.0,3.568452380952381,10345.82273167256,30.791139082358807,1862,5647.26,1537.0,4698.562731672558,2.0,3.0,2.0,1.0,8.0,-0.0124999999999999,1.7475,12.3425,8.0
C101699,Company_1699,UK,Europe,1,Retail,51-200,33058.89,Enterprise,MidMarket,Outbound,2023-11-29,2024-11-29,0,0.09,6.0,0,3013.0,8.967261904761905,336,1062.0,3.1607142857142856,9280.602448999583,27.62084062202257,1832,5658.25,1181.0,3622.3524489995825,1.0,1.0,3.0,0.0,5.0,-0.024,2.7700000000000005,7.978,5.0
C101700,Company_1700,UK,Europe,1,Ecommerce,51-200,33126.87,Enterprise,MidMarket,Outbound,2023-02-09,,1,0.05,6.0,0,3413.0,10.157738095238097,336,1177.0,3.5029761904761907,10252.54521633771,30.51352742957652,1863,5489.0,1550.0,4763.545216337711,1.0,1.0,3.0,1.0,6.0,-0.0716666666666666,1.1849999999999998,7.77,5.0
C101701,Company_1701,US,North America,0,Unknown,10-Jan,1747.05,Starter,SMB_Inside,Outbound,2023-12-06,,1,0.11,8.8,0,386.0,1.0546448087431697,366,144.0,0.3934426229508196,5301.308331392085,14.48444899287455,196,2640.89,190.0,2660.4183313920853,0.0,0.0,0.0,0.0,0.0,0.0,0.0,0.0,0.0
C101702,Company_1702,Spain,Europe,1,Manufacturing,201-1000,120506.51,Growth,Enterprise,Partner,2023-12-03,2024-12-03,0,0.36,4.9,0,1237.0,3.681547619047619,336,468.0,1.3928571428571428,8484.628128379383,25.251869429700545,733,5079.94,504.0,3404.6881283793828,2.0,1.0,0.0,0.0,3.0,-0.1099999999999999,3.709999999999999,13.993333333333334,3.0
C101703,Company_1703,Spain,Europe,1,Ecommerce,10-Jan,2464.59,Starter,SMB_Inside,Inbound,2023-03-20,2024-03-20,0,0.15,6.0,1,78.0,0.2321428571428571,336,25.0,0.0744047619047619,1037.61,3.088125,78,1037.61,0.0,0.0,0.0,0.0,1.0,0.0,1.0,0.0,11.83,19.34,1.0
C101704,Company_1704,France,Europe,1,Wholesale,51-200,21364.3,Growth,MidMarket,Outbound,2023-04-17,,1,0.01,10.0,0,1329.0,3.955357142857143,336,456.0,1.3571428571428572,8915.283385865285,26.53358150555144,735,4775.09,594.0,4140.193385865285,0.0,1.0,2.0,0.0,3.0,0.3166666666666666,1.2033333333333334,15.203333333333331,3.0
C101705,Company_1705,UK,Europe,1,Logistics,Nov-50,4624.55,Growth,SMB_Inside,Outbound,2023-05-23,,1,0.13,8.0,0,1318.0,3.922619047619047,336,448.0,1.3333333333333333,9041.685948938302,26.909779609935423,700,4961.46,618.0,4080.2259489383023,0.0,0.0,0.0,1.0,1.0,-0.2,1.86,6.03,1.0
C101706,Company_1706,US,North America,0,Logistics,201-1000,60198.72,Growth,Enterprise,Partner,2023-03-01,2024-03-01,0,0.21,5.3,1,236.0,0.644808743169399,366,71.0,0.1939890710382513,1544.02,4.218633879781421,236,1544.02,0.0,0.0,0.0,0.0,1.0,0.0,1.0,0.26,2.19,3.91,1.0
C101707,Company_1707,US,North America,0,Unknown,10-Jan,1740.7,Starter,SMB_Field,Outbound,2024-02-11,2024-05-12,0,0.37,2.6,1,100.0,0.273224043715847,366,34.0,0.0928961748633879,1325.12,3.620546448087431,100,1325.12,0.0,0.0,0.0,0.0,0.0,0.0,0.0,0.0,0.0,0.0,0.0
C101708,Company_1708,Germany,Europe,1,Wholesale,10-Jan,1507.53,Starter,SMB_Inside,Partner,2023-09-08,2024-09-08,0,0.25,9.1,0,235.0,0.6994047619047619,336,78.0,0.2321428571428571,3195.7306160692456,9.511103024015611,170,2299.64,65.0,896.0906160692456,0.0,0.0,0.0,1.0,1.0,-0.21,5.14,9.52,1.0
C101709,Company_1709,UK,Europe,1,Professional Services,201-1000,109614.85,Enterprise,Enterprise,Inbound,2024-01-01,2025-01-01,0,0.18,5.8,0,3384.0,10.071428571428571,336,1223.0,3.639880952380953,9960.94307583486,29.645663916175177,1891,5261.39,1493.0,4699.55307583486,0.0,2.0,1.0,0.0,3.0,0.0233333333333333,3.9033333333333338,8.336666666666668,3.0
C101710,Company_1710,France,Europe,1,Hospitality,Nov-50,6787.36,Starter,SMB_Inside,Outbound,2023-04-15,,1,0.08,6.2,0,331.0,0.9851190476190476,336,111.0,0.3303571428571428,4391.124267323912,13.06882222417831,202,2493.96,129.0,1897.164267323912,0.0,0.0,0.0,0.0,0.0,0.0,0.0,0.0,0.0
C101711,Company_1711,Netherlands,Europe,1,Logistics,51-200,28957.73,Growth,MidMarket,Partner,2023-07-30,2024-07-30,0,0.23,3.2,0,887.0,2.639880952380953,336,308.0,0.9166666666666666,5855.573557953993,17.427302255815455,753,4934.0,134.0,921.5735579539931,0.0,1.0,1.0,1.0,3.0,0.04,5.666666666666667,10.826666666666668,3.0
C101712,Company_1712,US,North America,0,Ecommerce,10-Jan,2405.49,Starter,SMB_Field,Partner,2023-08-13,,1,0.52,8.3,0,386.0,1.0546448087431697,366,136.0,0.3715846994535519,5220.876032172374,14.264688612492824,209,2666.61,177.0,2554.266032172374,0.0,0.0,1.0,0.0,1.0,-0.11,4.25,4.77,1.0
C101713,Company_1713,Canada,North America,0,Logistics,10-Jan,1043.85,Starter,SMB_Field,Inbound,2023-05-23,2023-11-22,0,0.03,6.9,1,0.0,0.0,366,0.0,0.0,0.0,0.0,0,0.0,0.0,0.0,0.0,0.0,0.0,0.0,0.0,0.0,0.0,0.0,0.0
C101714,Company_1714,Spain,Europe,1,Manufacturing,51-200,10326.78,Growth,MidMarket,Partner,2024-01-04,2025-01-04,0,0.09,6.5,0,1391.0,4.1398809523809526,336,459.0,1.3660714285714286,8863.348645147855,26.379013824844805,722,4632.77,669.0,4230.578645147855,1.0,0.0,1.0,1.0,3.0,-0.0866666666666666,7.68,11.113333333333337,2.0
C101715,Company_1715,US,North America,0,Unknown,1000+,155054.74,Growth,Enterprise,Inbound,2024-02-04,2025-02-04,0,0.2,6.3,0,1285.0,3.510928961748634,366,463.0,1.2650273224043715,8606.333397392136,23.51457212402223,576,3769.22,709.0,4837.113397392136,0.0,1.0,0.0,0.0,1.0,-0.34,0.9,13.21,1.0
C101716,Company_1716,UK,Europe,1,Logistics,10-Jan,2955.8,Starter,SMB_Inside,SelfServe,2023-10-27,,1,0.09,5.2,0,358.0,1.0654761904761905,336,116.0,0.3452380952380952,4900.0160229277335,14.583381020618257,181,2613.63,177.0,2286.386022927733,0.0,0.0,1.0,0.0,1.0,0.26,6.34,12.14,1.0
C101717,Company_1717,Canada,North America,0,Logistics,Nov-50,3676.56,Enterprise,SMB_Inside,Partner,2024-03-10,2025-03-11,0,0.24,6.5,0,2892.0,7.901639344262295,366,985.0,2.691256830601093,8909.36790222156,24.342535251971476,1141,3386.09,1751.0,5523.27790222156,0.0,2.0,0.0,2.0,4.0,-0.1225,1.8725,13.0475,4.0
C101718,Company_1718,Spain,Europe,1,Wholesale,201-1000,69457.56,Enterprise,Enterprise,Inbound,2023-07-04,2024-07-04,0,0.19,6.9,0,1854.0,5.517857142857143,336,621.0,1.8482142857142856,5582.188188942144,16.61365532423257,1817,5490.19,37.0,91.99818894214349,2.0,2.0,4.0,0.0,8.0,-0.1875,1.3262500000000002,8.72875,6.0
C101719,Company_1719,Netherlands,Europe,1,Unknown,1000+,375558.33,Growth,Enterprise,Outbound,2023-01-05,,1,0.17,6.0,0,1334.0,3.9702380952380953,336,448.0,1.3333333333333333,9039.774523847604,26.90409084478454,705,4889.71,629.0,4150.0645238476045,1.0,1.0,0.0,0.0,2.0,-0.035,1.405,21.895,1.0
C101720,Company_1720,France,Europe,1,Logistics,Nov-50,6210.48,Growth,SMB_Inside,SelfServe,2023-04-26,,1,0.01,5.6,0,1331.0,3.961309523809524,336,446.0,1.3273809523809523,9143.4672032237,27.212700009594343,721,4962.36,610.0,4181.107203223699,0.0,0.0,1.0,0.0,1.0,0.18,5.49,5.77,1.0
C101721,Company_1721,Germany,Europe,1,Professional Services,10-Jan,2876.4,Growth,SMB_Inside,Outbound,2023-10-05,2024-10-05,0,0.5,4.0,0,988.0,2.9404761904761907,336,340.0,1.011904761904762,6402.563272102808,19.05524783363931,705,4674.76,283.0,1727.803272102808,2.0,1.0,0.0,3.0,6.0,-0.1149999999999999,0.99,5.881666666666667,5.0
C101722,Company_1722,Australia,North America,0,Healthcare,10-Jan,1058.73,Starter,SMB_Inside,SelfServe,2023-01-12,2024-01-13,0,0.09,5.4,1,11.0,0.0300546448087431,366,2.0,0.0054644808743169,193.84,0.5296174863387978,11,193.84,0.0,0.0,0.0,0.0,0.0,0.0,0.0,0.0,0.0,0.0,0.0
C101723,Company_1723,Germany,Europe,1,Unknown,10-Jan,2150.74,Starter,SMB_Inside,Outbound,2023-05-08,2023-11-07,0,0.14,4.7,1,0.0,0.0,336,0.0,0.0,0.0,0.0,0,0.0,0.0,0.0,0.0,0.0,1.0,0.0,1.0,-0.05,4.78,5.08,1.0
C101724,Company_1724,UK,Europe,1,Logistics,51-200,14725.82,Enterprise,MidMarket,Partner,2024-02-01,2025-02-01,0,0.06,5.5,0,3033.0,9.026785714285714,336,1069.0,3.181547619047619,8989.198177993765,26.753566005933823,1485,4455.8,1548.0,4533.398177993766,1.0,2.0,1.0,4.0,8.0,0.0825,2.1925,11.90375,8.0
C101725,Company_1725,Netherlands,Europe,1,Wholesale,1000+,459839.86,Enterprise,Enterprise,Partner,2023-09-13,,1,0.19,2.8,0,3444.0,10.25,336,1263.0,3.758928571428571,10021.167866901182,29.824904365777325,1923,5320.21,1521.0,4700.957866901183,2.0,2.0,1.0,0.0,5.0,0.1699999999999999,2.88,8.676,3.0
C101726,Company_1726,Spain,Europe,1,Unknown,10-Jan,1378.34,Starter,SMB_Inside,Partner,2023-06-23,,1,0.14,5.4,0,361.0,1.074404761904762,336,116.0,0.3452380952380952,4611.604686641686,13.725013948338352,194,2597.89,167.0,2013.714686641686,0.0,1.0,0.0,0.0,1.0,-0.2,0.6,2.19,1.0
C101727,Company_1727,Australia,North America,0,Unknown,10-Jan,2958.85,Growth,SMB_Inside,SelfServe,2024-02-23,2024-08-24,0,0.33,4.4,0,724.0,1.978142076502732,366,237.0,0.6475409836065574,5006.259048553978,13.678303411349663,528,3583.47,196.0,1422.7890485539772,1.0,4.0,0.0,0.0,5.0,-0.0239999999999999,12.484,21.024,4.0
C101728,Company_1728,France,Europe,1,Healthcare,10-Jan,2943.6,Starter,SMB_Inside,Inbound,2023-08-07,2024-02-06,0,0.32,3.1,1,37.0,0.1101190476190476,336,13.0,0.0386904761904761,555.54,1.653392857142857,37,555.54,0.0,0.0,0.0,0.0,0.0,0.0,0.0,0.0,0.0,0.0,0.0
C101729,Company_1729,Canada,North America,0,Unknown,Nov-50,4257.05,Growth,SMB_Inside,Partner,2023-11-10,2024-11-10,0,0.35,6.7,0,1217.0,3.3251366120218577,366,412.0,1.1256830601092895,7962.438744805181,21.755297116954047,696,4594.22,521.0,3368.218744805181,1.0,1.0,0.0,0.0,2.0,-0.305,6.12,13.62,2.0
C101730,Company_1730,France,Europe,1,Logistics,10-Jan,2585.1,Starter,SMB_Field,Inbound,2024-02-28,2025-02-28,0,0.43,6.6,0,298.0,0.8869047619047619,336,94.0,0.2797619047619047,3923.660622195721,11.677561375582505,128,1745.55,170.0,2178.1106221957207,0.0,0.0,1.0,0.0,1.0,0.08,3.81,11.55,1.0
C101731,Company_1731,Canada,North America,0,Healthcare,Nov-50,7817.31,Starter,SMB_Inside,SelfServe,2023-07-08,2024-07-08,0,0.23,5.1,0,178.0,0.4863387978142076,366,56.0,0.1530054644808743,2460.559157250322,6.722839227459897,172,2384.85,6.0,75.70915725032233,0.0,0.0,0.0,0.0,0.0,0.0,0.0,0.0,0.0
C101732,Company_1732,Canada,North America,0,Unknown,Nov-50,7598.63,Enterprise,SMB_Inside,Inbound,2023-01-04,,1,0.2,5.2,0,3721.0,10.166666666666666,366,1292.0,3.530054644808743,10897.05561894288,29.773376008040653,1848,5358.12,1873.0,5538.935618942879,2.0,1.0,2.0,0.0,5.0,0.24,1.552,8.338,5.0
C101733,Company_1733,Netherlands,Europe,1,Retail,51-200,20155.41,Enterprise,MidMarket,Partner,2023-06-24,,1,0.13,4.7,0,3370.0,10.029761904761903,336,1215.0,3.616071428571429,9994.184833714538,29.74459771938851,1848,5423.39,1522.0,4570.794833714539,0.0,2.0,2.0,1.0,5.0,0.3319999999999999,1.252,9.732,5.0
C101734,Company_1734,Germany,Europe,1,Unknown,Nov-50,7891.44,Starter,SMB_Inside,Outbound,2023-05-10,,1,0.24,6.0,0,315.0,0.9375,336,115.0,0.3422619047619047,4343.314624820064,12.926531621488284,177,2314.45,138.0,2028.8646248200637,0.0,0.0,2.0,0.0,2.0,-0.1699999999999999,5.415,7.345,2.0
C101735,Company_1735,Netherlands,Europe,1,Wholesale,10-Jan,1585.17,Starter,SMB_Field,Inbound,2023-05-30,,1,0.1,6.7,0,326.0,0.9702380952380952,336,131.0,0.3898809523809524,4528.712463796703,13.478310904156851,175,2445.84,151.0,2082.8724637967025,1.0,0.0,0.0,0.0,1.0,-0.21,4.89,16.6,1.0
C101736,Company_1736,Netherlands,Europe,1,Unknown,51-200,24255.67,Growth,MidMarket,Partner,2023-08-22,2024-08-22,0,0.34,6.8,0,987.0,2.9375,336,358.0,1.0654761904761905,6415.920434334368,19.09500129266181,770,4887.42,217.0,1528.5004343343685,0.0,0.0,2.0,0.0,2.0,0.0049999999999999,11.38,13.954999999999998,2.0
C101737,Company_1737,US,North America,0,Unknown,Nov-50,8725.87,Growth,SMB_Field,Outbound,2023-09-04,,1,0.15,6.8,0,1444.0,3.9453551912568305,366,542.0,1.4808743169398908,9893.979298549171,27.03273032390484,704,4748.01,740.0,5145.969298549171,1.0,0.0,0.0,1.0,2.0,-0.24,2.515,16.134999999999998,2.0
C101738,Company_1738,UK,Europe,1,Ecommerce,10-Jan,1427.03,Growth,SMB_Field,SelfServe,2024-03-09,,1,0.08,6.4,0,1100.0,3.2738095238095237,336,367.0,1.0922619047619049,7118.219928126387,21.185178357519007,445,3046.3,655.0,4071.9199281263864,1.0,0.0,1.0,0.0,2.0,0.005,1.89,2.8150000000000004,2.0
C101739,Company_1739,Australia,North America,0,Professional Services,10-Jan,2626.91,Growth,SMB_Inside,Outbound,2023-03-24,,1,0.1,8.0,0,1431.0,3.9098360655737703,366,526.0,1.4371584699453552,9995.87112822565,27.31112330116298,710,4980.8,721.0,5015.071128225649,0.0,0.0,0.0,0.0,0.0,0.0,0.0,0.0,0.0
C101740,Company_1740,Spain,Europe,1,Healthcare,1000+,177061.58,Growth,Enterprise,Inbound,2023-04-07,,1,0.36,5.5,0,1310.0,3.898809523809524,336,486.0,1.4464285714285714,8857.890912784627,26.362770573763772,741,4989.24,569.0,3868.6509127846266,0.0,0.0,1.0,2.0,3.0,-0.2733333333333334,16.343333333333334,23.576666666666668,3.0
C101741,Company_1741,France,Europe,1,Unknown,10-Jan,1811.92,Starter,SMB_Inside,Outbound,2023-05-24,,1,0.24,4.1,0,316.0,0.9404761904761904,336,97.0,0.2886904761904761,4455.960379646337,13.261786844185528,169,2391.71,147.0,2064.250379646337,0.0,0.0,0.0,1.0,1.0,-0.04,1.8,4.32,1.0
C101742,Company_1742,UK,Europe,1,Manufacturing,1000+,216579.34,Enterprise,Enterprise,Outbound,2024-03-25,2025-03-26,0,0.24,5.8,0,2548.0,7.583333333333333,336,899.0,2.675595238095238,7445.625208463097,22.1595988347116,994,2992.66,1554.0,4452.965208463097,6.0,1.0,2.0,3.0,12.0,-0.0291666666666666,3.220833333333333,11.1725,11.0
C101743,Company_1743,Netherlands,Europe,1,Wholesale,10-Jan,1760.86,Starter,SMB_Field,Inbound,2024-01-08,2025-01-08,0,0.27,6.0,0,330.0,0.9821428571428572,336,110.0,0.3273809523809524,4541.550666110407,13.516519839614308,174,2456.6,156.0,2084.950666110408,0.0,0.0,0.0,0.0,0.0,0.0,0.0,0.0,0.0
C101744,Company_1744,Canada,North America,0,Ecommerce,51-200,39022.79,Growth,MidMarket,Partner,2023-05-24,,1,0.23,7.6,0,1381.0,3.773224043715847,366,480.0,1.3114754098360657,9782.87419891705,26.72916447791544,680,4836.94,701.0,4945.934198917051,0.0,1.0,0.0,1.0,2.0,-0.07,6.135,17.34,2.0
C101745,Company_1745,Spain,Europe,1,Unknown,Nov-50,8258.17,Starter,SMB_Inside,SelfServe,2023-03-18,,1,0.13,7.6,0,355.0,1.056547619047619,336,138.0,0.4107142857142857,4883.523074644528,14.534294865013475,192,2696.95,163.0,2186.5730746445274,0.0,0.0,1.0,1.0,2.0,0.0249999999999999,2.11,6.84,1.0
C101746,Company_1746,Spain,Europe,1,Manufacturing,10-Jan,2227.61,Starter,SMB_Inside,Partner,2024-04-01,2024-07-01,0,0.49,7.0,0,91.0,0.2708333333333333,336,34.0,0.1011904761904761,1246.682874469259,3.710365697825176,90,1237.53,1.0,9.152874469259116,0.0,0.0,0.0,0.0,0.0,0.0,0.0,0.0,0.0
C101747,Company_1747,US,North America,0,Wholesale,10-Jan,2899.57,Starter,SMB_Field,SelfServe,2024-01-09,2024-07-10,0,0.21,3.8,0,173.0,0.4726775956284153,366,52.0,0.1420765027322404,2222.8404531791057,6.073334571527611,170,2103.58,3.0,119.26045317910564,1.0,0.0,1.0,0.0,2.0,0.04,3.75,18.145,2.0
C101748,Company_1748,Australia,North America,0,Professional Services,Nov-50,9504.2,Growth,SMB_Field,Partner,2023-10-20,2024-10-20,0,0.35,5.2,0,1170.0,3.19672131147541,366,385.0,1.0519125683060109,7765.661240356815,21.217653662177092,706,4733.06,464.0,3032.6012403568157,0.0,0.0,0.0,0.0,0.0,0.0,0.0,0.0,0.0
C101749,Company_1749,US,North America,0,Professional Services,201-1000,118402.8,Starter,Enterprise,Partner,2024-03-22,2024-09-21,0,0.32,6.8,0,192.0,0.5245901639344263,366,68.0,0.1857923497267759,2448.58355366306,6.690118999079398,97,1204.97,95.0,1243.6135536630595,0.0,1.0,1.0,0.0,2.0,0.045,2.24,2.775,2.0
C101750,Company_1750,Spain,Europe,1,Retail,10-Jan,2995.01,Starter,SMB_Field,SelfServe,2023-11-17,,1,0.2,6.6,0,331.0,0.9851190476190476,336,113.0,0.3363095238095238,4561.707373756496,13.576510040941953,192,2413.81,139.0,2147.8973737564957,0.0,0.0,0.0,0.0,0.0,0.0,0.0,0.0,0.0
C101751,Company_1751,US,North America,0,Hospitality,51-200,22312.48,Enterprise,MidMarket,SelfServe,2023-01-27,2024-01-28,0,0.44,4.9,1,265.0,0.7240437158469946,366,97.0,0.2650273224043716,846.69,2.313360655737705,265,846.69,0.0,0.0,2.0,1.0,2.0,1.0,6.0,-0.2066666666666666,1.2066666666666666,7.405,6.0
C101752,Company_1752,Germany,Europe,1,Unknown,10-Jan,2467.32,Growth,SMB_Inside,Outbound,2023-11-25,2024-02-24,0,0.09,6.3,1,198.0,0.5892857142857143,336,80.0,0.238095238095238,1393.63,4.147708333333333,198,1393.63,0.0,0.0,2.0,0.0,0.0,0.0,2.0,-0.15,4.140000000000001,18.21,1.0
C101753,Company_1753,Spain,Europe,1,Ecommerce,10-Jan,2238.69,Growth,SMB_Inside,SelfServe,2023-03-17,,1,0.35,7.7,0,1375.0,4.092261904761905,336,490.0,1.4583333333333333,8923.478725867531,26.557972398415274,725,4786.88,650.0,4136.598725867532,2.0,1.0,0.0,1.0,4.0,0.0,7.407500000000001,21.84,4.0
C101754,Company_1754,UK,Europe,1,Unknown,201-1000,142406.16,Enterprise,Enterprise,Outbound,2023-09-07,2024-09-07,0,0.31,7.9,0,2476.0,7.369047619047619,336,857.0,2.550595238095238,7266.61515912479,21.62683083072854,1890,5359.96,586.0,1906.6551591247896,2.0,0.0,1.0,1.0,4.0,-0.155,0.8675,9.43,4.0
C101755,Company_1755,Netherlands,Europe,1,Unknown,10-Jan,2923.57,Starter,SMB_Field,SelfServe,2023-10-31,,1,0.3,5.4,0,362.0,1.0773809523809523,336,119.0,0.3541666666666667,4649.045707368507,13.836445557644364,208,2507.65,154.0,2141.3957073685065,0.0,1.0,0.0,0.0,1.0,-0.06,4.19,28.85,1.0
C101756,Company_1756,Spain,Europe,1,Unknown,51-200,20106.08,Growth,MidMarket,SelfServe,2024-02-10,2025-02-10,0,0.09,6.4,0,1143.0,3.4017857142857144,336,395.0,1.175595238095238,7831.815427468881,23.30897448651453,559,3877.17,584.0,3954.6454274688817,0.0,0.0,0.0,2.0,2.0,0.25,5.825,16.665,2.0
C101757,Company_1757,UK,Europe,1,Manufacturing,51-200,13208.08,Enterprise,MidMarket,Partner,2023-12-30,2024-12-30,0,0.36,3.2,0,3340.0,9.94047619047619,336,1143.0,3.4017857142857144,10194.472375004592,30.340691592275572,1827,5477.79,1513.0,4716.682375004592,1.0,2.0,1.0,1.0,5.0,-0.216,2.198,9.306,4.0
C101758,Company_1758,France,Europe,1,Ecommerce,10-Jan,1100.8,Starter,SMB_Field,SelfServe,2024-01-14,2024-07-15,0,0.07,4.4,0,187.0,0.5565476190476191,336,68.0,0.2023809523809523,2472.646589770204,7.359067231458941,171,2274.81,16.0,197.83658977020417,0.0,0.0,0.0,0.0,0.0,0.0,0.0,0.0,0.0
C101759,Company_1759,Germany,Europe,1,Unknown,51-200,22069.34,Growth,MidMarket,SelfServe,2023-04-01,,1,0.13,3.7,0,1373.0,4.086309523809524,336,493.0,1.4672619047619049,8969.881378215696,26.696075530403856,731,4854.46,642.0,4115.421378215696,0.0,1.0,1.0,0.0,2.0,-0.06,1.055,7.534999999999999,2.0
C101760,Company_1760,Netherlands,Europe,1,Ecommerce,Nov-50,5223.62,Growth,SMB_Inside,SelfServe,2024-03-28,2025-03-29,0,0.06,5.4,0,957.0,2.8482142857142856,336,340.0,1.011904761904762,6620.7839804699215,19.70471422758905,355,2574.09,602.0,4046.693980469922,0.0,0.0,0.0,0.0,0.0,0.0,0.0,0.0,0.0
C101761,Company_1761,Australia,North America,0,Manufacturing,Nov-50,7690.75,Growth,SMB_Field,Outbound,2023-11-16,2024-11-16,0,0.33,5.2,0,1266.0,3.459016393442623,366,464.0,1.26775956284153,8448.168977916806,23.08242890141204,700,4736.93,566.0,3711.238977916807,2.0,0.0,0.0,0.0,2.0,0.14,5.565,22.44,2.0
C101762,Company_1762,France,Europe,1,Unknown,51-200,22906.0,Starter,MidMarket,Inbound,2023-06-21,,1,0.21,5.9,0,357.0,1.0625,336,118.0,0.3511904761904761,4851.557925947388,14.439160493891036,192,2516.85,165.0,2334.707925947388,0.0,1.0,0.0,1.0,2.0,0.4,0.7,4.525,1.0
C101763,Company_1763,UK,Europe,1,Unknown,10-Jan,1473.54,Growth,SMB_Inside,Outbound,2023-11-01,2024-05-02,0,0.13,8.2,1,500.0,1.488095238095238,336,194.0,0.5773809523809523,3403.39,10.129136904761904,500,3403.39,0.0,0.0,1.0,0.0,0.0,1.0,2.0,-0.115,3.25,19.145,1.0
C101764,Company_1764,Australia,North America,0,Logistics,10-Jan,2153.07,Starter,SMB_Inside,Inbound,2023-02-17,,1,0.11,4.7,0,371.0,1.0136612021857925,366,122.0,0.3333333333333333,5174.581513162333,14.13820085563479,201,2531.79,170.0,2642.7915131623336,1.0,0.0,1.0,0.0,2.0,0.265,3.115,7.945,2.0
C101765,Company_1765,Netherlands,Europe,1,Healthcare,Nov-50,7127.79,Growth,SMB_Field,SelfServe,2023-02-25,,1,0.24,4.8,0,1399.0,4.163690476190476,336,494.0,1.4702380952380951,9193.60900655176,27.361931567118333,753,4969.38,646.0,4224.229006551761,0.0,0.0,1.0,3.0,4.0,0.135,2.7624999999999997,8.4525,4.0
C101766,Company_1766,US,North America,0,Retail,10-Jan,1651.67,Starter,SMB_Inside,Inbound,2023-11-29,2024-11-29,0,0.21,7.6,0,325.0,0.8879781420765027,366,100.0,0.273224043715847,4427.966600436478,12.098269400099667,180,2284.05,145.0,2143.9166004364783,0.0,0.0,0.0,0.0,0.0,0.0,0.0,0.0,0.0
C101767,Company_1767,Canada,North America,0,Unknown,1000+,186312.56,Enterprise,Enterprise,Outbound,2023-11-11,2024-11-11,0,0.12,6.3,0,3154.0,8.617486338797814,366,1101.0,3.0081967213114753,9633.211003903883,26.32024864454613,1797,5446.99,1357.0,4186.221003903883,0.0,1.0,1.0,0.0,2.0,0.325,0.485,3.955,2.0
C101768,Company_1768,France,Europe,1,Unknown,10-Jan,2952.54,Growth,SMB_Inside,Outbound,2023-01-07,,1,0.06,6.6,0,1300.0,3.869047619047619,336,459.0,1.3660714285714286,8793.916704652565,26.172371144799303,678,4673.86,622.0,4120.056704652565,2.0,1.0,1.0,1.0,5.0,-0.262,4.497999999999999,18.982,4.0
C101769,Company_1769,Germany,Europe,1,Retail,51-200,19634.17,Enterprise,MidMarket,Partner,2023-04-21,,1,0.39,5.1,0,3401.0,10.12202380952381,336,1163.0,3.4613095238095237,10049.89002705628,29.910386985286543,1865,5563.76,1536.0,4486.13002705628,0.0,1.0,1.0,1.0,3.0,-0.2566666666666666,2.4766666666666666,9.026666666666666,2.0
C101770,Company_1770,US,North America,0,Logistics,Nov-50,6268.71,Growth,SMB_Inside,Partner,2023-04-08,2024-04-08,0,0.13,5.8,1,391.0,1.0683060109289615,366,143.0,0.3907103825136612,2652.88,7.248306010928962,391,2652.88,0.0,0.0,1.0,0.0,1.0,1.0,3.0,-0.21,5.19,13.996666666666668,3.0
C101771,Company_1771,France,Europe,1,Unknown,201-1000,51032.67,Enterprise,Enterprise,Outbound,2023-12-27,2024-12-27,0,0.35,7.8,0,3332.0,9.916666666666666,336,1143.0,3.4017857142857144,9931.860567742458,29.55910883256684,1801,5502.3,1531.0,4429.560567742458,2.0,1.0,2.0,2.0,7.0,-0.1257142857142857,2.3242857142857143,6.4557142857142855,7.0
C101772,Company_1772,US,North America,0,Manufacturing,201-1000,139056.17,Starter,Enterprise,Outbound,2023-03-11,,1,0.01,7.9,0,396.0,1.0819672131147542,366,117.0,0.319672131147541,5164.600314923969,14.110929822196637,201,2572.73,195.0,2591.870314923968,0.0,0.0,0.0,0.0,0.0,0.0,0.0,0.0,0.0
C101773,Company_1773,Spain,Europe,1,Wholesale,51-200,37127.99,Enterprise,MidMarket,Outbound,2023-05-31,,1,0.43,6.9,0,3375.0,10.044642857142858,336,1236.0,3.678571428571429,9919.29252399965,29.521703940475145,1754,5475.89,1621.0,4443.402523999649,1.0,0.0,0.0,0.0,1.0,-0.29,0.5,5.64,1.0
C101774,Company_1774,Germany,Europe,1,Ecommerce,1000+,325731.62,Enterprise,Enterprise,Inbound,2023-04-30,,1,0.24,6.7,0,3350.0,9.970238095238097,336,1173.0,3.4910714285714284,10063.825004147851,29.95186013139242,1838,5439.6,1512.0,4624.225004147853,2.0,2.0,3.0,1.0,8.0,0.145,1.31625,10.59125,7.0
C101775,Company_1775,Netherlands,Europe,1,Manufacturing,10-Jan,2378.36,Starter,SMB_Inside,Inbound,2023-06-23,,1,0.51,5.6,0,306.0,0.9107142857142856,336,87.0,0.2589285714285714,4433.140560451565,13.193870715629656,173,2616.54,133.0,1816.600560451565,0.0,0.0,0.0,0.0,0.0,0.0,0.0,0.0,0.0
C101776,Company_1776,UK,Europe,1,Logistics,10-Jan,2259.69,Starter,SMB_Inside,Partner,2023-02-24,,1,0.16,6.2,0,327.0,0.9732142857142856,336,113.0,0.3363095238095238,4800.997895344601,14.288684212335122,165,2578.56,162.0,2222.4378953446007,1.0,0.0,1.0,0.0,2.0,-0.04,9.575,29.315,1.0
C101777,Company_1777,US,North America,0,Professional Services,10-Jan,2420.55,Starter,SMB_Inside,Partner,2023-10-06,,1,0.05,4.8,0,351.0,0.9590163934426228,366,114.0,0.3114754098360656,5075.736219886514,13.868131748323808,188,2626.78,163.0,2448.9562198865137,0.0,0.0,0.0,0.0,0.0,0.0,0.0,0.0,0.0
C101778,Company_1778,Australia,North America,0,Logistics,51-200,22065.11,Enterprise,MidMarket,Partner,2023-12-04,2024-12-04,0,0.2,7.8,0,3460.0,9.453551912568306,366,1198.0,3.273224043715847,9941.052783297346,27.161346402451763,1864,5183.89,1596.0,4757.162783297345,2.0,2.0,1.0,0.0,5.0,-0.076,1.042,12.038,5.0
C101779,Company_1779,Germany,Europe,1,Hospitality,51-200,14256.0,Enterprise,MidMarket,SelfServe,2023-08-12,2024-08-12,0,0.19,7.8,0,2204.0,6.559523809523809,336,748.0,2.2261904761904763,6601.895091311692,19.648497295570515,1800,5279.13,404.0,1322.7650913116925,1.0,1.0,4.0,3.0,9.0,0.0388888888888888,2.9566666666666666,7.613333333333333,8.0
C101780,Company_1780,Australia,North America,0,Unknown,10-Jan,2214.99,Starter,SMB_Inside,Outbound,2023-02-01,2023-08-03,0,0.14,5.9,1,0.0,0.0,366,0.0,0.0,0.0,0.0,0,0.0,0.0,0.0,0.0,0.0,0.0,0.0,0.0,0.0,0.0,0.0,0.0
C101781,Company_1781,France,Europe,1,Manufacturing,201-1000,101235.96,Growth,Enterprise,Outbound,2024-01-08,2025-01-08,0,0.1,5.8,0,1307.0,3.889880952380953,336,461.0,1.3720238095238095,8665.917925528262,25.79142239740554,657,4594.83,650.0,4071.0879255282616,2.0,0.0,1.0,2.0,5.0,0.146,5.642,9.084,5.0
C101782,Company_1782,Australia,North America,0,Logistics,51-200,13011.0,Growth,MidMarket,Inbound,2023-08-15,2024-02-14,0,0.29,2.8,1,200.0,0.546448087431694,366,60.0,0.1639344262295081,1364.31,3.727622950819672,200,1364.31,0.0,0.0,1.0,0.0,0.0,1.0,2.0,0.26,2.265,9.965,2.0
C101783,Company_1783,Germany,Europe,1,Healthcare,Nov-50,7390.57,Starter,SMB_Field,Inbound,2024-03-09,2025-03-10,0,0.2,5.1,0,277.0,0.8244047619047619,336,89.0,0.2648809523809524,3647.235104465414,10.854866382337542,132,1671.47,145.0,1975.7651044654144,1.0,0.0,0.0,0.0,1.0,0.43,9.06,15.58,0.0
C101784,Company_1784,Canada,North America,0,Retail,Nov-50,7959.8,Enterprise,SMB_Field,Partner,2023-01-03,,1,0.05,5.3,0,3718.0,10.158469945355192,366,1292.0,3.530054644808743,10931.316351588464,29.866984567181593,1813,5462.59,1905.0,5468.726351588463,2.0,0.0,2.0,2.0,6.0,-0.0266666666666666,1.7866666666666668,10.096666666666666,6.0
C101785,Company_1785,Germany,Europe,1,Wholesale,Nov-50,4017.71,Starter,SMB_Inside,Inbound,2023-09-30,,1,0.23,6.1,0,337.0,1.0029761904761905,336,120.0,0.3571428571428571,4480.892095259188,13.335988378747585,180,2388.21,157.0,2092.6820952591875,0.0,0.0,0.0,0.0,0.0,0.0,0.0,0.0,0.0
C101786,Company_1786,Australia,North America,0,Retail,10-Jan,1541.3,Starter,SMB_Inside,Outbound,2023-03-31,,1,0.18,8.9,0,378.0,1.0327868852459017,366,142.0,0.3879781420765027,5080.259306281966,13.880489907874225,203,2684.55,175.0,2395.7093062819663,0.0,0.0,1.0,0.0,1.0,-0.45,4.43,8.39,1.0
C101787,Company_1787,Netherlands,Europe,1,Unknown,201-1000,80437.76,Enterprise,Enterprise,SelfServe,2024-01-25,2025-01-25,0,0.53,4.6,0,3116.0,9.273809523809524,336,1084.0,3.2261904761904763,9340.713559393778,27.799742736291005,1592,4836.94,1524.0,4503.773559393778,1.0,0.0,4.0,1.0,6.0,-0.075,1.6566666666666665,12.346666666666666,5.0
C101788,Company_1788,Netherlands,Europe,1,Healthcare,51-200,39414.61,Growth,MidMarket,SelfServe,2024-01-03,2025-01-03,0,0.0,3.6,0,1237.0,3.681547619047619,336,423.0,1.2589285714285714,8426.21230869282,25.078012823490536,646,4496.15,591.0,3930.0623086928217,0.0,0.0,3.0,0.0,3.0,1.8503717077085938e-17,7.066666666666666,10.52,3.0
C101789,Company_1789,Canada,North America,0,Wholesale,10-Jan,2133.86,Starter,SMB_Inside,Inbound,2023-07-13,,1,0.09,5.9,0,394.0,1.0765027322404372,366,123.0,0.3360655737704918,5322.26075463135,14.541696050905328,195,2743.02,199.0,2579.24075463135,0.0,0.0,0.0,1.0,1.0,0.05,1.98,4.22,1.0
C101790,Company_1790,Australia,North America,0,Manufacturing,51-200,26772.03,Enterprise,MidMarket,Inbound,2023-09-04,2024-09-04,0,0.39,5.8,0,2557.0,6.9863387978142075,366,873.0,2.3852459016393444,7518.769675442792,20.543086544925664,1877,5522.43,680.0,1996.339675442793,0.0,1.0,2.0,0.0,3.0,0.2233333333333333,2.376666666666667,7.12,3.0
C101791,Company_1791,US,North America,0,Unknown,201-1000,146955.12,Growth,Enterprise,Outbound,2023-10-04,2024-10-04,0,0.03,6.4,0,1137.0,3.1065573770491803,366,411.0,1.1229508196721312,7433.908099649082,20.3112243159811,745,4708.12,392.0,2725.788099649082,0.0,1.0,1.0,0.0,2.0,-0.03,5.475,12.32,1.0
C101792,Company_1792,Canada,North America,0,Unknown,Nov-50,6593.02,Growth,SMB_Inside,Outbound,2024-03-13,2025-03-14,0,0.05,7.1,0,1177.0,3.2158469945355193,366,422.0,1.1530054644808745,7923.558454103324,21.649066814489956,426,2769.9,751.0,5153.658454103324,0.0,1.0,1.0,0.0,2.0,0.15,2.285,13.53,2.0
C101793,Company_1793,UK,Europe,1,Healthcare,10-Jan,2283.78,Starter,SMB_Inside,Inbound,2023-08-25,,1,0.16,6.8,0,320.0,0.9523809523809524,336,112.0,0.3333333333333333,4882.7590210090475,14.53202089586026,168,2722.51,152.0,2160.2490210090473,0.0,0.0,0.0,0.0,0.0,0.0,0.0,0.0,0.0
C101794,Company_1794,US,North America,0,Unknown,10-Jan,1827.25,Growth,SMB_Field,SelfServe,2023-02-17,,1,0.1,6.5,0,1464.0,4.0,366,505.0,1.3797814207650274,9870.904805094202,26.969685259820224,718,4877.22,746.0,4993.684805094202,1.0,2.0,0.0,0.0,3.0,-0.0533333333333333,2.1666666666666665,12.223333333333334,3.0
C101795,Company_1795,Germany,Europe,1,Unknown,51-200,36286.83,Growth,MidMarket,Outbound,2023-02-28,,1,0.12,7.2,0,1317.0,3.919642857142857,336,451.0,1.3422619047619049,8799.682710915591,26.189531877724978,723,4773.83,594.0,4025.852710915592,0.0,1.0,1.0,2.0,4.0,-0.0375,4.1175,16.43,2.0
C101796,Company_1796,US,North America,0,Unknown,10-Jan,2669.1,Starter,SMB_Inside,Partner,2023-07-14,2023-10-13,0,0.25,7.7,1,0.0,0.0,366,0.0,0.0,0.0,0.0,0,0.0,0.0,0.0,0.0,0.0,0.0,0.0,0.0,0.0,0.0,0.0,0.0
C101797,Company_1797,Spain,Europe,1,Unknown,201-1000,142808.29,Enterprise,Enterprise,Partner,2023-02-11,,1,0.3,7.3,0,3428.0,10.202380952380953,336,1203.0,3.580357142857143,10086.18935533256,30.018420700394525,1836,5456.97,1592.0,4629.219355332561,0.0,0.0,1.0,0.0,1.0,0.26,0.67,4.34,1.0
C101798,Company_1798,UK,Europe,1,Professional Services,Nov-50,7388.92,Growth,SMB_Inside,Outbound,2023-04-25,,1,0.17,9.5,0,1291.0,3.8422619047619047,336,433.0,1.2886904761904765,9078.129719758368,27.01824321356657,685,4985.2,606.0,4092.9297197583674,1.0,2.0,0.0,1.0,4.0,-0.055,7.015000000000001,14.155,4.0
C101799,Company_1799,Netherlands,Europe,1,Unknown,51-200,25228.31,Growth,MidMarket,Inbound,2024-01-24,2025-01-24,0,0.21,5.2,0,1265.0,3.764880952380953,336,444.0,1.3214285714285714,8318.223952116408,24.75661890510836,618,4109.6,647.0,4208.623952116408,1.0,0.0,0.0,1.0,2.0,-0.03,1.46,8.309999999999999,2.0
C101800,Company_1800,Australia,North America,0,Professional Services,Nov-50,6526.19,Growth,SMB_Field,Partner,2023-07-20,,1,0.33,7.8,0,1536.0,4.19672131147541,366,548.0,1.4972677595628416,9876.64292716458,26.98536318897426,744,4733.23,792.0,5143.412927164579,0.0,1.0,0.0,1.0,2.0,-0.28,6.605,8.64,2.0
C101801,Company_1801,Australia,North America,0,Healthcare,10-Jan,1015.35,Growth,SMB_Inside,Outbound,2023-01-26,,1,0.25,5.1,0,1519.0,4.1502732240437155,366,546.0,1.4918032786885247,9979.522234096448,27.26645419152035,785,4929.97,734.0,5049.552234096449,2.0,1.0,0.0,0.0,3.0,0.0033333333333333,9.61,17.19666666666667,3.0
C101802,Company_1802,France,Europe,1,Unknown,Nov-50,3627.49,Growth,SMB_Inside,SelfServe,2023-12-07,2024-12-07,0,0.11,5.8,0,1274.0,3.7916666666666665,336,449.0,1.3363095238095235,8221.613820428587,24.469088751275557,735,4772.68,539.0,3448.933820428588,0.0,0.0,0.0,0.0,0.0,0.0,0.0,0.0,0.0
C101803,Company_1803,US,North America,0,Unknown,10-Jan,2542.09,Growth,SMB_Field,Partner,2023-03-15,,1,0.17,8.4,0,1469.0,4.0136612021857925,366,489.0,1.3360655737704918,9653.04886321416,26.37445044594033,709,4719.2,760.0,4933.848863214161,1.0,0.0,1.0,0.0,2.0,-0.01,5.36,8.755,1.0
C101804,Company_1804,France,Europe,1,Unknown,10-Jan,1068.87,Starter,SMB_Inside,Outbound,2023-07-04,,1,0.29,6.0,0,328.0,0.9761904761904762,336,112.0,0.3333333333333333,4631.984061068958,13.78566684841952,178,2468.35,150.0,2163.634061068958,1.0,0.0,1.0,0.0,2.0,0.4,4.32,12.37,1.0
C101805,Company_1805,Australia,North America,0,Unknown,51-200,27535.3,Growth,MidMarket,Partner,2023-11-26,2024-11-26,0,0.16,5.8,0,1327.0,3.6256830601092895,366,470.0,1.284153005464481,8652.024330935283,23.639410740260335,717,4658.41,610.0,3993.614330935282,0.0,1.0,1.0,0.0,2.0,0.42,2.015,6.375,2.0
C101806,Company_1806,Netherlands,Europe,1,Unknown,51-200,39779.64,Growth,MidMarket,SelfServe,2023-11-12,2024-11-12,0,0.51,6.2,0,1178.0,3.505952380952381,336,406.0,1.2083333333333333,7890.920416361859,23.48488219155315,734,4969.07,444.0,2921.850416361859,0.0,0.0,0.0,0.0,0.0,0.0,0.0,0.0,0.0
C101807,Company_1807,France,Europe,1,Retail,10-Jan,2641.12,Growth,SMB_Field,Outbound,2023-10-06,,1,0.23,6.5,0,1388.0,4.130952380952381,336,529.0,1.574404761904762,9145.564512365085,27.21894200108656,738,4790.47,650.0,4355.094512365084,1.0,1.0,1.0,1.0,4.0,-0.245,3.0400000000000005,13.1275,4.0
C101808,Company_1808,Canada,North America,0,Wholesale,10-Jan,2646.44,Starter,SMB_Inside,SelfServe,2023-04-19,,1,0.12,5.4,0,327.0,0.8934426229508197,366,114.0,0.3114754098360656,4862.839772660876,13.286447466286548,155,2353.86,172.0,2508.9797726608767,1.0,0.0,0.0,0.0,1.0,0.22,2.15,16.12,0.0
C101809,Company_1809,US,North America,0,Retail,Nov-50,4815.61,Growth,SMB_Inside,SelfServe,2023-05-05,,1,0.07,7.0,0,1414.0,3.863387978142077,366,493.0,1.3469945355191255,9584.156656924402,26.186220374110388,702,4739.8,712.0,4844.356656924402,0.0,0.0,2.0,0.0,2.0,-0.03,7.215,8.035,2.0
C101810,Company_1810,Australia,North America,0,Unknown,51-200,27935.66,Enterprise,MidMarket,Outbound,2023-04-24,,1,0.09,6.1,0,3658.0,9.994535519125684,366,1279.0,3.4945355191256833,10991.641828868618,30.031808275597317,1857,5449.25,1801.0,5542.391828868618,1.0,1.0,2.0,1.0,5.0,0.248,2.26,13.036,4.0
C101811,Company_1811,Germany,Europe,1,Professional Services,10-Jan,1383.3,Starter,SMB_Inside,SelfServe,2023-12-23,,1,0.05,6.5,0,333.0,0.9910714285714286,336,115.0,0.3422619047619047,4498.118918733047,13.3872586867055,189,2511.27,144.0,1986.848918733047,1.0,0.0,0.0,1.0,2.0,0.05,9.16,12.57,2.0
C101812,Company_1812,France,Europe,1,Professional Services,10-Jan,2351.08,Starter,SMB_Field,Outbound,2024-03-14,2024-06-13,0,0.26,9.2,1,78.0,0.2321428571428571,336,27.0,0.0803571428571428,1146.79,3.413065476190476,78,1146.79,0.0,0.0,0.0,1.0,0.0,0.0,1.0,0.02,1.59,2.56,1.0
C101813,Company_1813,UK,Europe,1,Wholesale,10-Jan,1661.12,Growth,SMB_Inside,Partner,2023-07-08,,1,0.08,3.8,0,1364.0,4.059523809523809,336,485.0,1.443452380952381,9140.100126681724,27.20267894845751,747,4909.34,617.0,4230.760126681723,0.0,0.0,0.0,0.0,0.0,0.0,0.0,0.0,0.0
C101814,Company_1814,Netherlands,Europe,1,Hospitality,Nov-50,5358.15,Starter,SMB_Field,Partner,2023-11-12,2024-11-12,0,0.07,8.1,0,272.0,0.8095238095238095,336,96.0,0.2857142857142857,3683.723185464434,10.963461861501292,170,2292.26,102.0,1391.4631854644342,1.0,0.0,0.0,0.0,1.0,-0.03,1.29,2.9,1.0
C101815,Company_1815,Canada,North America,0,Unknown,10-Jan,1141.86,Growth,SMB_Inside,Partner,2023-05-08,,1,0.42,4.1,0,1480.0,4.043715846994536,366,507.0,1.3852459016393444,9692.230095975929,26.481502994469743,756,4824.51,724.0,4867.7200959759275,0.0,0.0,0.0,1.0,1.0,-0.28,36.55,58.21,1.0
C101816,Company_1816,US,North America,0,Unknown,10-Jan,1447.09,Starter,SMB_Inside,Outbound,2023-04-06,2023-10-06,0,0.07,5.4,1,0.0,0.0,366,0.0,0.0,0.0,0.0,0,0.0,0.0,0.0,0.0,1.0,0.0,0.0,1.0,0.08,3.14,16.81,1.0
C101817,Company_1817,Netherlands,Europe,1,Unknown,201-1000,137905.27,Growth,Enterprise,Partner,2023-08-29,2024-08-29,0,0.08,8.1,0,1019.0,3.0327380952380953,336,381.0,1.1339285714285714,6718.017635129733,19.99410010455278,761,4957.29,258.0,1760.7276351297337,0.0,3.0,1.0,0.0,4.0,0.09,5.8500000000000005,17.927500000000002,3.0
C101818,Company_1818,US,North America,0,Unknown,10-Jan,2902.79,Growth,SMB_Inside,SelfServe,2023-11-28,,1,0.14,6.3,0,1519.0,4.1502732240437155,366,524.0,1.4316939890710385,10255.213991125238,28.019710358265677,764,5336.75,755.0,4918.463991125237,0.0,0.0,0.0,0.0,0.0,0.0,0.0,0.0,0.0
C101819,Company_1819,UK,Europe,1,Professional Services,Nov-50,4216.6,Starter,SMB_Inside,Inbound,2023-09-17,2024-09-17,0,0.31,6.0,0,229.0,0.6815476190476191,336,85.0,0.2529761904761904,3379.474181019552,10.057958872082,170,2555.62,59.0,823.8541810195521,1.0,0.0,0.0,0.0,1.0,-0.33,12.21,36.46,1.0
C101820,Company_1820,Germany,Europe,1,Unknown,201-1000,92700.11,Enterprise,Enterprise,Outbound,2023-05-12,,1,0.03,7.9,0,3293.0,9.800595238095235,336,1142.0,3.3988095238095237,9944.028869153986,29.595324015339244,1806,5213.4,1487.0,4730.628869153987,2.0,0.0,2.0,0.0,4.0,-0.25,1.195,6.8425,4.0
C101821,Company_1821,Spain,Europe,1,Logistics,201-1000,106067.43,Enterprise,Enterprise,Outbound,2023-08-16,2024-08-16,0,0.15,6.6,0,2392.0,7.119047619047619,336,872.0,2.5952380952380953,6876.954529238558,20.46712657511476,1884,5402.56,508.0,1474.394529238558,1.0,2.0,0.0,2.0,5.0,-0.148,1.8240000000000005,4.798,5.0
C101822,Company_1822,Australia,North America,0,Manufacturing,201-1000,119845.85,Growth,Enterprise,Inbound,2023-09-06,2024-09-06,0,0.07,6.0,0,969.0,2.6475409836065573,366,315.0,0.860655737704918,6633.2780863322405,18.1237106183941,690,4699.87,279.0,1933.4080863322408,1.0,1.0,0.0,2.0,4.0,-0.1425,1.94,13.28,2.0
C101823,Company_1823,US,North America,0,Retail,Nov-50,9696.45,Enterprise,SMB_Inside,Outbound,2023-03-22,,1,0.52,5.2,0,3761.0,10.275956284153006,366,1346.0,3.677595628415301,11009.34836571722,30.080186791577106,1898,5433.67,1863.0,5575.678365717219,1.0,1.0,0.0,2.0,4.0,0.0624999999999999,1.11,9.535,4.0
C101824,Company_1824,UK,Europe,1,Professional Services,10-Jan,2453.76,Starter,SMB_Inside,SelfServe,2024-01-27,2024-07-28,0,0.29,5.9,0,164.0,0.4880952380952381,336,58.0,0.1726190476190476,2298.738352242645,6.841483191198348,142,1945.53,22.0,353.2083522426447,0.0,0.0,0.0,0.0,0.0,0.0,0.0,0.0,0.0
C101825,Company_1825,Canada,North America,0,Healthcare,Nov-50,6813.52,Growth,SMB_Field,SelfServe,2023-10-24,2024-10-24,0,0.2,6.7,0,1215.0,3.319672131147541,366,443.0,1.210382513661202,8230.738476359837,22.488356492786437,748,5154.23,467.0,3076.508476359836,0.0,0.0,0.0,0.0,0.0,0.0,0.0,0.0,0.0
C101826,Company_1826,France,Europe,1,Wholesale,51-200,29000.44,Growth,MidMarket,Partner,2023-10-31,2024-10-31,0,0.16,5.3,0,1071.0,3.1875,336,350.0,1.0416666666666667,7292.857182794158,21.70493209164928,691,4815.63,380.0,2477.227182794157,0.0,0.0,0.0,1.0,1.0,-0.37,4.58,5.44,1.0
C101827,Company_1827,Canada,North America,0,Ecommerce,10-Jan,1793.44,Growth,SMB_Inside,SelfServe,2024-03-21,,1,0.32,5.0,0,1142.0,3.120218579234973,366,412.0,1.1256830601092895,7533.009121882986,20.58199213629231,402,2715.93,740.0,4817.079121882985,1.0,0.0,0.0,0.0,1.0,-0.24,5.34,13.5,1.0
C101828,Company_1828,Germany,Europe,1,Manufacturing,201-1000,82932.66,Growth,Enterprise,Partner,2024-03-03,2025-03-04,0,0.05,6.6,0,1060.0,3.1547619047619047,336,370.0,1.1011904761904765,7237.770912525298,21.54098485870624,471,2997.43,589.0,4240.340912525297,1.0,1.0,1.0,1.0,4.0,0.215,3.025,16.1325,4.0
C101829,Company_1829,UK,Europe,1,Unknown,10-Jan,2375.98,Starter,SMB_Inside,Inbound,2023-05-26,,1,0.21,6.0,0,348.0,1.0357142857142858,336,127.0,0.3779761904761904,4959.175303850633,14.759450309079265,185,2717.66,163.0,2241.5153038506332,0.0,0.0,0.0,0.0,0.0,0.0,0.0,0.0,0.0
C101830,Company_1830,France,Europe,1,Healthcare,10-Jan,1280.73,Growth,SMB_Field,Inbound,2023-06-24,,1,0.14,3.3,0,1324.0,3.9404761904761902,336,454.0,1.3511904761904765,8950.407556953729,26.638117729028956,728,4901.91,596.0,4048.4975569537296,0.0,2.0,1.0,1.0,4.0,-0.1425,7.025,19.375,4.0
C101831,Company_1831,Spain,Europe,1,Hospitality,201-1000,62578.05,Enterprise,Enterprise,Partner,2023-08-25,2024-08-25,0,0.2,5.7,0,2430.0,7.232142857142857,336,850.0,2.5297619047619047,6863.169512744195,20.426099740310104,1854,5343.42,576.0,1519.7495127441955,0.0,1.0,2.0,1.0,4.0,0.185,0.975,2.81,4.0
C101832,Company_1832,Netherlands,Europe,1,Unknown,51-200,33376.58,Growth,MidMarket,Outbound,2024-01-19,2025-01-19,0,0.18,5.2,0,1274.0,3.7916666666666665,336,452.0,1.3452380952380951,8322.39950132352,24.76904613489143,638,4264.83,636.0,4057.56950132352,0.0,1.0,0.0,0.0,1.0,-0.34,0.9,11.34,0.0
C101833,Company_1833,France,Europe,1,Logistics,51-200,10586.28,Growth,MidMarket,Inbound,2023-11-11,2024-11-11,0,0.17,4.3,0,1126.0,3.3511904761904763,336,419.0,1.2470238095238095,7604.722573794433,22.633102898197716,706,4884.89,420.0,2719.8325737944324,0.0,0.0,0.0,0.0,0.0,0.0,0.0,0.0,0.0
C101834,Company_1834,France,Europe,1,Professional Services,51-200,15583.67,Growth,MidMarket,Partner,2023-02-20,,1,0.32,5.6,0,1354.0,4.029761904761905,336,468.0,1.3928571428571428,9208.854792753684,27.407305930814537,740,5055.27,614.0,4153.584792753684,0.0,1.0,1.0,1.0,3.0,-0.0066666666666666,5.886666666666667,20.513333333333332,3.0
C101835,Company_1835,Germany,Europe,1,Ecommerce,10-Jan,1121.72,Starter,SMB_Inside,Inbound,2024-02-15,,1,0.13,6.1,0,256.0,0.7619047619047619,336,83.0,0.2470238095238095,3880.42906241242,11.548896019084584,120,1804.04,136.0,2076.38906241242,1.0,2.0,0.0,0.0,3.0,0.0933333333333333,9.406666666666666,21.063333333333333,3.0
C101836,Company_1836,US,North America,0,Hospitality,201-1000,99200.78,Enterprise,Enterprise,Partner,2023-06-12,,1,0.34,6.8,0,3648.0,9.9672131147541,366,1318.0,3.601092896174863,10939.209259922814,29.888549890499498,1873,5419.23,1775.0,5519.979259922814,1.0,0.0,0.0,1.0,2.0,-0.005,1.33,8.235,1.0
C101837,Company_1837,Canada,North America,0,Wholesale,10-Jan,1758.26,Growth,SMB_Field,Outbound,2023-05-01,2023-07-31,0,0.32,4.9,1,0.0,0.0,366,0.0,0.0,0.0,0.0,0,0.0,0.0,0.0,1.0,0.0,0.0,0.0,1.0,0.39,1.99,24.65,1.0
C101838,Company_1838,Canada,North America,0,Unknown,51-200,29341.77,Enterprise,MidMarket,SelfServe,2023-10-11,2024-10-11,0,0.3,6.7,0,2854.0,7.797814207650274,366,986.0,2.6939890710382515,8647.359051813195,23.626664075992338,1796,5460.57,1058.0,3186.789051813195,0.0,2.0,1.0,0.0,3.0,-0.26,1.51,26.89,3.0
C101839,Company_1839,Australia,North America,0,Retail,51-200,27272.39,Enterprise,MidMarket,SelfServe,2023-12-22,2024-12-22,0,0.16,6.1,0,3537.0,9.663934426229508,366,1222.0,3.33879781420765,10642.83169098262,29.07877511197437,1811,5448.1,1726.0,5194.731690982619,1.0,1.0,1.0,0.0,3.0,-0.1133333333333333,1.5533333333333337,4.426666666666667,3.0
C101840,Company_1840,Spain,Europe,1,Logistics,51-200,19882.99,Enterprise,MidMarket,SelfServe,2023-02-27,,1,0.07,7.3,0,3384.0,10.071428571428571,336,1210.0,3.6011904761904763,9943.586703057714,29.594008044814625,1817,5283.04,1567.0,4660.546703057715,0.0,1.0,2.0,0.0,3.0,0.0433333333333333,1.34,6.756666666666667,3.0
C101841,Company_1841,Netherlands,Europe,1,Hospitality,Nov-50,8409.24,Growth,SMB_Inside,Inbound,2023-09-19,2024-09-19,0,0.05,5.5,0,916.0,2.7261904761904763,336,318.0,0.9464285714285714,6392.528295738659,19.02538183255553,666,4760.82,250.0,1631.7082957386592,1.0,1.0,0.0,0.0,2.0,-0.055,1.835,20.435,1.0
C101842,Company_1842,UK,Europe,1,Ecommerce,Nov-50,9493.46,Starter,SMB_Inside,Inbound,2023-07-28,2024-07-28,0,0.13,5.9,0,206.0,0.6130952380952381,336,73.0,0.2172619047619047,2884.9712675937817,8.586224010695778,181,2505.92,25.0,379.0512675937818,0.0,0.0,0.0,1.0,1.0,-0.34,4.71,11.29,1.0
C101843,Company_1843,Netherlands,Europe,1,Ecommerce,51-200,38384.71,Growth,MidMarket,Inbound,2023-11-22,,1,0.13,5.4,0,1282.0,3.8154761904761902,336,418.0,1.244047619047619,8845.096103908445,26.3246907854418,709,4852.16,573.0,3992.9361039084447,1.0,0.0,0.0,0.0,1.0,-0.19,10.07,15.52,1.0
C101844,Company_1844,Germany,Europe,1,Wholesale,1000+,497611.68,Enterprise,Enterprise,Partner,2023-10-23,2024-10-23,0,0.19,8.9,0,2605.0,7.752976190476191,336,913.0,2.7172619047619047,8031.969100603466,23.90466994227222,1741,5518.84,864.0,2513.1291006034667,0.0,1.0,0.0,2.0,3.0,0.0133333333333333,2.86,9.1,3.0
C101845,Company_1845,Netherlands,Europe,1,Manufacturing,10-Jan,1356.75,Growth,SMB_Field,Partner,2023-03-21,,1,0.07,6.5,0,1357.0,4.038690476190476,336,465.0,1.3839285714285714,8915.019458409148,26.532796007170084,740,4759.68,617.0,4155.3394584091475,0.0,0.0,0.0,0.0,0.0,0.0,0.0,0.0,0.0
C101846,Company_1846,US,North America,0,Wholesale,10-Jan,1178.64,Growth,SMB_Inside,Partner,2023-11-18,2024-11-18,0,0.1,6.0,0,1322.0,3.612021857923497,366,431.0,1.1775956284153006,8555.473311344269,23.375610140284888,748,4832.38,574.0,3723.0933113442698,0.0,1.0,2.0,1.0,4.0,-0.0725,5.975,13.185,4.0
C101847,Company_1847,France,Europe,1,Retail,10-Jan,1904.53,Starter,SMB_Inside,Partner,2024-03-14,2024-09-13,0,0.11,7.5,0,174.0,0.5178571428571429,336,45.0,0.1339285714285714,2288.7788902330008,6.811841935217264,113,1424.02,61.0,864.7588902330008,0.0,0.0,0.0,1.0,1.0,-0.01,9.72,12.42,1.0
C101848,Company_1848,Germany,Europe,1,Logistics,10-Jan,2489.61,Enterprise,SMB_Field,Inbound,2023-09-18,,1,0.22,4.7,0,3321.0,9.883928571428571,336,1168.0,3.4761904761904763,9841.480209501984,29.290119671136857,1807,5362.63,1514.0,4478.850209501984,2.0,1.0,0.0,1.0,4.0,0.1099999999999999,1.1575,6.965,2.0
C101849,Company_1849,Canada,North America,0,Retail,Nov-50,5002.12,Growth,SMB_Inside,Outbound,2023-02-07,,1,0.2,5.9,0,1428.0,3.901639344262295,366,506.0,1.3825136612021858,9947.598382266664,27.17923055264116,741,5055.93,687.0,4891.668382266663,0.0,0.0,1.0,1.0,2.0,-0.095,4.4350000000000005,18.14,2.0
C101850,Company_1850,Germany,Europe,1,Manufacturing,Nov-50,7459.24,Starter,SMB_Field,Inbound,2023-06-12,,1,0.14,7.1,0,319.0,0.949404761904762,336,108.0,0.3214285714285714,4681.813342169826,13.933968280267338,180,2413.77,139.0,2268.0433421698262,0.0,0.0,0.0,0.0,0.0,0.0,0.0,0.0,0.0
C101851,Company_1851,Australia,North America,0,Unknown,10-Jan,1504.11,Starter,SMB_Inside,Partner,2023-09-15,2024-03-16,0,0.1,8.2,1,59.0,0.1612021857923497,366,25.0,0.0683060109289617,918.15,2.5086065573770493,59,918.15,0.0,0.0,0.0,0.0,0.0,0.0,0.0,0.0,0.0,0.0,0.0
C101852,Company_1852,Germany,Europe,1,Manufacturing,1000+,327234.67,Growth,Enterprise,Inbound,2023-09-09,2024-09-09,0,0.24,6.6,0,989.0,2.943452380952381,336,357.0,1.0625,6446.757096007247,19.18677707145014,726,4718.98,263.0,1727.7770960072476,0.0,0.0,1.0,1.0,2.0,-0.0549999999999999,4.085,5.64,2.0
C101853,Company_1853,UK,Europe,1,Unknown,10-Jan,1201.63,Enterprise,SMB_Inside,Inbound,2023-08-14,2024-08-14,0,0.17,5.1,0,2296.0,6.833333333333333,336,811.0,2.4136904761904763,6790.98238901049,20.211257110150267,1811,5483.36,485.0,1307.6223890104902,1.0,2.0,1.0,1.0,5.0,-0.238,2.354,12.108,4.0
C101854,Company_1854,Canada,North America,0,Hospitality,Nov-50,3197.3,Growth,SMB_Inside,Partner,2024-03-19,2024-09-18,0,0.17,6.7,0,707.0,1.9316939890710385,366,227.0,0.6202185792349727,4862.8118037063205,13.286371048377925,414,2664.78,293.0,2198.0318037063207,0.0,0.0,1.0,0.0,1.0,-0.44,4.83,16.45,1.0
C101855,Company_1855,France,Europe,1,Wholesale,Nov-50,7094.56,Starter,SMB_Inside,Partner,2024-01-02,2025-01-02,0,0.22,5.8,0,365.0,1.0863095238095235,336,137.0,0.4077380952380952,4664.774133635941,13.883256350106969,205,2503.3,160.0,2161.474133635941,0.0,2.0,0.0,0.0,2.0,-0.36,3.155,3.1849999999999996,2.0
C101856,Company_1856,Australia,North America,0,Unknown,Nov-50,4614.22,Starter,SMB_Inside,Outbound,2024-01-09,2025-01-09,0,0.12,6.5,0,359.0,0.9808743169398908,366,124.0,0.3387978142076502,4727.2325788914695,12.91593600790019,167,2242.24,192.0,2484.9925788914697,0.0,2.0,0.0,0.0,2.0,-0.0249999999999999,1.375,10.825,1.0
C101857,Company_1857,Australia,North America,0,Professional Services,51-200,25309.22,Enterprise,MidMarket,SelfServe,2024-03-02,2025-03-03,0,0.04,6.6,0,3089.0,8.439890710382514,366,1109.0,3.030054644808743,9233.63633568511,25.228514578374615,1266,3759.11,1823.0,5474.52633568511,0.0,0.0,2.0,0.0,2.0,-0.225,1.785,5.8950000000000005,2.0
C101858,Company_1858,Spain,Europe,1,Wholesale,10-Jan,1963.44,Growth,SMB_Inside,Partner,2023-05-28,,1,0.14,6.2,0,1347.0,4.008928571428571,336,451.0,1.3422619047619049,9213.125681518512,27.42001690928129,727,5066.12,620.0,4147.0056815185135,1.0,0.0,0.0,0.0,1.0,0.29,1.2,7.19,1.0
C101859,Company_1859,Canada,North America,0,Retail,Nov-50,7347.25,Starter,SMB_Field,Outbound,2023-05-14,,1,0.24,6.3,0,339.0,0.9262295081967212,366,125.0,0.3415300546448087,4707.3593395859825,12.861637539852412,165,2306.43,174.0,2400.9293395859827,0.0,0.0,0.0,0.0,0.0,0.0,0.0,0.0,0.0
C101860,Company_1860,UK,Europe,1,Unknown,Nov-50,5085.52,Growth,SMB_Field,Partner,2023-01-20,,1,0.03,6.9,0,1339.0,3.985119047619047,336,464.0,1.380952380952381,8961.695202174964,26.67171191123501,716,4934.56,623.0,4027.135202174965,0.0,1.0,1.0,0.0,2.0,0.02,1.235,6.455,2.0
C101861,Company_1861,UK,Europe,1,Unknown,10-Jan,1312.57,Starter,SMB_Inside,Partner,2023-02-27,,1,0.24,5.8,0,347.0,1.0327380952380951,336,131.0,0.3898809523809524,4665.530178825656,13.885506484600166,190,2489.8,157.0,2175.730178825656,0.0,0.0,0.0,0.0,0.0,0.0,0.0,0.0,0.0
C101862,Company_1862,Canada,North America,0,Unknown,Nov-50,5741.96,Growth,SMB_Inside,Partner,2023-04-19,,1,0.02,7.4,0,1499.0,4.095628415300546,366,514.0,1.4043715846994536,9831.13218608562,26.86101690187328,751,5022.58,748.0,4808.552186085621,0.0,0.0,0.0,1.0,1.0,0.59,5.61,11.25,1.0
C101863,Company_1863,Netherlands,Europe,1,Unknown,Nov-50,8355.28,Starter,SMB_Inside,Outbound,2024-01-14,2024-07-15,0,0.21,5.5,0,174.0,0.5178571428571429,336,54.0,0.1607142857142857,2243.1014655716885,6.6758972189633585,155,1987.37,19.0,255.7314655716886,0.0,1.0,0.0,0.0,1.0,-0.24,6.05,11.4,1.0
C101864,Company_1864,US,North America,0,Wholesale,10-Jan,1696.98,Starter,SMB_Inside,Partner,2023-01-21,2023-07-23,0,0.13,6.9,1,0.0,0.0,366,0.0,0.0,0.0,0.0,0,0.0,0.0,0.0,0.0,0.0,0.0,0.0,0.0,0.0,0.0,0.0,0.0
C101865,Company_1865,Germany,Europe,1,Unknown,10-Jan,1447.15,Starter,SMB_Inside,SelfServe,2023-10-11,,1,0.09,7.1,0,339.0,1.0089285714285714,336,124.0,0.369047619047619,4715.264967481045,14.03352668893168,183,2501.41,156.0,2213.854967481044,0.0,0.0,2.0,0.0,2.0,0.245,1.705,6.914999999999999,2.0
C101866,Company_1866,UK,Europe,1,Healthcare,51-200,20167.82,Enterprise,MidMarket,Outbound,2023-06-30,,1,0.19,7.6,0,3382.0,10.06547619047619,336,1163.0,3.4613095238095237,9879.989275654923,29.404729987068222,1794,5373.44,1588.0,4506.549275654924,5.0,0.0,0.0,3.0,8.0,-0.05875,1.22625,10.975,7.0
C101867,Company_1867,Spain,Europe,1,Logistics,Nov-50,7605.82,Growth,SMB_Field,Partner,2023-10-25,2024-10-25,0,0.45,5.1,0,1054.0,3.136904761904762,336,361.0,1.074404761904762,7365.787157146012,21.92198558674408,733,5042.65,321.0,2323.137157146012,1.0,0.0,0.0,1.0,2.0,0.08,4.925,14.6,2.0
C101868,Company_1868,UK,Europe,1,Unknown,1000+,452835.95,Enterprise,Enterprise,Partner,2023-04-01,,1,0.22,8.1,0,3356.0,9.988095238095235,336,1161.0,3.455357142857143,10263.617778859209,30.54648148470002,1835,5603.89,1521.0,4659.727778859207,1.0,1.0,0.0,0.0,2.0,-0.3,1.915,10.035,2.0
C101869,Company_1869,Spain,Europe,1,Logistics,51-200,21074.89,Enterprise,MidMarket,Partner,2023-08-28,2024-08-28,0,0.09,6.3,0,2339.0,6.961309523809524,336,839.0,2.4970238095238093,7234.066497542925,21.52995981411585,1809,5543.18,530.0,1690.886497542925,3.0,2.0,1.0,1.0,7.0,0.0271428571428571,1.1857142857142855,8.085714285714285,6.0
C101870,Company_1870,Canada,North America,0,Professional Services,10-Jan,2097.97,Starter,SMB_Inside,Inbound,2023-08-10,,1,0.29,5.6,0,376.0,1.0273224043715847,366,130.0,0.3551912568306011,5009.699675264184,13.68770403077646,177,2493.87,199.0,2515.829675264185,0.0,0.0,0.0,2.0,2.0,0.165,1.1,8.69,2.0
C101871,Company_1871,Canada,North America,0,Manufacturing,51-200,15838.01,Growth,MidMarket,Inbound,2023-07-30,2024-07-30,0,0.16,5.8,0,897.0,2.4508196721311477,366,290.0,0.7923497267759563,5628.710998589257,15.3789917994242,771,4733.05,126.0,895.6609985892565,2.0,0.0,0.0,0.0,2.0,-0.455,1.885,12.465,2.0
C101872,Company_1872,France,Europe,1,Wholesale,51-200,32993.66,Enterprise,MidMarket,Partner,2023-11-23,2024-11-23,0,0.09,5.5,0,2982.0,8.875,336,1071.0,3.1875,8963.128631228034,26.67597806913105,1756,5511.06,1226.0,3452.0686312280345,0.0,2.0,1.0,0.0,3.0,0.0366666666666666,2.486666666666667,19.253333333333337,3.0
C101873,Company_1873,US,North America,0,Ecommerce,Nov-50,8958.76,Growth,SMB_Inside,SelfServe,2023-06-21,,1,0.13,7.4,0,1507.0,4.117486338797814,366,531.0,1.4508196721311477,9419.992638545797,25.737684804769938,746,4567.15,761.0,4852.842638545796,0.0,1.0,0.0,1.0,2.0,0.0,2.39,11.89,2.0
C101874,Company_1874,US,North America,0,Healthcare,10-Jan,2061.07,Growth,SMB_Field,Partner,2023-03-27,2023-06-26,0,0.12,7.2,1,0.0,0.0,366,0.0,0.0,0.0,0.0,0,0.0,0.0,0.0,1.0,0.0,0.0,1.0,2.0,-0.13,9.425,24.01,2.0
C101875,Company_1875,France,Europe,1,Unknown,51-200,19728.91,Growth,MidMarket,SelfServe,2024-03-17,2025-03-18,0,0.1,5.3,0,1075.0,3.199404761904762,336,364.0,1.0833333333333333,6845.238438904686,20.37273344912109,467,2817.22,608.0,4028.018438904686,1.0,0.0,0.0,0.0,1.0,0.27,4.77,11.47,1.0
C101876,Company_1876,France,Europe,1,Wholesale,10-Jan,2684.06,Starter,SMB_Inside,Partner,2023-07-16,,1,0.2,7.8,0,373.0,1.1101190476190477,336,143.0,0.4255952380952381,4683.981699664946,13.940421725193293,208,2528.92,165.0,2155.061699664946,0.0,0.0,0.0,0.0,0.0,0.0,0.0,0.0,0.0
C101877,Company_1877,France,Europe,1,Wholesale,10-Jan,1528.48,Enterprise,SMB_Field,Inbound,2024-03-13,2024-09-12,0,0.1,6.9,0,1708.0,5.083333333333333,336,604.0,1.7976190476190477,5189.788835560026,15.445800105833412,1119,3441.52,589.0,1748.268835560026,0.0,1.0,3.0,1.0,5.0,-0.034,2.384,9.888,5.0
C101878,Company_1878,US,North America,0,Professional Services,Nov-50,3341.85,Starter,SMB_Field,SelfServe,2023-01-12,,1,0.25,6.2,0,389.0,1.0628415300546448,366,130.0,0.3551912568306011,5071.785745887077,13.857338103516604,198,2574.6,191.0,2497.1857458870763,0.0,0.0,1.0,0.0,1.0,-0.29,1.05,4.79,1.0
C101879,Company_1879,Germany,Europe,1,Healthcare,10-Jan,1123.21,Growth,SMB_Inside,Inbound,2023-12-08,,1,0.14,8.1,0,1342.0,3.994047619047619,336,487.0,1.449404761904762,9133.89442189094,27.18420958896113,761,4938.36,581.0,4195.53442189094,0.0,0.0,1.0,0.0,1.0,-0.02,4.91,8.93,1.0
C101880,Company_1880,Canada,North America,0,Healthcare,10-Jan,2171.46,Starter,SMB_Inside,Partner,2023-03-28,,1,0.35,7.3,0,365.0,0.9972677595628416,366,116.0,0.3169398907103825,5040.083119608413,13.770718906033917,187,2517.46,178.0,2522.6231196084127,0.0,0.0,1.0,0.0,1.0,0.2,2.83,6.95,1.0
C101881,Company_1881,France,Europe,1,Logistics,51-200,18479.64,Enterprise,MidMarket,SelfServe,2023-07-09,2024-07-09,0,0.42,5.3,0,1867.0,5.556547619047619,336,629.0,1.8720238095238095,5698.178529544953,16.95886467126474,1774,5452.75,93.0,245.42852954495223,2.0,1.0,4.0,1.0,8.0,-0.0699999999999999,2.28875,11.22125,5.0
C101882,Company_1882,Netherlands,Europe,1,Ecommerce,Nov-50,8997.78,Enterprise,SMB_Inside,Inbound,2024-03-13,2024-09-12,0,0.23,5.8,0,1667.0,4.961309523809524,336,588.0,1.75,5205.899421958313,15.493748279637837,1095,3260.31,572.0,1945.589421958313,2.0,3.0,0.0,1.0,6.0,-0.34,1.4783333333333333,10.943333333333332,5.0
C101883,Company_1883,Australia,North America,0,Manufacturing,51-200,24353.93,Growth,MidMarket,Inbound,2023-10-25,2024-10-25,0,0.26,5.4,0,1120.0,3.060109289617486,366,381.0,1.040983606557377,7802.208277248776,21.31750895423163,698,4736.3,422.0,3065.9082772487764,0.0,0.0,0.0,0.0,0.0,0.0,0.0,0.0,0.0
C101884,Company_1884,UK,Europe,1,Hospitality,10-Jan,1447.37,Starter,SMB_Field,Outbound,2023-08-27,,1,0.33,6.0,0,354.0,1.0535714285714286,336,135.0,0.4017857142857143,4870.705727144454,14.49614799745373,184,2657.04,170.0,2213.6657271444537,0.0,0.0,0.0,0.0,0.0,0.0,0.0,0.0,0.0
C101885,Company_1885,UK,Europe,1,Logistics,Nov-50,6178.74,Starter,SMB_Field,Outbound,2023-12-04,2024-12-04,0,0.3,4.8,0,294.0,0.875,336,90.0,0.2678571428571428,4224.8837359150075,12.574058737842284,185,2650.43,109.0,1574.453735915008,0.0,0.0,0.0,1.0,1.0,0.12,2.88,22.63,1.0
C101886,Company_1886,US,North America,0,Unknown,51-200,17579.45,Starter,MidMarket,Partner,2023-05-22,,1,0.16,4.7,0,351.0,0.9590163934426228,366,113.0,0.3087431693989071,4953.444363086027,13.534000992038324,179,2470.32,172.0,2483.124363086027,0.0,0.0,1.0,0.0,1.0,0.2,1.33,7.53,1.0
C101887,Company_1887,Netherlands,Europe,1,Retail,10-Jan,1439.06,Growth,SMB_Field,Inbound,2023-04-12,,1,0.19,9.1,0,1313.0,3.9077380952380953,336,464.0,1.380952380952381,9231.893410254366,27.47587324480466,746,5057.82,567.0,4174.0734102543665,0.0,1.0,1.0,0.0,2.0,-0.1,3.265,16.92,2.0
C101888,Company_1888,Canada,North America,0,Professional Services,10-Jan,2248.28,Enterprise,SMB_Field,SelfServe,2024-01-07,2025-01-07,0,0.13,4.7,0,3680.0,10.05464480874317,366,1262.0,3.448087431693989,10793.104678964915,29.48935704635223,1790,5334.23,1890.0,5458.874678964916,0.0,1.0,2.0,3.0,6.0,0.0733333333333333,3.0316666666666663,12.698333333333332,6.0
C101889,Company_1889,Germany,Europe,1,Unknown,Nov-50,8973.24,Growth,SMB_Inside,Inbound,2024-01-30,2024-07-31,0,0.01,7.0,0,785.0,2.3363095238095237,336,285.0,0.8482142857142857,5076.151985641125,15.107595195360492,664,4298.32,121.0,777.8319856411251,2.0,0.0,3.0,0.0,5.0,-0.008,3.7040000000000006,8.402,5.0
C101890,Company_1890,Australia,North America,0,Logistics,51-200,25293.5,Enterprise,MidMarket,Inbound,2024-02-15,2025-02-15,0,0.12,5.9,0,3158.0,8.628415300546449,366,1114.0,3.0437158469945356,9546.307888629372,26.082808438878065,1322,3751.51,1836.0,5794.797888629372,2.0,1.0,0.0,2.0,5.0,-0.058,3.644,11.682,3.0
C101891,Company_1891,Canada,North America,0,Professional Services,Nov-50,3954.46,Growth,SMB_Field,Outbound,2023-07-17,2024-07-17,0,0.29,6.3,0,812.0,2.2185792349726774,366,267.0,0.7295081967213115,5354.851457572564,14.630741687356732,744,4873.66,68.0,481.191457572564,0.0,0.0,1.0,0.0,1.0,-0.16,5.34,13.77,1.0
C101892,Company_1892,UK,Europe,1,Healthcare,10-Jan,2155.44,Growth,SMB_Field,Outbound,2023-08-25,,1,0.15,6.3,0,1370.0,4.0773809523809526,336,499.0,1.4851190476190477,9235.474940101223,27.48653255982507,750,4973.22,620.0,4262.254940101224,0.0,1.0,1.0,0.0,2.0,-0.03,6.315,14.044999999999998,2.0
C101893,Company_1893,US,North America,0,Unknown,Nov-50,7197.58,Starter,SMB_Field,Partner,2023-01-30,,1,0.15,7.3,0,369.0,1.0081967213114753,366,115.0,0.314207650273224,5160.230113853536,14.098989382113484,183,2553.32,186.0,2606.9101138535357,0.0,0.0,0.0,0.0,0.0,0.0,0.0,0.0,0.0
C101894,Company_1894,Spain,Europe,1,Unknown,10-Jan,2298.12,Starter,SMB_Inside,Inbound,2023-10-11,,1,0.24,3.2,0,331.0,0.9851190476190476,336,125.0,0.3720238095238095,4423.8692966421,13.16627766857768,196,2486.85,135.0,1937.0192966421,1.0,0.0,0.0,0.0,1.0,0.12,2.15,5.7,1.0
C101895,Company_1895,Canada,North America,0,Unknown,Nov-50,4855.97,Growth,SMB_Field,Partner,2023-03-24,,1,0.14,7.5,0,1488.0,4.065573770491803,366,504.0,1.3770491803278688,9765.648853190116,26.682100691776274,752,4977.81,736.0,4787.8388531901155,1.0,1.0,0.0,2.0,4.0,-0.125,3.03,16.0475,4.0
C101896,Company_1896,Netherlands,Europe,1,Unknown,51-200,37461.68,Growth,MidMarket,Inbound,2023-08-19,2024-08-19,0,0.07,7.4,0,908.0,2.702380952380953,336,314.0,0.9345238095238096,6275.122978411765,18.67596124527311,722,4874.91,186.0,1400.2129784117649,1.0,0.0,1.0,0.0,2.0,-0.21,1.47,13.415,2.0
C101897,Company_1897,Australia,North America,0,Retail,Nov-50,7330.05,Starter,SMB_Inside,Partner,2023-03-02,,1,0.25,8.7,0,374.0,1.0218579234972678,366,130.0,0.3551912568306011,5198.286830574751,14.202969482444674,180,2485.96,194.0,2712.32683057475,0.0,1.0,0.0,0.0,1.0,0.14,4.18,9.97,1.0
C101898,Company_1898,France,Europe,1,Healthcare,10-Jan,1550.17,Growth,SMB_Field,Inbound,2024-03-11,2024-09-10,0,0.23,5.5,0,693.0,2.0625,336,232.0,0.6904761904761905,4631.899241943355,13.7854144105457,478,3079.97,215.0,1551.9292419433548,1.0,1.0,0.0,0.0,2.0,-0.15,1.5950000000000002,17.59,2.0
C101899,Company_1899,Australia,North America,0,Healthcare,10-Jan,2353.6,Starter,SMB_Inside,Outbound,2023-01-12,,1,0.09,8.5,0,374.0,1.0218579234972678,366,117.0,0.319672131147541,5037.3984404424955,13.763383717055998,182,2427.16,192.0,2610.2384404424956,0.0,0.0,0.0,0.0,0.0,0.0,0.0,0.0,0.0
C101900,Company_1900,Germany,Europe,1,Ecommerce,51-200,36571.82,Growth,MidMarket,Partner,2023-04-12,2024-04-12,0,0.26,7.3,1,409.0,1.2172619047619049,336,143.0,0.4255952380952381,2646.15,7.875446428571429,409,2646.15,0.0,0.0,0.0,0.0,1.0,0.0,1.0,0.08,5.54,11.02,1.0
C101901,Company_1901,Germany,Europe,1,Healthcare,10-Jan,1083.86,Growth,SMB_Inside,Partner,2024-03-22,2024-09-21,0,0.05,6.8,0,646.0,1.9226190476190477,336,220.0,0.6547619047619048,4345.975954324816,12.934452245014333,393,2604.15,253.0,1741.825954324816,1.0,0.0,0.0,1.0,2.0,0.0,2.12,11.6,2.0
C101902,Company_1902,Canada,North America,0,Wholesale,Nov-50,8805.51,Starter,SMB_Inside,SelfServe,2023-07-19,2024-07-19,0,0.04,5.9,0,207.0,0.5655737704918032,366,80.0,0.2185792349726776,2788.634154947323,7.619219002588315,187,2547.65,20.0,240.9841549473229,0.0,0.0,0.0,0.0,0.0,0.0,0.0,0.0,0.0
C101903,Company_1903,US,North America,0,Unknown,10-Jan,2648.95,Enterprise,SMB_Inside,Inbound,2023-10-20,,1,0.04,7.3,0,3604.0,9.846994535519126,366,1237.0,3.379781420765027,11048.950979441695,30.188390654212288,1853,5603.56,1751.0,5445.390979441697,0.0,0.0,0.0,1.0,1.0,0.5,3.42,4.16,1.0
C101904,Company_1904,France,Europe,1,Unknown,51-200,28017.95,Growth,MidMarket,Inbound,2024-01-24,2025-01-24,0,0.35,5.0,0,1191.0,3.544642857142857,336,439.0,1.306547619047619,8005.43952454982,23.825712870683983,627,4167.08,564.0,3838.359524549819,0.0,1.0,0.0,0.0,1.0,0.33,3.8,5.74,1.0
C101905,Company_1905,Spain,Europe,1,Unknown,10-Jan,2976.95,Starter,SMB_Field,SelfServe,2023-07-06,,1,0.39,2.8,0,363.0,1.0803571428571428,336,135.0,0.4017857142857143,4851.516046533676,14.439035852778796,208,2720.98,155.0,2130.5360465336757,0.0,1.0,0.0,0.0,1.0,-0.1,12.68,12.87,1.0
C101906,Company_1906,France,Europe,1,Professional Services,51-200,22649.62,Growth,MidMarket,Inbound,2023-02-12,,1,0.39,6.6,0,1359.0,4.044642857142857,336,491.0,1.4613095238095235,8863.280259044337,26.378810294774812,727,4723.55,632.0,4139.730259044338,3.0,0.0,1.0,0.0,4.0,-0.2425,8.2575,19.7775,4.0
C101907,Company_1907,Spain,Europe,1,Unknown,51-200,14934.53,Growth,MidMarket,Outbound,2024-01-13,2024-07-14,0,0.11,6.7,0,732.0,2.1785714285714284,336,240.0,0.7142857142857143,4986.137410985897,14.839694675553265,673,4561.59,59.0,424.5474109858969,0.0,1.0,0.0,0.0,1.0,0.07,1.75,3.01,1.0
C101908,Company_1908,US,North America,0,Hospitality,10-Jan,2638.21,Starter,SMB_Inside,Inbound,2023-07-18,,1,0.33,4.0,0,376.0,1.0273224043715847,366,146.0,0.3989071038251366,4908.84347090344,13.412140630883716,180,2438.84,196.0,2470.00347090344,0.0,0.0,0.0,0.0,0.0,0.0,0.0,0.0,0.0
C101909,Company_1909,Netherlands,Europe,1,Ecommerce,10-Jan,2173.14,Growth,SMB_Inside,SelfServe,2024-02-09,,1,0.31,5.7,0,1212.0,3.607142857142857,336,382.0,1.136904761904762,8131.383576728702,24.200546359311613,587,3810.67,625.0,4320.713576728702,0.0,0.0,2.0,2.0,4.0,0.0475,3.205,8.0625,4.0
C101910,Company_1910,Germany,Europe,1,Unknown,10-Jan,2471.71,Starter,SMB_Inside,Partner,2023-04-27,,1,0.07,6.0,0,307.0,0.9136904761904762,336,105.0,0.3125,4359.817131898793,12.975646225889266,156,2281.03,151.0,2078.7871318987936,1.0,0.0,1.0,0.0,2.0,-0.215,4.085,12.260000000000002,2.0
C101911,Company_1911,Germany,Europe,1,Unknown,10-Jan,2077.75,Starter,SMB_Field,Partner,2023-01-12,2023-07-14,0,0.41,6.1,1,0.0,0.0,336,0.0,0.0,0.0,0.0,0,0.0,0.0,0.0,1.0,0.0,0.0,0.0,1.0,-0.29,0.84,11.34,1.0
C101912,Company_1912,Canada,North America,0,Unknown,Nov-50,7182.38,Starter,SMB_Inside,Inbound,2023-06-04,2023-12-04,0,0.22,6.4,1,0.0,0.0,366,0.0,0.0,0.0,0.0,0,0.0,0.0,0.0,0.0,0.0,1.0,1.0,2.0,-0.235,4.985,6.62,2.0
C101913,Company_1913,Spain,Europe,1,Unknown,201-1000,70006.51,Enterprise,Enterprise,SelfServe,2023-11-10,2024-11-10,0,0.12,3.4,0,2891.0,8.604166666666666,336,996.0,2.9642857142857144,8507.044354898404,25.318584389578582,1832,5397.18,1059.0,3109.864354898404,1.0,1.0,1.0,2.0,5.0,0.074,2.114,11.056,4.0
C101914,Company_1914,US,North America,0,Healthcare,51-200,17447.74,Growth,MidMarket,SelfServe,2024-01-06,2024-07-07,0,0.07,5.5,0,678.0,1.852459016393443,366,242.0,0.6612021857923497,4985.623326371734,13.621921656753372,656,4778.04,22.0,207.58332637173368,0.0,0.0,0.0,0.0,0.0,0.0,0.0,0.0,0.0
C101915,Company_1915,Spain,Europe,1,Professional Services,Nov-50,9708.45,Growth,SMB_Inside,SelfServe,2024-01-30,2024-07-31,0,0.16,7.0,0,762.0,2.267857142857143,336,263.0,0.7827380952380952,4942.9006943925215,14.711013971406311,624,3977.61,138.0,965.2906943925218,0.0,1.0,1.0,1.0,3.0,-0.2333333333333333,7.829999999999999,11.136666666666668,3.0
C101916,Company_1916,Australia,North America,0,Healthcare,1000+,188827.78,Growth,Enterprise,Inbound,2023-12-03,2024-12-03,0,0.17,3.2,0,1403.0,3.8333333333333335,366,476.0,1.3005464480874316,9243.722192016352,25.25607156288621,754,5072.0199999999995,649.0,4171.7021920163525,0.0,1.0,0.0,1.0,2.0,-0.19,5.96,10.04,2.0
C101917,Company_1917,Canada,North America,0,Professional Services,10-Jan,1541.49,Starter,SMB_Field,Partner,2023-12-16,,1,0.13,5.2,0,418.0,1.1420765027322404,366,148.0,0.4043715846994535,5108.375310978487,13.957309592837396,216,2610.64,202.0,2497.7353109784867,0.0,0.0,0.0,0.0,0.0,0.0,0.0,0.0,0.0
C101918,Company_1918,France,Europe,1,Unknown,51-200,38726.25,Growth,MidMarket,Inbound,2024-01-06,2025-01-06,0,0.14,6.0,0,1338.0,3.982142857142857,336,455.0,1.3541666666666667,8802.38756195789,26.19758202963658,715,4635.79,623.0,4166.597561957889,0.0,0.0,0.0,0.0,0.0,0.0,0.0,0.0,0.0
C101919,Company_1919,Netherlands,Europe,1,Ecommerce,Nov-50,4400.68,Growth,SMB_Inside,Partner,2023-09-06,2024-09-06,0,0.12,4.8,0,1021.0,3.0386904761904763,336,382.0,1.136904761904762,6522.523749241401,19.412273063218453,774,4803.28,247.0,1719.243749241401,1.0,1.0,3.0,0.0,5.0,-0.06,3.664,16.928,5.0
C101920,Company_1920,Spain,Europe,1,Logistics,10-Jan,2227.11,Starter,SMB_Inside,SelfServe,2023-09-13,2024-03-14,0,0.41,6.9,1,78.0,0.2321428571428571,336,23.0,0.0684523809523809,1008.37,3.0011011904761906,78,1008.37,0.0,0.0,0.0,0.0,0.0,0.0,0.0,0.0,0.0,0.0,0.0
C101921,Company_1921,UK,Europe,1,Hospitality,201-1000,42823.67,Growth,Enterprise,Outbound,2023-11-22,2024-11-22,0,0.15,5.9,0,1169.0,3.4791666666666665,336,420.0,1.25,7702.942278476763,22.92542344784751,729,4815.2,440.0,2887.742278476763,0.0,0.0,0.0,0.0,0.0,0.0,0.0,0.0,0.0
C101922,Company_1922,Canada,North America,0,Ecommerce,Nov-50,9524.71,Growth,SMB_Inside,Inbound,2024-03-25,2025-03-26,0,0.22,5.1,0,1128.0,3.081967213114754,366,426.0,1.1639344262295082,7648.677556273058,20.898026110035676,358,2629.99,770.0,5018.687556273057,0.0,0.0,0.0,0.0,0.0,0.0,0.0,0.0,0.0
C101923,Company_1923,Canada,North America,0,Ecommerce,Nov-50,7575.03,Growth,SMB_Inside,Outbound,2023-08-25,,1,0.25,6.7,0,1438.0,3.92896174863388,366,493.0,1.3469945355191255,9915.149873820545,27.09057342573919,711,4994.61,727.0,4920.539873820544,0.0,0.0,0.0,0.0,0.0,0.0,0.0,0.0,0.0
C101924,Company_1924,US,North America,0,Retail,Nov-50,5901.77,Growth,SMB_Inside,Partner,2023-01-16,,1,0.19,7.0,0,1498.0,4.092896174863388,366,532.0,1.453551912568306,9784.307593323245,26.733080856074434,757,4885.41,741.0,4898.897593323243,0.0,0.0,0.0,1.0,1.0,0.2,17.33,20.77,1.0
C101925,Company_1925,Canada,North America,0,Retail,Nov-50,8287.36,Growth,SMB_Inside,Outbound,2023-05-04,,1,0.02,8.6,0,1465.0,4.002732240437158,366,508.0,1.3879781420765027,10094.901508176465,27.581698109771757,756,4974.53,709.0,5120.371508176462,0.0,0.0,0.0,0.0,0.0,0.0,0.0,0.0,0.0
C101926,Company_1926,France,Europe,1,Manufacturing,201-1000,64268.63,Enterprise,Enterprise,Partner,2023-10-15,2024-10-15,0,0.31,5.8,0,2558.0,7.613095238095238,336,873.0,2.5982142857142856,7733.0695509563075,23.01508794927473,1817,5535.49,741.0,2197.5795509563077,2.0,1.0,2.0,1.0,6.0,-0.2783333333333333,1.163333333333333,4.38,6.0
C101927,Company_1927,Netherlands,Europe,1,Retail,Nov-50,6195.18,Growth,SMB_Inside,SelfServe,2023-11-10,2024-11-10,0,0.24,5.3,0,1064.0,3.1666666666666665,336,361.0,1.074404761904762,7604.1671618048995,22.631449886324106,678,4909.26,386.0,2694.9071618048997,1.0,2.0,0.0,0.0,3.0,-0.01,1.18,6.883333333333333,3.0
C101928,Company_1928,Netherlands,Europe,1,Retail,10-Jan,1436.13,Enterprise,SMB_Field,Outbound,2023-02-01,,1,0.1,5.0,0,3248.0,9.666666666666666,336,1112.0,3.3095238095238093,10034.712989572545,29.86521723087067,1734,5450.06,1514.0,4584.652989572544,4.0,1.0,1.0,3.0,9.0,-0.0722222222222222,0.9122222222222224,11.26,8.0
C101929,Company_1929,UK,Europe,1,Unknown,10-Jan,2883.9,Starter,SMB_Field,Outbound,2023-05-11,,1,0.17,5.6,0,338.0,1.005952380952381,336,113.0,0.3363095238095238,4241.400190766462,12.623214853471614,194,2385.08,144.0,1856.3201907664625,1.0,0.0,1.0,0.0,2.0,0.36,6.114999999999999,13.085,2.0
C101930,Company_1930,US,North America,0,Unknown,Nov-50,9645.28,Starter,SMB_Inside,Inbound,2023-09-30,2024-09-30,0,0.25,6.0,0,279.0,0.7622950819672131,366,99.0,0.2704918032786885,3848.138967667254,10.51404089526572,200,2743.44,79.0,1104.6989676672536,0.0,0.0,0.0,0.0,0.0,0.0,0.0,0.0,0.0
C101931,Company_1931,France,Europe,1,Logistics,51-200,28020.67,Growth,MidMarket,SelfServe,2023-05-15,,1,0.37,2.1,0,1358.0,4.041666666666667,336,476.0,1.4166666666666667,8903.40757394298,26.49823682721125,733,4922.81,625.0,3980.597573942982,0.0,2.0,0.0,0.0,2.0,-0.145,3.595,35.29,1.0
C101932,Company_1932,France,Europe,1,Unknown,Nov-50,4330.91,Starter,SMB_Inside,Partner,2023-09-20,,1,0.17,8.5,0,383.0,1.1398809523809523,336,142.0,0.4226190476190476,4668.713504970437,13.89498066955487,202,2398.66,181.0,2270.0535049704363,0.0,1.0,0.0,1.0,2.0,0.0949999999999999,12.255,20.99,1.0
C101933,Company_1933,Australia,North America,0,Unknown,1000+,163040.02,Enterprise,Enterprise,Partner,2023-07-15,2024-07-15,0,0.21,4.6,0,1976.0,5.398907103825136,366,689.0,1.8825136612021856,5902.379755839626,16.126720644370565,1855,5493.24,121.0,409.1397558396264,1.0,1.0,3.0,1.0,6.0,0.0983333333333333,1.6849999999999998,10.066666666666666,5.0
C101934,Company_1934,UK,Europe,1,Ecommerce,Nov-50,8956.57,Starter,SMB_Inside,Partner,2023-02-16,,1,0.21,8.7,0,343.0,1.0208333333333333,336,119.0,0.3541666666666667,4585.566444639476,13.64751918047463,179,2436.2,164.0,2149.366444639476,0.0,1.0,0.0,0.0,1.0,-0.34,3.71,13.85,1.0
C101935,Company_1935,UK,Europe,1,Unknown,Nov-50,4832.72,Starter,SMB_Inside,Outbound,2023-06-06,,1,0.13,7.2,0,330.0,0.9821428571428572,336,116.0,0.3452380952380952,4765.7633116501065,14.183819379911032,178,2542.61,152.0,2223.153311650107,0.0,0.0,0.0,0.0,0.0,0.0,0.0,0.0,0.0
C101936,Company_1936,Canada,North America,0,Retail,10-Jan,1046.76,Starter,SMB_Inside,Inbound,2023-05-28,,1,0.11,5.4,0,364.0,0.994535519125683,366,120.0,0.3278688524590163,4833.331259636958,13.20582311376218,184,2404.63,180.0,2428.7012596369577,0.0,1.0,0.0,0.0,1.0,-0.17,14.95,28.87,1.0
C101937,Company_1937,UK,Europe,1,Retail,1000+,272182.81,Growth,Enterprise,SelfServe,2023-11-23,2024-11-23,0,0.37,7.0,0,1167.0,3.4732142857142856,336,394.0,1.1726190476190477,8015.734896527194,23.856353858711888,741,4924.37,426.0,3091.364896527194,1.0,1.0,1.0,0.0,3.0,0.0833333333333333,11.513333333333334,14.186666666666667,3.0
C101938,Company_1938,France,Europe,1,Logistics,1000+,246024.6,Enterprise,Enterprise,Outbound,2023-02-22,,1,0.28,6.9,0,3282.0,9.767857142857142,336,1155.0,3.4375,10182.971762695095,30.306463579449687,1776,5471.78,1506.0,4711.191762695095,1.0,1.0,3.0,0.0,5.0,0.08,1.6,9.364,5.0
C101939,Company_1939,US,North America,0,Wholesale,51-200,15464.32,Growth,MidMarket,Partner,2023-07-06,2024-01-05,0,0.1,8.7,1,19.0,0.0519125683060109,366,6.0,0.0163934426229508,145.72,0.3981420765027322,19,145.72,0.0,0.0,0.0,0.0,2.0,0.0,2.0,-0.0099999999999999,1.025,2.055,2.0
C101940,Company_1940,Australia,North America,0,Retail,51-200,12731.19,Growth,MidMarket,Partner,2023-02-21,,1,0.26,5.3,0,1468.0,4.0109289617486334,366,503.0,1.3743169398907105,10105.647512206477,27.611058776520427,731,5087.68,737.0,5017.967512206476,1.0,0.0,0.0,1.0,2.0,0.015,3.13,9.27,1.0
C101941,Company_1941,Spain,Europe,1,Retail,Nov-50,6852.47,Growth,SMB_Inside,SelfServe,2023-02-12,,1,0.32,5.9,0,1334.0,3.9702380952380953,336,450.0,1.3392857142857142,8953.218501586907,26.64648363567532,712,4737.65,622.0,4215.568501586908,0.0,0.0,1.0,0.0,1.0,-0.7,1.37,1.44,1.0
C101942,Company_1942,France,Europe,1,Hospitality,10-Jan,2830.5,Starter,SMB_Inside,Outbound,2023-12-25,2024-06-25,0,0.04,4.3,1,155.0,0.4613095238095238,336,47.0,0.1398809523809523,2358.2,7.018452380952381,155,2358.2,0.0,0.0,0.0,0.0,0.0,1.0,1.0,0.21,2.79,5.92,1.0
C101943,Company_1943,Germany,Europe,1,Hospitality,10-Jan,1088.0,Growth,SMB_Field,SelfServe,2024-01-18,2025-01-18,0,0.14,8.8,0,1308.0,3.892857142857143,336,497.0,1.4791666666666667,8807.718806105011,26.213448827693487,678,4664.09,630.0,4143.628806105012,1.0,0.0,1.0,0.0,2.0,-0.285,5.42,8.725,2.0
C101944,Company_1944,Netherlands,Europe,1,Ecommerce,51-200,24809.55,Enterprise,MidMarket,Inbound,2023-01-05,,1,0.05,7.4,0,3351.0,9.973214285714286,336,1170.0,3.482142857142857,10019.823847108362,29.820904306870126,1861,5574.52,1490.0,4445.303847108363,0.0,1.0,2.0,0.0,3.0,-0.15,1.4466666666666663,12.043333333333337,3.0
C101945,Company_1945,Spain,Europe,1,Healthcare,51-200,15940.02,Enterprise,MidMarket,Outbound,2024-02-14,2025-02-14,0,0.3,7.9,0,2926.0,8.708333333333334,336,1037.0,3.0863095238095237,8912.950874638756,26.52663950785344,1390,4185.74,1536.0,4727.210874638757,2.0,1.0,3.0,1.0,7.0,-0.1028571428571428,2.18,13.518571428571429,6.0
C101946,Company_1946,France,Europe,1,Unknown,10-Jan,2330.77,Starter,SMB_Inside,Outbound,2024-02-04,2024-08-05,0,0.32,9.1,0,187.0,0.5565476190476191,336,72.0,0.2142857142857142,2350.396745075195,6.995228407961891,152,1973.02,35.0,377.3767450751952,0.0,4.0,1.0,0.0,5.0,-0.0019999999999999,7.652000000000001,21.35,5.0
C101947,Company_1947,Spain,Europe,1,Professional Services,1000+,178457.83,Enterprise,Enterprise,Outbound,2023-11-17,2024-11-17,0,0.08,6.0,0,2882.0,8.577380952380953,336,1038.0,3.0892857142857144,8836.630109947926,26.29949437484502,1809,5353.64,1073.0,3482.9901099479252,1.0,0.0,0.0,3.0,4.0,-0.0974999999999999,0.94,8.3925,3.0
C101948,Company_1948,France,Europe,1,Healthcare,10-Jan,2655.42,Starter,SMB_Inside,Partner,2023-01-19,,1,0.06,7.7,0,350.0,1.0416666666666667,336,121.0,0.3601190476190476,4664.122785213234,13.881317813134626,193,2447.69,157.0,2216.432785213234,1.0,0.0,2.0,0.0,3.0,-0.0533333333333333,2.6266666666666665,12.053333333333333,3.0
C101949,Company_1949,US,North America,0,Retail,10-Jan,1591.5,Growth,SMB_Inside,SelfServe,2024-03-10,,1,0.07,7.6,0,1262.0,3.448087431693989,366,449.0,1.226775956284153,8207.074979027537,22.423702128490536,495,3111.44,767.0,5095.634979027537,1.0,0.0,0.0,0.0,1.0,0.31,5.09,27.38,1.0
C101950,Company_1950,Germany,Europe,1,Unknown,Nov-50,7124.15,Starter,SMB_Inside,Outbound,2023-03-09,,1,0.09,9.1,0,338.0,1.005952380952381,336,113.0,0.3363095238095238,4450.420457571523,13.245298980867627,177,2445.08,161.0,2005.3404575715233,0.0,0.0,1.0,0.0,1.0,0.35,1.81,12.24,1.0
C101951,Company_1951,Australia,North America,0,Healthcare,10-Jan,2802.94,Growth,SMB_Inside,SelfServe,2023-10-14,2024-01-13,0,0.14,7.1,1,52.0,0.1420765027322404,366,22.0,0.0601092896174863,355.65999999999997,0.9717486338797814,52,355.65999999999997,0.0,0.0,0.0,0.0,1.0,1.0,2.0,-0.285,11.1,13.96,2.0
C101952,Company_1952,Germany,Europe,1,Unknown,10-Jan,2254.45,Growth,SMB_Inside,SelfServe,2023-09-03,,1,0.23,2.6,0,1362.0,4.053571428571429,336,490.0,1.4583333333333333,8885.875325443314,26.44605751620034,718,4866.42,644.0,4019.4553254433135,1.0,0.0,1.0,0.0,2.0,-0.16,3.065,6.5600000000000005,2.0
C101953,Company_1953,France,Europe,1,Hospitality,Nov-50,5425.49,Growth,SMB_Inside,SelfServe,2023-11-21,2024-05-22,0,0.17,7.1,1,570.0,1.6964285714285714,336,201.0,0.5982142857142857,3797.13,11.300982142857142,570,3797.13,0.0,0.0,0.0,0.0,0.0,0.0,0.0,0.0,0.0,0.0,0.0
C101954,Company_1954,Netherlands,Europe,1,Professional Services,10-Jan,1657.26,Starter,SMB_Inside,Outbound,2024-03-26,,1,0.33,6.4,0,238.0,0.7083333333333334,336,72.0,0.2142857142857142,3426.7408402430437,10.198633453104296,83,1163.23,155.0,2263.5108402430437,0.0,0.0,1.0,0.0,1.0,0.15,2.15,8.26,1.0
C101955,Company_1955,Australia,North America,0,Manufacturing,51-200,11993.45,Growth,MidMarket,Inbound,2023-12-04,,1,0.12,7.6,0,1446.0,3.950819672131148,366,525.0,1.4344262295081966,9694.7693385381,26.488440815677865,745,4973.86,701.0,4720.909338538098,0.0,1.0,1.0,0.0,2.0,-0.04,8.78,17.34,2.0
C101956,Company_1956,Australia,North America,0,Professional Services,Nov-50,8126.95,Starter,SMB_Inside,Partner,2023-06-06,,1,0.27,6.7,0,425.0,1.1612021857923498,366,151.0,0.412568306010929,5326.082282952349,14.552137385115708,211,2613.9,214.0,2712.1822829523485,0.0,0.0,2.0,0.0,2.0,-0.315,7.645,13.855,2.0
C101957,Company_1957,Australia,North America,0,Retail,10-Jan,1577.3,Starter,SMB_Field,Partner,2023-04-01,,1,0.31,7.6,0,327.0,0.8934426229508197,366,99.0,0.2704918032786885,4863.648744322274,13.288657771372334,183,2651.39,144.0,2212.258744322274,0.0,1.0,0.0,1.0,2.0,-0.1,4.369999999999999,11.095,1.0
C101958,Company_1958,Netherlands,Europe,1,Logistics,Nov-50,8573.48,Starter,SMB_Inside,Inbound,2023-01-24,,1,0.18,8.0,0,359.0,1.068452380952381,336,127.0,0.3779761904761904,4330.600757936882,12.888692731955004,196,2372.56,163.0,1958.040757936882,1.0,0.0,0.0,0.0,1.0,-0.46,6.89,7.32,1.0
C101959,Company_1959,UK,Europe,1,Hospitality,Nov-50,6923.77,Enterprise,SMB_Inside,Partner,2023-01-31,,1,0.1,5.9,0,3303.0,9.830357142857142,336,1132.0,3.369047619047619,10086.059682593095,30.018034769622307,1798,5527.21,1505.0,4558.849682593095,0.0,0.0,1.0,1.0,2.0,-0.15,3.09,4.915,2.0
C101960,Company_1960,Germany,Europe,1,Logistics,10-Jan,1112.83,Enterprise,SMB_Inside,Outbound,2023-04-02,,1,0.07,6.8,0,3315.0,9.866071428571429,336,1189.0,3.5386904761904763,10141.627640295228,30.18341559611675,1818,5500.07,1497.0,4641.557640295228,1.0,0.0,3.0,1.0,5.0,-0.034,2.444,10.176,5.0
C101961,Company_1961,Netherlands,Europe,1,Logistics,51-200,28405.42,Enterprise,MidMarket,Inbound,2023-07-06,2024-07-06,0,0.22,6.4,0,1870.0,5.565476190476191,336,671.0,1.9970238095238095,5876.391704672524,17.489261025811082,1804,5685.3,66.0,191.0917046725233,2.0,1.0,1.0,3.0,7.0,-0.2257142857142857,3.928571428571429,16.512857142857143,6.0
C101962,Company_1962,UK,Europe,1,Unknown,Nov-50,9837.84,Growth,SMB_Inside,Partner,2023-09-23,2024-09-23,0,0.19,6.7,0,995.0,2.9613095238095237,336,379.0,1.1279761904761905,6419.541313213611,19.105777717897652,741,4831.77,254.0,1587.7713132136105,0.0,0.0,0.0,0.0,0.0,0.0,0.0,0.0,0.0
C101963,Company_1963,Australia,North America,0,Hospitality,51-200,20018.69,Enterprise,MidMarket,Inbound,2023-11-03,,1,0.08,7.7,0,3710.0,10.136612021857925,366,1300.0,3.551912568306011,10877.36210634368,29.719568596567427,1893,5401.42,1817.0,5475.942106343679,0.0,2.0,1.0,1.0,4.0,-0.165,1.995,7.5875,4.0
C101964,Company_1964,Spain,Europe,1,Professional Services,Nov-50,7452.95,Starter,SMB_Field,Outbound,2023-01-06,,1,0.25,4.8,0,362.0,1.0773809523809523,336,127.0,0.3779761904761904,4846.611215494966,14.424438141354065,191,2633.21,171.0,2213.4012154949655,0.0,0.0,1.0,0.0,1.0,0.24,11.57,14.64,1.0
C101965,Company_1965,UK,Europe,1,Manufacturing,Nov-50,6894.13,Starter,SMB_Field,Partner,2024-04-01,2025-04-02,0,0.11,8.6,0,250.0,0.7440476190476191,336,95.0,0.2827380952380952,3335.155789189055,9.926058896395997,91,1267.95,159.0,2067.205789189055,0.0,0.0,0.0,0.0,0.0,0.0,0.0,0.0,0.0
C101966,Company_1966,Germany,Europe,1,Wholesale,10-Jan,1534.06,Starter,SMB_Inside,SelfServe,2023-09-28,,1,0.33,7.2,0,323.0,0.9613095238095238,336,106.0,0.3154761904761904,4421.0932452731195,13.158015610931905,176,2502.4,147.0,1918.69324527312,0.0,0.0,0.0,1.0,1.0,0.05,0.47,5.48,1.0
C101967,Company_1967,France,Europe,1,Healthcare,Nov-50,3597.93,Growth,SMB_Inside,Inbound,2023-12-03,2024-06-03,0,0.52,4.4,1,598.0,1.7797619047619049,336,218.0,0.6488095238095238,4216.92,12.550357142857145,598,4216.92,0.0,0.0,2.0,2.0,0.0,1.0,5.0,-0.168,3.45,9.318,5.0
C101968,Company_1968,Germany,Europe,1,Wholesale,Nov-50,7049.51,Growth,SMB_Inside,Partner,2023-01-31,,1,0.35,6.5,0,1344.0,4.0,336,448.0,1.3333333333333333,9044.744018413086,26.91888100718181,728,4775.9,616.0,4268.844018413086,0.0,1.0,1.0,0.0,2.0,-0.13,1.235,8.355,2.0
C101969,Company_1969,Spain,Europe,1,Healthcare,10-Jan,1222.05,Starter,SMB_Field,Inbound,2024-01-15,2025-01-15,0,0.33,7.7,0,325.0,0.9672619047619048,336,113.0,0.3363095238095238,4365.482991462368,12.99250890316181,165,2233.29,160.0,2132.192991462367,0.0,0.0,1.0,1.0,2.0,-0.115,2.85,3.695,2.0
C101970,Company_1970,Spain,Europe,1,Logistics,10-Jan,1999.07,Starter,SMB_Inside,SelfServe,2023-08-28,,1,0.18,5.9,0,290.0,0.8630952380952381,336,80.0,0.238095238095238,4306.239422203491,12.81618875655801,161,2433.02,129.0,1873.219422203491,1.0,0.0,0.0,0.0,1.0,0.24,0.64,19.97,0.0
C101971,Company_1971,Netherlands,Europe,1,Healthcare,51-200,35187.77,Growth,MidMarket,SelfServe,2023-01-24,,1,0.12,4.7,0,1346.0,4.005952380952381,336,479.0,1.425595238095238,9361.43456401607,27.86141239290497,728,5066.58,618.0,4294.85456401607,1.0,0.0,0.0,0.0,1.0,-0.2,2.3,27.6,1.0
C101972,Company_1972,Australia,North America,0,Retail,51-200,14802.28,Enterprise,MidMarket,Inbound,2024-01-26,2025-01-26,0,0.02,7.8,0,3365.0,9.193989071038253,366,1148.0,3.136612021857923,10314.637820871403,28.182070548828975,1546,4596.24,1819.0,5718.397820871405,2.0,0.0,0.0,0.0,2.0,-0.22,0.11,20.81,2.0
C101973,Company_1973,Canada,North America,0,Professional Services,10-Jan,2364.8,Growth,SMB_Inside,Outbound,2023-02-27,,1,0.18,7.8,0,1463.0,3.9972677595628414,366,510.0,1.3934426229508197,9887.646831065123,27.015428500177933,722,4966.02,741.0,4921.626831065123,1.0,1.0,0.0,0.0,2.0,0.12,2.355,6.65,2.0
C101974,Company_1974,France,Europe,1,Unknown,10-Jan,2648.58,Starter,SMB_Inside,Inbound,2023-06-28,,1,0.18,7.4,0,362.0,1.0773809523809523,336,112.0,0.3333333333333333,4934.870484045346,14.687114535849243,212,2833.73,150.0,2101.1404840453456,1.0,1.0,1.0,0.0,3.0,-0.2766666666666666,6.07,12.686666666666666,2.0
C101975,Company_1975,Canada,North America,0,Unknown,51-200,25013.45,Growth,MidMarket,SelfServe,2023-10-28,2024-10-28,0,0.07,6.0,0,1245.0,3.401639344262295,366,434.0,1.185792349726776,8329.833753394008,22.759108615830623,768,5029.7,477.0,3300.133753394008,2.0,0.0,0.0,0.0,2.0,-0.27,5.265,6.02,2.0
C101976,Company_1976,Australia,North America,0,Unknown,51-200,13501.05,Enterprise,MidMarket,Inbound,2023-04-12,,1,0.56,7.0,0,3743.0,10.226775956284152,366,1318.0,3.601092896174863,10870.423090320164,29.70060953639389,1809,5514.2,1934.0,5356.223090320164,0.0,1.0,0.0,0.0,1.0,0.25,1.01,5.55,0.0
C101977,Company_1977,Canada,North America,0,Hospitality,1000+,186244.57,Enterprise,Enterprise,Partner,2023-09-17,2024-09-17,0,0.06,9.2,0,2672.0,7.300546448087432,366,914.0,2.4972677595628414,7663.819677239663,20.93939802524498,1855,5312.2699999999995,817.0,2351.549677239663,1.0,1.0,2.0,0.0,4.0,-0.135,3.6125,8.61,3.0
C101978,Company_1978,Spain,Europe,1,Wholesale,51-200,15640.4,Enterprise,MidMarket,Outbound,2023-05-14,,1,0.32,7.1,0,3379.0,10.05654761904762,336,1202.0,3.577380952380953,9982.027567309142,29.708415378896255,1795,5459.95,1584.0,4522.077567309141,1.0,1.0,0.0,2.0,4.0,-0.0925,4.1450000000000005,12.045,4.0
C101979,Company_1979,UK,Europe,1,Ecommerce,10-Jan,1329.37,Starter,SMB_Inside,Inbound,2024-03-25,2024-09-24,0,0.21,4.0,0,164.0,0.4880952380952381,336,60.0,0.1785714285714285,2218.9222779889847,6.603935351157692,97,1341.61,67.0,877.3122779889848,0.0,1.0,0.0,0.0,1.0,-0.18,0.75,7.37,1.0
C101980,Company_1980,US,North America,0,Unknown,201-1000,111619.3,Enterprise,Enterprise,Partner,2024-02-10,2025-02-10,0,0.37,2.8,0,3488.0,9.530054644808745,366,1200.0,3.278688524590164,9840.867611411511,26.887616424621616,1534,4232.33,1954.0,5608.5376114115115,0.0,0.0,1.0,0.0,1.0,-0.26,1.33,21.06,1.0
C101981,Company_1981,France,Europe,1,Hospitality,10-Jan,1843.77,Growth,SMB_Inside,Inbound,2023-09-30,,1,0.18,5.4,0,1329.0,3.955357142857143,336,451.0,1.3422619047619049,9038.343595663902,26.89983212995209,731,4895.95,598.0,4142.3935956639025,1.0,1.0,2.0,1.0,5.0,0.07,2.152,10.382,4.0
C101982,Company_1982,US,North America,0,Unknown,10-Jan,2271.24,Starter,SMB_Field,Inbound,2023-09-30,2024-09-30,0,0.16,6.5,0,280.0,0.7650273224043715,366,82.0,0.2240437158469945,3585.1338650973953,9.795447718845342,188,2305.12,92.0,1280.0138650973954,0.0,0.0,1.0,0.0,1.0,0.03,1.88,4.41,1.0
C101983,Company_1983,Spain,Europe,1,Logistics,Nov-50,4785.81,Starter,SMB_Field,Inbound,2023-01-13,,1,0.18,7.2,0,365.0,1.0863095238095235,336,127.0,0.3779761904761904,4919.40446060911,14.64108470419378,175,2482.75,190.0,2436.65446060911,0.0,0.0,0.0,0.0,0.0,0.0,0.0,0.0,0.0
C101984,Company_1984,Canada,North America,0,Manufacturing,51-200,35152.35,Growth,MidMarket,SelfServe,2023-05-04,,1,0.51,4.4,0,1481.0,4.046448087431694,366,491.0,1.3415300546448088,10116.206436957213,27.639908297697303,741,5099.21,740.0,5016.9964369572135,0.0,0.0,1.0,0.0,1.0,-0.07,1.34,5.79,1.0
C101985,Company_1985,UK,Europe,1,Wholesale,Nov-50,7743.19,Starter,SMB_Inside,Outbound,2023-06-04,,1,0.18,7.8,0,357.0,1.0625,336,120.0,0.3571428571428571,4632.193250915516,13.78628943724856,208,2577.51,149.0,2054.6832509155156,0.0,1.0,0.0,0.0,1.0,0.56,1.62,11.98,1.0
C101986,Company_1986,Spain,Europe,1,Professional Services,Nov-50,9727.26,Growth,SMB_Inside,Partner,2023-08-30,2024-08-30,0,0.14,8.0,0,1010.0,3.005952380952381,336,328.0,0.9761904761904762,6726.709951697872,20.019970094338905,743,5003.54,267.0,1723.1699516978724,0.0,0.0,0.0,0.0,0.0,0.0,0.0,0.0,0.0
C101987,Company_1987,US,North America,0,Hospitality,51-200,19549.82,Enterprise,MidMarket,Partner,2024-02-11,2025-02-11,0,0.18,6.3,0,3291.0,8.991803278688524,366,1177.0,3.2158469945355193,9958.130097882078,27.208005731918245,1420,4363.38,1871.0,5594.750097882079,0.0,1.0,2.0,0.0,3.0,0.2366666666666666,1.3966666666666667,8.273333333333333,3.0
C101988,Company_1988,Australia,North America,0,Wholesale,Nov-50,3037.42,Growth,SMB_Inside,Partner,2023-04-13,,1,0.25,5.7,0,1510.0,4.1256830601092895,366,572.0,1.5628415300546448,10214.214322449028,27.907689405598436,764,5147.29,746.0,5066.924322449028,1.0,1.0,0.0,0.0,2.0,0.205,9.34,14.58,2.0
C101989,Company_1989,Spain,Europe,1,Manufacturing,10-Jan,2599.72,Starter,SMB_Inside,Outbound,2023-01-05,2023-07-07,0,0.42,4.1,1,0.0,0.0,336,0.0,0.0,0.0,0.0,0,0.0,0.0,0.0,0.0,0.0,0.0,1.0,1.0,-0.57,5.11,10.91,1.0
C101990,Company_1990,Netherlands,Europe,1,Logistics,Nov-50,9238.76,Enterprise,SMB_Inside,SelfServe,2023-09-24,2024-09-24,0,0.09,6.6,0,2322.0,6.910714285714286,336,835.0,2.485119047619047,7371.468828451244,21.93889532277156,1746,5537.55,576.0,1833.918828451244,2.0,0.0,2.0,0.0,4.0,-0.2224999999999999,2.6575,19.1425,4.0
C101991,Company_1991,US,North America,0,Retail,Nov-50,4791.5,Starter,SMB_Inside,Partner,2023-02-28,,1,0.35,3.3,0,349.0,0.953551912568306,366,122.0,0.3333333333333333,5174.00393872894,14.136622783412404,185,2662.4,164.0,2511.6039387289397,0.0,0.0,1.0,0.0,1.0,-0.05,2.74,5.43,1.0
C101992,Company_1992,UK,Europe,1,Professional Services,10-Jan,1875.4,Enterprise,SMB_Inside,SelfServe,2023-04-24,,1,0.37,7.9,0,3300.0,9.821428571428571,336,1157.0,3.443452380952381,9997.324959383835,29.75394333149951,1778,5350.2,1522.0,4647.124959383836,1.0,1.0,1.0,2.0,5.0,0.16,3.2940000000000005,10.656,5.0
C101993,Company_1993,Australia,North America,0,Hospitality,Nov-50,6662.07,Starter,SMB_Field,Inbound,2023-12-02,2024-12-02,0,0.45,4.2,0,350.0,0.9562841530054644,366,133.0,0.3633879781420765,4807.233293474831,13.134517195286424,171,2456.46,179.0,2350.773293474831,0.0,1.0,0.0,0.0,1.0,-0.64,1.11,12.62,1.0
C101994,Company_1994,US,North America,0,Professional Services,Nov-50,7476.21,Starter,SMB_Inside,Partner,2023-05-12,2024-05-12,0,0.36,8.3,1,141.0,0.3852459016393442,366,50.0,0.1366120218579235,2006.71,5.482814207650273,141,2006.71,0.0,0.0,0.0,0.0,0.0,0.0,0.0,0.0,0.0,0.0,0.0
C101995,Company_1995,UK,Europe,1,Ecommerce,10-Jan,2065.07,Starter,SMB_Inside,Outbound,2023-03-13,,1,0.2,9.2,0,363.0,1.0803571428571428,336,118.0,0.3511904761904761,4815.379069315222,14.331485325342925,209,2559.13,154.0,2256.249069315222,0.0,1.0,1.0,1.0,3.0,0.0,10.3,13.08,1.0
C101996,Company_1996,France,Europe,1,Hospitality,201-1000,147704.53,Growth,Enterprise,Outbound,2023-06-05,,1,0.16,9.9,0,1338.0,3.982142857142857,336,450.0,1.3392857142857142,8800.628890548951,26.192347888538546,720,4844.63,618.0,3955.998890548952,0.0,1.0,2.0,0.0,3.0,0.0866666666666666,4.823333333333333,17.566666666666666,3.0
C101997,Company_1997,US,North America,0,Healthcare,10-Jan,2917.28,Growth,SMB_Inside,Inbound,2023-09-12,2023-12-12,0,0.59,4.6,1,0.0,0.0,366,0.0,0.0,0.0,0.0,0,0.0,0.0,0.0,1.0,0.0,0.0,0.0,1.0,0.07,4.24,14.58,1.0
C101998,Company_1998,France,Europe,1,Ecommerce,51-200,23575.0,Enterprise,MidMarket,Inbound,2023-07-10,2024-07-10,0,0.48,4.5,0,1884.0,5.607142857142857,336,690.0,2.0535714285714284,5730.0681554683715,17.053774272227297,1805,5455.13,79.0,274.9381554683713,0.0,2.0,3.0,0.0,5.0,-0.006,2.51,9.758,4.0
C101999,Company_1999,Germany,Europe,1,Unknown,51-200,33791.19,Enterprise,MidMarket,Inbound,2023-12-02,,1,0.26,7.7,0,3378.0,10.053571428571429,336,1189.0,3.5386904761904763,10009.37518924125,29.789807110837053,1812,5360.08,1566.0,4649.295189241249,0.0,2.0,3.0,2.0,7.0,0.0128571428571428,2.1942857142857144,6.562857142857142,5.0
C102000,Company_2000,Australia,North America,0,Professional Services,10-Jan,2887.56,Starter,SMB_Inside,Outbound,2023-06-05,2023-09-04,0,0.17,7.0,1,0.0,0.0,366,0.0,0.0,0.0,0.0,0,0.0,0.0,0.0,0.0,1.0,0.0,0.0,1.0,0.08,0.72,13.67,1.0
C102001,Company_2001,France,Europe,1,Unknown,10-Jan,1143.79,Growth,SMB_Inside,Inbound,2023-04-10,,1,0.45,3.4,0,1297.0,3.860119047619047,336,470.0,1.3988095238095235,8935.199739221753,26.592856366731407,719,4860.8,578.0,4074.399739221752,0.0,1.0,0.0,0.0,1.0,0.33,1.02,5.12,1.0
C102002,Company_2002,Germany,Europe,1,Healthcare,51-200,36939.37,Growth,MidMarket,Partner,2023-12-05,2024-12-05,0,0.13,5.4,0,1251.0,3.7232142857142856,336,425.0,1.2648809523809523,8505.50607884828,25.314006187048456,719,4971.44,532.0,3534.066078848281,1.0,1.0,0.0,0.0,2.0,0.41,0.71,2.09,2.0
C102003,Company_2003,Germany,Europe,1,Ecommerce,51-200,11751.77,Enterprise,MidMarket,Outbound,2023-11-26,2024-11-26,0,0.21,5.7,0,3009.0,8.955357142857142,336,1056.0,3.142857142857143,9042.539056013497,26.91231861908778,1843,5394.37,1166.0,3648.169056013494,0.0,2.0,2.0,0.0,4.0,-0.045,2.88,7.095,3.0
C102004,Company_2004,Australia,North America,0,Wholesale,51-200,10885.36,Starter,MidMarket,SelfServe,2023-01-04,2023-07-06,0,0.18,8.0,1,0.0,0.0,366,0.0,0.0,0.0,0.0,0,0.0,0.0,0.0,2.0,0.0,0.0,0.0,2.0,-0.16,4.88,10.14,2.0
C102005,Company_2005,Canada,North America,0,Unknown,201-1000,146981.38,Growth,Enterprise,SelfServe,2024-02-19,2025-02-19,0,0.12,7.5,0,1290.0,3.5245901639344264,366,477.0,1.3032786885245902,8588.424382554047,23.46564038949193,549,3501.21,741.0,5087.214382554048,1.0,0.0,0.0,0.0,1.0,-0.19,1.06,17.95,1.0
C102006,Company_2006,Canada,North America,0,Hospitality,10-Jan,1277.57,Starter,SMB_Field,Partner,2023-12-24,2024-06-24,0,0.09,4.7,1,181.0,0.494535519125683,366,77.0,0.2103825136612022,2467.6,6.74207650273224,181,2467.6,0.0,0.0,0.0,1.0,0.0,0.0,1.0,-0.28,2.35,3.45,1.0
C102007,Company_2007,Spain,Europe,1,Unknown,51-200,20703.58,Growth,MidMarket,Outbound,2023-01-27,,1,0.02,7.8,0,1351.0,4.020833333333333,336,476.0,1.4166666666666667,9248.718508412754,27.525947941704622,710,4936.66,641.0,4312.058508412753,1.0,0.0,0.0,0.0,1.0,-0.14,5.61,14.29,1.0
C102008,Company_2008,Australia,North America,0,Ecommerce,Nov-50,8766.79,Growth,SMB_Inside,SelfServe,2024-01-06,2025-01-06,0,0.15,6.0,0,1437.0,3.926229508196722,366,490.0,1.3387978142076502,9508.549361524076,25.979643064273432,699,4973.89,738.0,4534.659361524076,0.0,0.0,0.0,1.0,1.0,-0.62,11.17,13.45,1.0
C102009,Company_2009,France,Europe,1,Unknown,51-200,10149.3,Growth,MidMarket,SelfServe,2023-12-05,2024-12-05,0,0.13,6.5,0,1272.0,3.7857142857142856,336,448.0,1.3333333333333333,8317.165881216753,24.753469884573672,756,4846.53,516.0,3470.635881216753,2.0,0.0,1.0,1.0,4.0,0.25,4.13,7.859999999999999,4.0
C102010,Company_2010,Canada,North America,0,Logistics,Nov-50,5247.81,Growth,SMB_Inside,SelfServe,2023-01-12,,1,0.09,5.8,0,1534.0,4.191256830601093,366,543.0,1.4836065573770492,9863.348776391937,26.949040372655563,797,5057.3,737.0,4806.048776391936,0.0,0.0,0.0,0.0,0.0,0.0,0.0,0.0,0.0
C102011,Company_2011,US,North America,0,Wholesale,51-200,36857.25,Growth,MidMarket,Partner,2023-08-09,2024-08-09,0,0.37,3.9,0,916.0,2.5027322404371586,366,298.0,0.8142076502732241,5994.418295373197,16.378192063861196,762,4955.07,154.0,1039.3482953731968,0.0,0.0,0.0,0.0,0.0,0.0,0.0,0.0,0.0
C102012,Company_2012,Germany,Europe,1,Unknown,10-Jan,1196.49,Growth,SMB_Field,Outbound,2024-01-17,,1,0.13,6.5,0,1264.0,3.761904761904762,336,396.0,1.1785714285714286,8528.985280264413,25.383884762691704,647,4335.41,617.0,4193.575280264412,0.0,0.0,1.0,0.0,1.0,0.13,1.58,16.85,1.0
C102013,Company_2013,UK,Europe,1,Ecommerce,51-200,25286.09,Growth,MidMarket,Partner,2024-02-07,2025-02-07,0,0.15,7.1,0,1206.0,3.5892857142857144,336,416.0,1.238095238095238,8089.679767573189,24.076427879682107,575,3818.88,631.0,4270.799767573189,3.0,0.0,0.0,0.0,3.0,-0.3266666666666666,1.586666666666667,27.25,3.0
C102014,Company_2014,Australia,North America,0,Unknown,201-1000,46111.87,Enterprise,Enterprise,Outbound,2024-02-25,2025-02-25,0,0.1,7.5,0,3109.0,8.494535519125684,366,1103.0,3.0136612021857925,9222.22723801048,25.197342180356504,1229,3838.24,1880.0,5383.987238010481,0.0,4.0,0.0,0.0,4.0,0.065,1.3575,7.935,3.0
C102015,Company_2015,Germany,Europe,1,Manufacturing,Nov-50,9301.99,Growth,SMB_Inside,Outbound,2023-01-17,,1,0.13,6.3,0,1240.0,3.6904761904761902,336,454.0,1.3511904761904765,8366.925176693152,24.901563025872477,697,4545.24,543.0,3821.685176693152,1.0,1.0,0.0,0.0,2.0,0.21,4.3100000000000005,18.825,2.0
C102016,Company_2016,Germany,Europe,1,Hospitality,10-Jan,1175.85,Starter,SMB_Field,SelfServe,2023-07-17,,1,0.11,4.5,0,364.0,1.0833333333333333,336,130.0,0.3869047619047619,4736.404684476611,14.096442513323248,204,2522.62,160.0,2213.784684476611,1.0,0.0,1.0,0.0,2.0,-0.145,2.695,11.805,2.0
C102017,Company_2017,Canada,North America,0,Healthcare,Nov-50,8561.74,Growth,SMB_Field,Inbound,2023-06-08,,1,0.16,7.2,0,1450.0,3.9617486338797816,366,526.0,1.4371584699453552,10138.456151146367,27.700699866520132,702,5105.79,748.0,5032.666151146369,0.0,1.0,0.0,1.0,2.0,0.18,1.54,16.025,2.0
C102018,Company_2018,Netherlands,Europe,1,Retail,Nov-50,7573.93,Growth,SMB_Inside,Outbound,2023-07-13,2024-07-13,0,0.25,4.8,0,766.0,2.2797619047619047,336,252.0,0.75,4886.957823689737,14.544517332409931,716,4532.31,50.0,354.64782368973715,0.0,0.0,1.0,2.0,3.0,-0.3166666666666667,11.339999999999998,22.126666666666665,2.0
C102019,Company_2019,Australia,North America,0,Unknown,10-Jan,2800.28,Growth,SMB_Inside,Inbound,2023-12-15,,1,0.15,8.1,0,1468.0,4.0109289617486334,366,521.0,1.4234972677595628,9975.742538960689,27.256127155630296,686,4767.89,782.0,5207.852538960689,0.0,0.0,2.0,0.0,2.0,0.12,10.105,16.42,1.0
C102020,Company_2020,Germany,Europe,1,Retail,10-Jan,2325.37,Starter,SMB_Inside,Outbound,2023-06-05,2024-06-05,0,0.06,6.1,1,155.0,0.4613095238095238,336,55.0,0.1636904761904762,2342.89,6.972886904761904,155,2342.89,0.0,0.0,1.0,1.0,0.0,0.0,2.0,-0.205,7.865,17.229999999999997,2.0
C102021,Company_2021,Canada,North America,0,Unknown,10-Jan,2139.15,Starter,SMB_Inside,SelfServe,2024-03-21,2024-06-20,0,0.08,5.7,1,101.0,0.2759562841530054,366,42.0,0.1147540983606557,1311.14,3.5823497267759565,101,1311.14,0.0,0.0,0.0,0.0,1.0,1.0,2.0,-0.145,6.375,11.085,2.0
C102022,Company_2022,Australia,North America,0,Ecommerce,51-200,22500.98,Enterprise,MidMarket,Outbound,2023-02-23,,1,0.19,7.0,0,3716.0,10.153005464480874,366,1290.0,3.5245901639344264,10791.259473956034,29.484315502612112,1850,5275.47,1866.0,5515.789473956034,0.0,0.0,1.0,1.0,2.0,0.01,6.45,8.98,2.0
C102023,Company_2023,Netherlands,Europe,1,Professional Services,10-Jan,1510.69,Growth,SMB_Inside,Inbound,2024-01-09,2024-07-10,0,0.31,4.2,0,686.0,2.0416666666666665,336,232.0,0.6904761904761905,4978.078430543751,14.815709614713544,642,4650.66,44.0,327.41843054375136,0.0,0.0,0.0,0.0,0.0,0.0,0.0,0.0,0.0
C102024,Company_2024,Australia,North America,0,Ecommerce,51-200,19907.91,Growth,MidMarket,Outbound,2023-06-05,,1,0.28,7.4,0,1427.0,3.898907103825137,366,531.0,1.4508196721311477,9555.160723972916,26.1069965135872,698,4663.12,729.0,4892.040723972917,0.0,0.0,2.0,2.0,4.0,-0.13,3.5824999999999996,7.9425,4.0
C102025,Company_2025,Canada,North America,0,Manufacturing,Nov-50,6405.18,Enterprise,SMB_Inside,Partner,2023-10-16,2024-10-16,0,0.03,7.9,0,2835.0,7.745901639344262,366,1007.0,2.751366120218579,8536.06426241785,23.32257995196134,1779,5331.34,1056.0,3204.7242624178507,0.0,1.0,1.0,0.0,2.0,-0.08,0.47,8.305,2.0
C102026,Company_2026,France,Europe,1,Manufacturing,10-Jan,1811.41,Growth,SMB_Inside,Partner,2023-01-16,,1,0.08,7.9,0,1352.0,4.023809523809524,336,481.0,1.431547619047619,9097.242812203487,27.075127417272284,762,4950.88,590.0,4146.362812203487,1.0,0.0,1.0,0.0,2.0,-0.09,0.895,10.01,2.0
C102027,Company_2027,US,North America,0,Unknown,51-200,16254.18,Growth,MidMarket,Outbound,2023-05-19,,1,0.33,6.5,0,1453.0,3.969945355191257,366,499.0,1.3633879781420766,9470.52673947061,25.87575611877216,711,4713.61,742.0,4756.916739470609,0.0,1.0,1.0,1.0,3.0,-0.0233333333333333,5.016666666666667,24.55,2.0
C102028,Company_2028,Spain,Europe,1,Healthcare,10-Jan,1366.65,Starter,SMB_Inside,Inbound,2023-03-29,,1,0.09,7.8,0,317.0,0.9434523809523808,336,109.0,0.3244047619047619,4725.559648007744,14.064165619070666,154,2479.0,163.0,2246.5596480077434,0.0,2.0,0.0,0.0,2.0,0.485,7.625,14.19,1.0
C102029,Company_2029,Australia,North America,0,Wholesale,10-Jan,2959.93,Growth,SMB_Inside,Partner,2023-11-14,2024-11-14,0,0.34,5.3,0,1262.0,3.448087431693989,366,470.0,1.284153005464481,8398.495008525511,22.94670767356697,697,4749.01,565.0,3649.485008525511,2.0,0.0,0.0,1.0,3.0,-0.04,5.083333333333333,10.64,3.0
C102030,Company_2030,Canada,North America,0,Hospitality,1000+,454614.42,Enterprise,Enterprise,Outbound,2023-03-14,,1,0.5,4.8,0,3690.0,10.081967213114757,366,1302.0,3.557377049180328,11078.63735106934,30.26950095920585,1826,5411.32,1864.0,5667.31735106934,0.0,1.0,1.0,1.0,3.0,0.05,1.5833333333333333,4.29,3.0
C102031,Company_2031,UK,Europe,1,Ecommerce,Nov-50,4168.9,Enterprise,SMB_Inside,SelfServe,2023-11-30,,1,0.07,9.2,0,3403.0,10.12797619047619,336,1159.0,3.449404761904762,10216.747409447127,30.40698633764026,1823,5408.48,1580.0,4808.267409447127,1.0,1.0,2.0,1.0,5.0,-0.25,1.53,7.747999999999999,5.0
C102032,Company_2032,Canada,North America,0,Unknown,10-Jan,1452.52,Growth,SMB_Inside,Partner,2024-01-07,2024-07-08,0,0.13,7.0,0,738.0,2.0163934426229506,366,245.0,0.6693989071038251,4829.7260307028155,13.195972761483102,708,4671.66,30.0,158.06603070281537,0.0,0.0,0.0,1.0,1.0,0.5,5.86,33.09,1.0
C102033,Company_2033,Germany,Europe,1,Healthcare,201-1000,47641.37,Growth,Enterprise,Inbound,2023-02-09,,1,0.12,4.5,0,1337.0,3.9791666666666665,336,513.0,1.5267857142857142,8569.993919779065,25.50593428505674,728,4677.66,609.0,3892.333919779065,0.0,0.0,0.0,1.0,1.0,-0.17,15.68,28.71,1.0
C102034,Company_2034,Canada,North America,0,Unknown,201-1000,47415.61,Enterprise,Enterprise,SelfServe,2023-12-24,2024-12-24,0,0.27,4.4,0,3652.0,9.978142076502731,366,1321.0,3.609289617486339,10814.948817546012,29.549040485098395,1852,5536.58,1800.0,5278.368817546012,0.0,1.0,0.0,0.0,1.0,0.17,2.86,4.72,1.0
C102035,Company_2035,US,North America,0,Healthcare,201-1000,120796.85,Growth,Enterprise,Inbound,2023-06-15,,1,0.26,5.5,0,1455.0,3.9754098360655736,366,531.0,1.4508196721311477,9788.206576720431,26.743733816176043,709,4777.07,746.0,5011.136576720432,0.0,0.0,1.0,1.0,2.0,-0.055,3.46,18.755,2.0
C102036,Company_2036,Australia,North America,0,Retail,201-1000,132432.32,Growth,Enterprise,Partner,2023-02-19,,1,0.33,4.8,0,1448.0,3.956284153005464,366,502.0,1.371584699453552,9696.418750318982,26.49294740524312,709,4852.23,739.0,4844.188750318983,2.0,0.0,0.0,0.0,2.0,0.32,4.115,6.484999999999999,2.0
C102037,Company_2037,Australia,North America,0,Hospitality,Nov-50,5394.62,Starter,SMB_Inside,Partner,2023-12-21,2024-12-21,0,0.2,4.4,0,335.0,0.9153005464480874,366,110.0,0.3005464480874317,4920.945176783194,13.445205401046978,174,2423.2,161.0,2497.745176783194,1.0,1.0,0.0,0.0,2.0,-0.22,4.8950000000000005,9.575,2.0
C102038,Company_2038,Netherlands,Europe,1,Unknown,10-Jan,1258.54,Starter,SMB_Inside,Outbound,2023-11-18,,1,0.28,5.8,0,341.0,1.0148809523809523,336,104.0,0.3095238095238095,4901.4993881033415,14.587795797926612,184,2521.39,157.0,2380.109388103342,1.0,1.0,0.0,0.0,2.0,-0.235,2.3299999999999996,6.3549999999999995,2.0
C102039,Company_2039,UK,Europe,1,Retail,51-200,32029.18,Growth,MidMarket,Partner,2023-04-29,2024-04-29,0,0.14,6.3,1,504.0,1.5,336,194.0,0.5773809523809523,3326.35,9.89985119047619,504,3326.35,0.0,0.0,0.0,0.0,1.0,1.0,2.0,0.025,6.45,8.58,2.0
C102040,Company_2040,France,Europe,1,Unknown,1000+,482234.22,Growth,Enterprise,SelfServe,2023-11-04,2024-11-04,0,0.16,4.8,0,1086.0,3.232142857142857,336,361.0,1.074404761904762,7522.076071086303,22.38713116394733,720,4838.61,366.0,2683.4660710863036,0.0,0.0,0.0,0.0,0.0,0.0,0.0,0.0,0.0
C102041,Company_2041,Spain,Europe,1,Unknown,201-1000,141923.85,Growth,Enterprise,Partner,2023-07-14,2024-07-14,0,0.46,3.4,0,734.0,2.1845238095238093,336,248.0,0.7380952380952381,4918.841683461154,14.639409772205816,686,4543.49,48.0,375.3516834611542,1.0,0.0,0.0,0.0,1.0,-0.19,1.37,32.7,1.0
C102042,Company_2042,Netherlands,Europe,1,Logistics,1000+,350836.57,Growth,Enterprise,Inbound,2023-01-27,2024-01-28,0,0.35,7.5,1,94.0,0.2797619047619047,336,29.0,0.0863095238095238,744.65,2.216220238095238,94,744.65,0.0,0.0,3.0,0.0,1.0,1.0,5.0,-0.178,2.934,16.95,5.0
C102043,Company_2043,Germany,Europe,1,Wholesale,201-1000,122628.64,Growth,Enterprise,Outbound,2023-01-11,,1,0.21,9.1,0,1350.0,4.017857142857143,336,480.0,1.4285714285714286,9298.84768221708,27.675141911360363,727,4941.94,623.0,4356.907682217081,0.0,0.0,1.0,1.0,2.0,-0.25,3.765,7.609999999999999,2.0
C102044,Company_2044,UK,Europe,1,Hospitality,10-Jan,1204.64,Growth,SMB_Inside,Partner,2023-01-02,2023-04-03,0,0.08,7.2,1,0.0,0.0,336,0.0,0.0,0.0,0.0,0,0.0,0.0,0.0,1.0,0.0,0.0,0.0,1.0,-0.11,3.47,6.42,0.0
C102045,Company_2045,Netherlands,Europe,1,Hospitality,51-200,21046.91,Growth,MidMarket,Outbound,2023-01-26,,1,0.06,5.1,0,1307.0,3.889880952380953,336,460.0,1.369047619047619,8677.929844099059,25.82717215505672,737,4766.5,570.0,3911.4298440990583,0.0,0.0,1.0,1.0,2.0,0.285,2.805,3.375,2.0
C102046,Company_2046,Australia,North America,0,Wholesale,1000+,464752.04,Growth,Enterprise,Outbound,2023-03-01,,1,0.39,2.9,0,1435.0,3.920765027322404,366,473.0,1.2923497267759565,9508.79196964526,25.98030592799251,700,4668.3,735.0,4840.49196964526,0.0,0.0,0.0,0.0,0.0,0.0,0.0,0.0,0.0
C102047,Company_2047,Spain,Europe,1,Manufacturing,51-200,35336.39,Growth,MidMarket,SelfServe,2024-03-20,2025-03-21,0,0.17,4.8,0,1018.0,3.0297619047619047,336,395.0,1.175595238095238,6690.638982690737,19.912616019912907,392,2639.4,626.0,4051.2389826907374,0.0,0.0,3.0,4.0,7.0,-0.0214285714285714,3.892857142857143,8.032857142857143,7.0
C102048,Company_2048,UK,Europe,1,Healthcare,Nov-50,3274.77,Growth,SMB_Field,Inbound,2023-09-26,2024-09-26,0,0.12,6.4,0,937.0,2.7886904761904763,336,334.0,0.9940476190476192,6261.057660815399,18.63410018099821,709,4625.61,228.0,1635.447660815399,0.0,0.0,0.0,1.0,1.0,0.09,0.69,3.77,1.0
C102049,Company_2049,Spain,Europe,1,Manufacturing,51-200,26561.3,Enterprise,MidMarket,Outbound,2024-03-07,2024-09-06,0,0.09,4.6,0,1803.0,5.366071428571429,336,647.0,1.925595238095238,5412.91371656296,16.109862251675477,1197,3540.69,606.0,1872.22371656296,1.0,0.0,0.0,2.0,3.0,-0.2466666666666666,2.306666666666666,15.053333333333336,3.0
C102050,Company_2050,UK,Europe,1,Professional Services,51-200,36721.12,Growth,MidMarket,Outbound,2023-05-05,,1,0.14,6.7,0,1351.0,4.020833333333333,336,456.0,1.3571428571428572,9034.625109113338,26.888765205694455,735,4942.58,616.0,4092.045109113338,0.0,0.0,0.0,1.0,1.0,0.12,3.8,9.45,0.0
C102051,Company_2051,UK,Europe,1,Healthcare,10-Jan,2473.82,Starter,SMB_Inside,SelfServe,2023-07-29,,1,0.18,5.7,0,316.0,0.9404761904761904,336,104.0,0.3095238095238095,4316.763210006275,12.847509553590104,178,2372.81,138.0,1943.953210006275,0.0,0.0,0.0,0.0,0.0,0.0,0.0,0.0,0.0
C102052,Company_2052,Germany,Europe,1,Healthcare,10-Jan,1373.21,Starter,SMB_Inside,SelfServe,2023-05-13,2023-11-12,0,0.28,4.4,1,0.0,0.0,336,0.0,0.0,0.0,0.0,0,0.0,0.0,0.0,1.0,0.0,0.0,0.0,1.0,-0.22,16.9,49.42,1.0
C102053,Company_2053,Netherlands,Europe,1,Manufacturing,10-Jan,1032.53,Starter,SMB_Inside,Inbound,2024-02-12,2025-02-12,0,0.04,7.1,0,321.0,0.9553571428571428,336,118.0,0.3511904761904761,3895.364423556567,11.593346498680258,153,1672.82,168.0,2222.544423556567,0.0,0.0,0.0,0.0,0.0,0.0,0.0,0.0,0.0
C102054,Company_2054,Canada,North America,0,Unknown,Nov-50,4989.99,Starter,SMB_Field,SelfServe,2023-02-27,,1,0.32,3.9,0,323.0,0.8825136612021858,366,110.0,0.3005464480874317,4911.239801509982,13.41868798226771,167,2436.2,156.0,2475.0398015099818,0.0,0.0,0.0,0.0,0.0,0.0,0.0,0.0,0.0
C102055,Company_2055,Germany,Europe,1,Retail,10-Jan,1542.56,Starter,SMB_Field,Partner,2023-08-29,,1,0.07,6.9,0,318.0,0.9464285714285714,336,93.0,0.2767857142857143,4778.1771643334805,14.22076537004012,186,2754.76,132.0,2023.4171643334807,1.0,0.0,1.0,1.0,3.0,-0.0133333333333333,2.2566666666666664,6.69,1.0
C102056,Company_2056,Spain,Europe,1,Logistics,10-Jan,2571.02,Starter,SMB_Inside,Outbound,2023-03-31,,1,0.08,8.1,0,333.0,0.9910714285714286,336,124.0,0.369047619047619,4685.767972947052,13.94573801472337,189,2570.48,144.0,2115.2879729470524,0.0,0.0,0.0,0.0,0.0,0.0,0.0,0.0,0.0
C102057,Company_2057,US,North America,0,Unknown,10-Jan,2285.39,Growth,SMB_Field,SelfServe,2023-01-02,,1,0.24,2.0,0,1430.0,3.907103825136612,366,496.0,1.355191256830601,10093.177292549231,27.576987138112653,746,4985.29,684.0,5107.8872925492315,2.0,0.0,0.0,0.0,2.0,-0.11,5.815,15.84,2.0
C102058,Company_2058,Canada,North America,0,Hospitality,Nov-50,3270.78,Growth,SMB_Field,Partner,2023-07-03,,1,0.04,3.7,0,1406.0,3.841530054644809,366,505.0,1.3797814207650274,9550.758192986934,26.094967740401454,719,4753.53,687.0,4797.228192986933,2.0,1.0,0.0,4.0,7.0,0.0799999999999999,2.6042857142857145,8.225714285714286,7.0
C102059,Company_2059,Netherlands,Europe,1,Hospitality,10-Jan,2396.6,Starter,SMB_Inside,Inbound,2023-11-26,,1,0.26,6.3,0,342.0,1.0178571428571428,336,134.0,0.3988095238095238,4528.488674898879,13.477644865770474,202,2579.1,140.0,1949.3886748988791,0.0,0.0,0.0,0.0,0.0,0.0,0.0,0.0,0.0
C102060,Company_2060,UK,Europe,1,Logistics,51-200,23727.97,Growth,MidMarket,Outbound,2023-12-17,2024-12-17,0,0.21,5.2,0,1260.0,3.75,336,446.0,1.3273809523809523,8479.925200562035,25.237872620720346,696,4820.53,564.0,3659.3952005620354,0.0,1.0,0.0,0.0,1.0,0.58,4.65,8.71,1.0
C102061,Company_2061,Australia,North America,0,Unknown,Nov-50,4221.2,Growth,SMB_Inside,Partner,2023-08-08,2024-08-08,0,0.14,6.1,0,854.0,2.3333333333333335,366,275.0,0.7513661202185792,5804.746592140194,15.859963366503262,668,4625.91,186.0,1178.836592140193,1.0,0.0,0.0,1.0,2.0,0.015,5.58,16.759999999999998,2.0
C102062,Company_2062,Canada,North America,0,Unknown,10-Jan,1063.72,Starter,SMB_Field,Partner,2023-09-23,,1,0.26,7.2,0,350.0,0.9562841530054644,366,125.0,0.3415300546448087,5044.949780390827,13.78401579341756,180,2344.12,170.0,2700.829780390827,0.0,0.0,0.0,0.0,0.0,0.0,0.0,0.0,0.0
C102063,Company_2063,Australia,North America,0,Logistics,201-1000,116017.43,Starter,Enterprise,Inbound,2023-12-14,2024-12-14,0,0.12,8.8,0,354.0,0.9672131147540984,366,137.0,0.3743169398907104,4780.855861421606,13.062447708802203,172,2402.45,182.0,2378.4058614216065,0.0,0.0,0.0,0.0,0.0,0.0,0.0,0.0,0.0
C102064,Company_2064,France,Europe,1,Unknown,51-200,16080.97,Growth,MidMarket,Inbound,2024-03-11,2025-03-12,0,0.12,5.0,0,1082.0,3.2202380952380953,336,386.0,1.1488095238095235,7119.94437203362,21.19031063105244,436,2919.49,646.0,4200.4543720336205,0.0,0.0,0.0,1.0,1.0,-0.16,26.62,41.4,1.0
C102065,Company_2065,Canada,North America,0,Professional Services,10-Jan,2420.32,Starter,SMB_Inside,Partner,2023-08-08,2024-02-07,0,0.13,4.6,1,36.0,0.0983606557377049,366,7.0,0.0191256830601092,593.11,1.6205191256830602,36,593.11,0.0,0.0,0.0,0.0,0.0,0.0,0.0,0.0,0.0,0.0,0.0
C102066,Company_2066,Spain,Europe,1,Ecommerce,10-Jan,2017.75,Starter,SMB_Inside,Inbound,2023-04-10,,1,0.36,3.3,0,320.0,0.9523809523809524,336,118.0,0.3511904761904761,4351.891887064334,12.95205918769147,172,2280.19,148.0,2071.7018870643333,1.0,0.0,0.0,0.0,1.0,-0.57,8.07,19.13,1.0
C102067,Company_2067,Australia,North America,0,Unknown,Nov-50,6998.38,Growth,SMB_Inside,SelfServe,2024-02-25,2025-02-25,0,0.08,5.9,0,1216.0,3.3224043715846996,366,417.0,1.139344262295082,8300.645285279434,22.679358702949273,507,3383.34,709.0,4917.305285279433,0.0,0.0,0.0,0.0,0.0,0.0,0.0,0.0,0.0
C102068,Company_2068,Germany,Europe,1,Unknown,Nov-50,7565.39,Growth,SMB_Inside,Outbound,2024-01-03,2025-01-03,0,0.22,5.0,0,1380.0,4.107142857142857,336,457.0,1.3601190476190477,9152.528177990263,27.23966719639959,769,5021.74,611.0,4130.788177990264,2.0,2.0,0.0,2.0,6.0,0.0766666666666666,4.698333333333333,11.796666666666669,5.0
C102069,Company_2069,Netherlands,Europe,1,Healthcare,51-200,23839.64,Growth,MidMarket,Inbound,2023-02-09,,1,0.18,5.8,0,1388.0,4.130952380952381,336,469.0,1.3958333333333333,9054.705392714604,26.94852795450775,713,4848.49,675.0,4206.215392714604,0.0,0.0,0.0,2.0,2.0,-0.3249999999999999,2.11,5.245,1.0
C102070,Company_2070,Netherlands,Europe,1,Retail,201-1000,91287.29,Growth,Enterprise,Outbound,2023-06-08,,1,0.04,8.3,0,1321.0,3.931547619047619,336,468.0,1.3928571428571428,8971.6014610231,26.70119482447351,700,4966.78,621.0,4004.8214610231,3.0,1.0,0.0,1.0,5.0,-0.054,3.564,19.651999999999997,5.0
C102071,Company_2071,France,Europe,1,Retail,Nov-50,8314.02,Growth,SMB_Inside,Partner,2023-06-11,,1,0.14,5.5,0,1355.0,4.032738095238095,336,458.0,1.363095238095238,8818.484976460137,26.245491001369455,706,4767.47,649.0,4051.014976460137,0.0,1.0,0.0,0.0,1.0,-0.21,10.65,15.58,1.0
C102072,Company_2072,Canada,North America,0,Ecommerce,Nov-50,3189.49,Enterprise,SMB_Inside,Outbound,2024-03-06,2025-03-07,0,0.26,6.2,0,3005.0,8.210382513661202,366,1015.0,2.773224043715847,8964.412328218337,24.492929858520046,1163,3284.92,1842.0,5679.492328218338,1.0,1.0,1.0,0.0,3.0,0.25,1.9366666666666668,13.99,2.0
C102073,Company_2073,Canada,North America,0,Unknown,51-200,23578.45,Enterprise,MidMarket,Outbound,2023-02-19,,1,0.29,8.9,0,3588.0,9.80327868852459,366,1283.0,3.5054644808743167,10840.738008220336,29.619502754700378,1793,5367.19,1795.0,5473.548008220337,0.0,2.0,1.0,1.0,4.0,0.0325,3.9425,13.355,3.0
C102074,Company_2074,Spain,Europe,1,Healthcare,10-Jan,2315.7,Starter,SMB_Inside,SelfServe,2024-02-28,2025-02-28,0,0.11,7.5,0,272.0,0.8095238095238095,336,87.0,0.2589285714285714,3690.958650811011,10.984995984556582,134,1614.15,138.0,2076.808650811012,0.0,0.0,0.0,0.0,0.0,0.0,0.0,0.0,0.0
C102075,Company_2075,Germany,Europe,1,Unknown,51-200,30869.25,Growth,MidMarket,Inbound,2023-10-22,2024-10-22,0,0.07,7.8,0,1007.0,2.9970238095238093,336,353.0,1.050595238095238,7013.50327871799,20.87352166285116,710,4897.23,297.0,2116.2732787179893,0.0,0.0,2.0,1.0,3.0,-0.11,1.346666666666667,13.42,3.0
C102076,Company_2076,Germany,Europe,1,Logistics,1000+,318726.39,Growth,Enterprise,Partner,2023-08-29,2024-08-29,0,0.19,7.7,0,986.0,2.9345238095238093,336,350.0,1.0416666666666667,6641.347290943358,19.76591455637904,746,4988.07,240.0,1653.2772909433572,2.0,0.0,0.0,2.0,4.0,-0.09,2.37,8.7725,3.0
C102077,Company_2077,Spain,Europe,1,Logistics,10-Jan,2913.05,Starter,SMB_Inside,SelfServe,2023-10-13,,1,0.58,6.0,0,319.0,0.949404761904762,336,118.0,0.3511904761904761,4343.407958793,12.926809401169644,174,2501.31,145.0,1842.097958793,1.0,0.0,0.0,0.0,1.0,-0.28,3.3,20.72,1.0
C102078,Company_2078,Australia,North America,0,Wholesale,1000+,278305.05,Enterprise,Enterprise,Partner,2023-12-01,2024-06-01,0,0.58,2.2,1,1559.0,4.259562841530054,366,542.0,1.4808743169398908,4700.12,12.841857923497267,1559,4700.12,0.0,0.0,1.0,2.0,2.0,1.0,6.0,-0.1466666666666666,1.535,4.865,6.0
C102079,Company_2079,Australia,North America,0,Logistics,1000+,169502.08,Starter,Enterprise,Outbound,2023-10-27,,1,0.51,5.7,0,361.0,0.9863387978142076,366,125.0,0.3415300546448087,4889.2760264316585,13.35867766784606,197,2587.39,164.0,2301.8860264316586,1.0,0.0,0.0,0.0,1.0,0.08,8.63,19.73,1.0
C102080,Company_2080,Germany,Europe,1,Unknown,1000+,345291.9,Enterprise,Enterprise,Partner,2023-08-08,,1,0.32,6.1,0,3398.0,10.113095238095235,336,1226.0,3.648809523809524,9960.747639742043,29.64508226113703,1818,5389.93,1580.0,4570.817639742044,2.0,1.0,0.0,2.0,5.0,0.106,0.95,11.642,4.0
C102081,Company_2081,Canada,North America,0,Retail,Nov-50,3100.79,Growth,SMB_Field,Partner,2023-07-31,2024-07-31,0,0.2,4.6,0,852.0,2.3278688524590163,366,302.0,0.825136612021858,5530.694428885478,15.111186964167974,731,4638.47,121.0,892.2244288854782,0.0,0.0,2.0,1.0,3.0,0.0766666666666666,3.5233333333333334,12.703333333333331,3.0
C102082,Company_2082,Netherlands,Europe,1,Unknown,10-Jan,2787.2,Starter,SMB_Inside,Inbound,2023-08-01,,1,0.03,3.7,0,328.0,0.9761904761904762,336,121.0,0.3601190476190476,4603.548439237929,13.701037021541456,185,2450.65,143.0,2152.8984392379293,0.0,0.0,1.0,0.0,1.0,-0.14,6.32,9.08,1.0
C102083,Company_2083,US,North America,0,Manufacturing,51-200,38978.33,Growth,MidMarket,Inbound,2023-03-02,,1,0.19,6.3,0,1495.0,4.084699453551913,366,542.0,1.4808743169398908,9842.547924675306,26.89220744446805,719,4833.45,776.0,5009.097924675306,0.0,0.0,1.0,0.0,1.0,0.09,4.4,6.35,1.0
C102084,Company_2084,Australia,North America,0,Hospitality,10-Jan,1143.56,Starter,SMB_Inside,Partner,2023-05-11,2024-05-11,0,0.53,6.2,1,128.0,0.3497267759562841,366,46.0,0.1256830601092896,1753.54,4.791092896174863,128,1753.54,0.0,0.0,0.0,0.0,0.0,0.0,0.0,0.0,0.0,0.0,0.0
C102085,Company_2085,UK,Europe,1,Hospitality,51-200,16712.92,Growth,MidMarket,Outbound,2023-07-02,2024-07-02,0,0.24,7.6,0,745.0,2.2172619047619047,336,262.0,0.7797619047619048,4967.911318863104,14.785450353759236,741,4933.02,4.0,34.891318863103464,1.0,0.0,1.0,2.0,4.0,0.045,2.35,7.27,2.0
C102086,Company_2086,Canada,North America,0,Hospitality,Nov-50,9850.4,Growth,SMB_Inside,SelfServe,2024-01-31,2025-01-31,0,0.21,7.4,0,1323.0,3.614754098360656,366,456.0,1.2459016393442623,8970.941286885596,24.51076854340327,606,4048.35,717.0,4922.591286885597,1.0,0.0,0.0,0.0,1.0,-0.64,11.21,20.92,1.0
C102087,Company_2087,Netherlands,Europe,1,Wholesale,Nov-50,6222.9,Growth,SMB_Inside,Inbound,2024-03-17,2024-09-16,0,0.3,7.3,0,664.0,1.9761904761904765,336,222.0,0.6607142857142857,4443.121439912097,13.2235757140241,414,2811.9,250.0,1631.2214399120971,0.0,1.0,1.0,0.0,2.0,-0.135,5.1450000000000005,11.2,1.0
C102088,Company_2088,Netherlands,Europe,1,Ecommerce,10-Jan,2353.78,Starter,SMB_Inside,SelfServe,2023-09-01,2023-12-01,0,0.33,4.7,1,0.0,0.0,336,0.0,0.0,0.0,0.0,0,0.0,0.0,0.0,0.0,1.0,0.0,0.0,1.0,0.01,7.07,13.21,1.0
C102089,Company_2089,UK,Europe,1,Retail,10-Jan,2174.37,Growth,SMB_Field,Inbound,2023-02-17,2023-05-19,0,0.43,4.9,1,0.0,0.0,336,0.0,0.0,0.0,0.0,0,0.0,0.0,0.0,0.0,1.0,1.0,1.0,3.0,-0.05,2.046666666666667,8.409999999999998,3.0
C102090,Company_2090,France,Europe,1,Professional Services,10-Jan,1730.1,Starter,SMB_Inside,Inbound,2023-02-08,,1,0.14,8.3,0,349.0,1.0386904761904765,336,144.0,0.4285714285714285,4549.173347325956,13.539206390851058,190,2464.42,159.0,2084.753347325956,1.0,1.0,0.0,1.0,3.0,0.0166666666666666,6.63,23.863333333333333,3.0
C102091,Company_2091,UK,Europe,1,Ecommerce,Nov-50,6147.14,Growth,SMB_Inside,SelfServe,2024-02-17,2024-08-18,0,0.25,7.0,0,692.0,2.0595238095238093,336,254.0,0.7559523809523809,4795.1352054211175,14.271235730419992,523,3636.97,169.0,1158.1652054211172,0.0,2.0,0.0,1.0,3.0,-0.1433333333333333,3.896666666666667,21.366666666666664,3.0
C102092,Company_2092,France,Europe,1,Unknown,Nov-50,3096.51,Growth,SMB_Inside,Partner,2024-03-30,2024-09-29,0,0.13,9.0,0,632.0,1.880952380952381,336,217.0,0.6458333333333334,4057.8324571543394,12.076882312959343,384,2433.6,248.0,1624.2324571543395,0.0,1.0,1.0,3.0,5.0,-0.1639999999999999,3.758,10.728,5.0
C102093,Company_2093,Germany,Europe,1,Wholesale,10-Jan,2387.98,Starter,SMB_Field,SelfServe,2023-10-06,,1,0.29,7.3,0,330.0,0.9821428571428572,336,109.0,0.3244047619047619,4764.519251278386,14.180116819280911,182,2539.66,148.0,2224.859251278386,0.0,0.0,0.0,0.0,0.0,0.0,0.0,0.0,0.0
C102094,Company_2094,US,North America,0,Ecommerce,10-Jan,1718.19,Growth,SMB_Inside,SelfServe,2023-05-31,,1,0.1,5.9,0,1458.0,3.9836065573770494,366,480.0,1.3114754098360657,9881.37953913649,26.99830475173904,722,4973.01,736.0,4908.36953913649,1.0,1.0,1.0,1.0,4.0,-0.2075,8.02,12.1725,4.0
C102095,Company_2095,UK,Europe,1,Healthcare,10-Jan,1707.76,Growth,SMB_Inside,Inbound,2024-02-05,2024-08-06,0,0.1,4.3,0,732.0,2.1785714285714284,336,250.0,0.7440476190476191,5081.996192959471,15.124988669522237,598,4010.47,134.0,1071.5261929594712,0.0,2.0,1.0,1.0,4.0,0.2025,4.96,10.045,4.0
C102096,Company_2096,Netherlands,Europe,1,Retail,Nov-50,7568.79,Growth,SMB_Inside,Outbound,2023-04-12,,1,0.09,8.3,0,1311.0,3.9017857142857144,336,442.0,1.3154761904761905,8765.01696741884,26.08636002207988,678,4764.86,633.0,4000.156967418839,1.0,1.0,1.0,1.0,4.0,0.0075,3.085,9.5825,3.0
C102097,Company_2097,US,North America,0,Retail,201-1000,104294.7,Growth,Enterprise,Partner,2023-01-31,,1,0.21,7.4,0,1467.0,4.008196721311475,366,472.0,1.289617486338798,9862.91144710616,26.947845483896614,742,5116.76,725.0,4746.15144710616,1.0,2.0,0.0,1.0,4.0,-0.2699999999999999,5.970000000000001,15.78,4.0
C102098,Company_2098,France,Europe,1,Professional Services,10-Jan,2958.96,Growth,SMB_Inside,SelfServe,2023-09-17,2024-03-18,0,0.21,7.6,1,299.0,0.8898809523809523,336,112.0,0.3333333333333333,2072.03,6.166755952380953,299,2072.03,0.0,0.0,0.0,1.0,0.0,1.0,2.0,-0.305,3.275,8.245,2.0
C102099,Company_2099,Netherlands,Europe,1,Ecommerce,10-Jan,1419.06,Starter,SMB_Inside,SelfServe,2024-02-13,,1,0.2,6.7,0,296.0,0.8809523809523809,336,93.0,0.2767857142857143,4164.551779599842,12.39449934404715,145,2007.48,151.0,2157.071779599842,0.0,1.0,1.0,0.0,2.0,0.45,4.38,12.1,1.0
C102100,Company_2100,UK,Europe,1,Ecommerce,10-Jan,2334.41,Enterprise,SMB_Field,Partner,2024-03-21,2024-09-20,0,0.31,4.0,0,1665.0,4.955357142857143,336,583.0,1.7351190476190477,4854.9640413324,14.449297742060711,1084,2977.18,581.0,1877.7840413323995,0.0,1.0,0.0,1.0,2.0,-0.425,1.6949999999999998,5.715,1.0
C102101,Company_2101,Netherlands,Europe,1,Retail,10-Jan,2743.75,Starter,SMB_Inside,Partner,2023-02-18,2023-08-20,0,0.09,5.5,1,0.0,0.0,336,0.0,0.0,0.0,0.0,0,0.0,0.0,0.0,0.0,0.0,0.0,0.0,0.0,0.0,0.0,0.0,0.0
C102102,Company_2102,UK,Europe,1,Retail,10-Jan,1990.51,Starter,SMB_Inside,SelfServe,2023-05-27,,1,0.14,6.8,0,331.0,0.9851190476190476,336,99.0,0.2946428571428571,4739.123806704183,14.104535139000545,193,2610.71,138.0,2128.4138067041836,0.0,1.0,0.0,0.0,1.0,-0.17,0.46,31.79,1.0
C102103,Company_2103,France,Europe,1,Ecommerce,51-200,22470.44,Growth,MidMarket,Inbound,2024-03-15,2024-09-14,0,0.11,5.5,0,683.0,2.0327380952380953,336,235.0,0.6994047619047619,4644.075024509189,13.8216518586583,414,2990.71,269.0,1653.3650245091887,1.0,0.0,1.0,0.0,2.0,-0.265,9.195,17.165,2.0
C102104,Company_2104,UK,Europe,1,Healthcare,10-Jan,2751.73,Growth,SMB_Field,SelfServe,2024-03-13,2024-09-12,0,0.1,7.7,0,655.0,1.949404761904762,336,222.0,0.6607142857142857,4722.612233858504,14.055393553150308,430,3183.12,225.0,1539.4922338585034,0.0,0.0,0.0,0.0,0.0,0.0,0.0,0.0,0.0
C102105,Company_2105,Spain,Europe,1,Logistics,Nov-50,7656.39,Starter,SMB_Inside,SelfServe,2023-12-09,,1,0.06,6.1,0,341.0,1.0148809523809523,336,135.0,0.4017857142857143,4766.43741899182,14.185825651761368,177,2608.27,164.0,2158.1674189918203,0.0,0.0,0.0,1.0,1.0,0.02,1.36,2.73,1.0
C102106,Company_2106,Netherlands,Europe,1,Retail,10-Jan,2345.02,Starter,SMB_Inside,Partner,2023-09-09,,1,0.09,7.7,0,316.0,0.9404761904761904,336,103.0,0.306547619047619,4601.847412333443,13.69597444146858,190,2555.86,126.0,2045.9874123334428,1.0,1.0,0.0,1.0,3.0,-0.0933333333333333,1.6033333333333333,6.743333333333333,3.0
C102107,Company_2107,Canada,North America,0,Logistics,51-200,14705.57,Growth,MidMarket,Partner,2023-01-17,,1,0.24,6.4,0,1473.0,4.024590163934426,366,499.0,1.3633879781420766,9753.290301175257,26.648334156216546,748,5107.85,725.0,4645.440301175256,0.0,0.0,0.0,1.0,1.0,-0.13,0.95,19.98,1.0
C102108,Company_2108,Australia,North America,0,Professional Services,51-200,35764.97,Enterprise,MidMarket,Outbound,2023-11-15,,1,0.19,7.2,0,3596.0,9.825136612021858,366,1267.0,3.4617486338797816,10787.780735969798,29.47481075401584,1821,5339.64,1775.0,5448.140735969799,3.0,2.0,0.0,1.0,6.0,-0.085,1.0916666666666666,10.626666666666669,6.0
C102109,Company_2109,Australia,North America,0,Ecommerce,10-Jan,1638.43,Starter,SMB_Inside,Outbound,2023-12-01,,1,0.07,5.8,0,365.0,0.9972677595628416,366,119.0,0.3251366120218579,5232.633687975003,14.29681335512296,187,2674.3,178.0,2558.333687975003,0.0,0.0,1.0,0.0,1.0,0.2,0.15,10.0,1.0
C102110,Company_2110,Spain,Europe,1,Healthcare,201-1000,112719.4,Growth,Enterprise,Partner,2023-11-28,2024-11-28,0,0.11,7.2,0,1181.0,3.514880952380953,336,413.0,1.2291666666666667,7802.481632281577,23.22167152464755,705,4842.58,476.0,2959.901632281577,0.0,0.0,0.0,0.0,0.0,0.0,0.0,0.0,0.0
C102111,Company_2111,France,Europe,1,Manufacturing,1000+,275589.03,Enterprise,Enterprise,SelfServe,2023-02-10,,1,0.23,8.8,0,3281.0,9.764880952380953,336,1143.0,3.4017857142857144,10328.729646660016,30.740266805535764,1750,5645.63,1531.0,4683.099646660017,1.0,0.0,3.0,0.0,4.0,-0.045,0.425,5.7475000000000005,4.0
C102112,Company_2112,UK,Europe,1,Logistics,10-Jan,1360.73,Starter,SMB_Field,Partner,2023-06-02,2024-06-02,0,0.24,4.6,1,156.0,0.4642857142857143,336,54.0,0.1607142857142857,2072.65,6.168601190476191,156,2072.65,0.0,0.0,0.0,0.0,0.0,0.0,0.0,0.0,0.0,0.0,0.0
C102113,Company_2113,Canada,North America,0,Retail,Nov-50,3530.32,Growth,SMB_Field,Partner,2023-07-08,2024-07-08,0,0.39,7.3,0,757.0,2.068306010928962,366,264.0,0.7213114754098361,5017.969595878925,13.710299442292143,724,4802.74,33.0,215.2295958789248,0.0,0.0,1.0,0.0,1.0,0.13,8.02,9.56,1.0
C102114,Company_2114,Australia,North America,0,Hospitality,Nov-50,8801.31,Growth,SMB_Inside,Inbound,2023-04-07,,1,0.29,6.7,0,1519.0,4.1502732240437155,366,543.0,1.4836065573770492,10058.92943994528,27.483413770342292,746,4863.04,773.0,5195.889439945279,0.0,0.0,0.0,0.0,0.0,0.0,0.0,0.0,0.0
C102115,Company_2115,US,North America,0,Hospitality,Nov-50,3417.78,Starter,SMB_Field,Outbound,2024-02-05,2024-08-06,0,0.02,6.6,0,196.0,0.5355191256830601,366,65.0,0.1775956284153005,2715.0958124725144,7.418294569597034,162,2169.16,34.0,545.9358124725142,1.0,1.0,0.0,0.0,2.0,0.035,16.08,16.685,2.0
C102116,Company_2116,Germany,Europe,1,Unknown,Nov-50,7664.93,Growth,SMB_Field,Inbound,2023-01-27,,1,0.09,5.5,0,1383.0,4.116071428571429,336,518.0,1.5416666666666667,8559.697917441028,25.47529142095544,749,4574.39,634.0,3985.307917441028,0.0,2.0,0.0,1.0,3.0,-0.5599999999999999,5.526666666666666,14.343333333333334,3.0
C102117,Company_2117,US,North America,0,Wholesale,1000+,317774.45,Starter,Enterprise,SelfServe,2023-07-25,2024-07-25,0,0.08,6.8,0,215.0,0.587431693989071,366,71.0,0.1939890710382513,2881.7425882806792,7.873613629182183,178,2464.07,37.0,417.67258828067946,2.0,0.0,1.0,0.0,3.0,0.0433333333333333,4.323333333333333,10.93,3.0
C102118,Company_2118,Canada,North America,0,Ecommerce,201-1000,58152.63,Enterprise,Enterprise,Inbound,2023-12-14,,1,0.06,6.8,0,3775.0,10.314207650273223,366,1335.0,3.6475409836065578,11190.320755814198,30.57464687380929,1882,5646.35,1893.0,5543.970755814199,0.0,2.0,1.0,0.0,3.0,0.0466666666666666,1.3833333333333335,6.276666666666666,3.0
C102119,Company_2119,Germany,Europe,1,Retail,51-200,17162.99,Growth,MidMarket,Inbound,2024-02-13,2024-08-14,0,0.15,8.0,0,747.0,2.2232142857142856,336,251.0,0.7470238095238095,4976.486815752607,14.81097266593038,560,3661.89,187.0,1314.596815752607,2.0,0.0,1.0,0.0,3.0,0.0966666666666666,4.236666666666666,5.843333333333334,3.0
C102120,Company_2120,Spain,Europe,1,Professional Services,10-Jan,1515.48,Starter,SMB_Inside,Outbound,2024-03-22,2024-09-21,0,0.23,6.8,0,185.0,0.5505952380952381,336,57.0,0.1696428571428571,2408.7363934581613,7.168858313863575,120,1470.74,65.0,937.996393458161,0.0,1.0,0.0,0.0,1.0,0.49,6.16,13.83,1.0
C102121,Company_2121,Netherlands,Europe,1,Healthcare,10-Jan,1129.08,Growth,SMB_Inside,SelfServe,2024-03-30,2024-09-29,0,0.13,5.9,0,608.0,1.8095238095238095,336,188.0,0.5595238095238095,4025.86699578916,11.98174701127726,357,2352.71,251.0,1673.15699578916,1.0,0.0,0.0,0.0,1.0,-0.03,5.34,8.35,1.0
C102122,Company_2122,Germany,Europe,1,Unknown,10-Jan,1653.37,Starter,SMB_Field,Inbound,2023-02-19,,1,0.12,6.1,0,352.0,1.0476190476190477,336,120.0,0.3571428571428571,5002.974600321921,14.889805358100954,186,2672.12,166.0,2330.8546003219208,0.0,0.0,1.0,0.0,1.0,0.12,4.61,9.37,1.0
C102123,Company_2123,Netherlands,Europe,1,Unknown,10-Jan,1534.31,Starter,SMB_Inside,Outbound,2023-05-05,,1,0.1,6.9,0,320.0,0.9523809523809524,336,129.0,0.3839285714285714,4158.005116769371,12.37501522848027,160,2171.21,160.0,1986.795116769371,0.0,0.0,0.0,0.0,0.0,0.0,0.0,0.0,0.0
C102124,Company_2124,Australia,North America,0,Manufacturing,201-1000,71479.26,Growth,Enterprise,SelfServe,2023-07-22,2024-07-22,0,0.06,7.5,0,799.0,2.1830601092896176,366,271.0,0.7404371584699454,5393.850781205112,14.73729721640741,712,4809.0,87.0,584.850781205112,1.0,0.0,0.0,0.0,1.0,-0.43,11.64,16.31,1.0
C102125,Company_2125,France,Europe,1,Unknown,51-200,32384.09,Starter,MidMarket,SelfServe,2023-08-08,2024-08-08,0,0.21,5.5,0,229.0,0.6815476190476191,336,88.0,0.2619047619047619,3128.449382219407,9.310861256605378,185,2619.59,44.0,508.85938221940745,0.0,0.0,0.0,0.0,0.0,0.0,0.0,0.0,0.0
C102126,Company_2126,Spain,Europe,1,Unknown,Nov-50,9607.15,Growth,SMB_Field,Partner,2023-07-10,2024-07-10,0,0.01,7.4,0,775.0,2.306547619047619,336,263.0,0.7827380952380952,5128.333039033232,15.262895949503667,741,4918.19,34.0,210.14303903323255,1.0,0.0,3.0,1.0,5.0,-0.118,8.422,15.464,5.0
C102127,Company_2127,Spain,Europe,1,Unknown,Nov-50,3296.37,Starter,SMB_Inside,SelfServe,2023-05-01,,1,0.2,5.3,0,343.0,1.0208333333333333,336,131.0,0.3898809523809524,4582.91945781436,13.639641243495118,190,2573.54,153.0,2009.3794578143595,0.0,0.0,1.0,0.0,1.0,0.02,3.75,5.32,1.0
C102128,Company_2128,Netherlands,Europe,1,Wholesale,201-1000,100383.19,Enterprise,Enterprise,SelfServe,2023-08-17,2024-08-17,0,0.06,8.6,0,2233.0,6.645833333333333,336,769.0,2.2886904761904763,6927.886112145412,20.61870866709944,1742,5449.34,491.0,1478.546112145412,0.0,1.0,1.0,1.0,3.0,0.11,0.5499999999999999,5.513333333333333,3.0
C102129,Company_2129,Germany,Europe,1,Manufacturing,51-200,22323.91,Enterprise,MidMarket,SelfServe,2023-11-05,,1,0.1,6.7,0,3368.0,10.023809523809524,336,1177.0,3.5029761904761907,10148.954558021098,30.205221898872317,1832,5503.95,1536.0,4645.004558021097,1.0,2.0,3.0,0.0,6.0,-0.0066666666666666,3.9766666666666666,13.24,5.0
C102130,Company_2130,Netherlands,Europe,1,Unknown,Nov-50,8847.47,Growth,SMB_Field,SelfServe,2023-07-16,2024-07-16,0,0.27,4.0,0,806.0,2.3988095238095237,336,287.0,0.8541666666666666,5361.66155837044,15.95732606657869,753,4923.84,53.0,437.8215583704393,1.0,0.0,0.0,2.0,3.0,-0.19,5.71,15.586666666666666,3.0
C102131,Company_2131,Germany,Europe,1,Manufacturing,10-Jan,1294.95,Growth,SMB_Field,Outbound,2023-04-21,2023-10-21,0,0.08,7.8,1,0.0,0.0,336,0.0,0.0,0.0,0.0,0,0.0,0.0,0.0,1.0,0.0,2.0,0.0,3.0,0.0,2.1733333333333333,9.749999999999998,3.0
C102132,Company_2132,Germany,Europe,1,Manufacturing,201-1000,104010.67,Growth,Enterprise,Outbound,2023-06-03,,1,0.35,2.9,0,1399.0,4.163690476190476,336,462.0,1.375,9105.967675949356,27.1010942736588,795,5044.36,604.0,4061.607675949356,0.0,0.0,1.0,1.0,2.0,0.015,2.39,9.895,2.0
C102133,Company_2133,Australia,North America,0,Manufacturing,Nov-50,7134.52,Enterprise,SMB_Field,SelfServe,2024-03-01,2025-03-02,0,0.12,5.0,0,3037.0,8.297814207650273,366,1085.0,2.9644808743169397,9242.556264904935,25.252885969685614,1202,3759.33,1835.0,5483.226264904935,0.0,1.0,1.0,1.0,3.0,-0.1633333333333333,1.3333333333333333,10.706666666666663,2.0
C102134,Company_2134,US,North America,0,Hospitality,51-200,19624.29,Growth,MidMarket,Outbound,2023-12-19,2024-12-19,0,0.4,6.8,0,1416.0,3.8688524590163937,366,468.0,1.278688524590164,9509.132157133758,25.981235402004803,749,4792.76,667.0,4716.372157133757,1.0,1.0,0.0,0.0,2.0,0.03,0.3399999999999999,8.145,2.0
C102135,Company_2135,Netherlands,Europe,1,Wholesale,51-200,35156.76,Growth,MidMarket,SelfServe,2023-07-22,2024-07-22,0,0.07,7.2,0,827.0,2.4613095238095237,336,261.0,0.7767857142857143,5506.633336641895,16.38878969238659,730,4857.45,97.0,649.1833366418948,0.0,1.0,0.0,0.0,1.0,-0.05,0.47,8.73,0.0
C102136,Company_2136,Australia,North America,0,Unknown,10-Jan,2690.63,Growth,SMB_Inside,Partner,2024-02-21,2024-08-22,0,0.1,7.4,0,686.0,1.8743169398907105,366,235.0,0.6420765027322405,5018.626512609942,13.712094296748475,490,3454.77,196.0,1563.8565126099425,1.0,1.0,0.0,0.0,2.0,-0.1,3.0050000000000003,3.4,2.0
C102137,Company_2137,Australia,North America,0,Hospitality,10-Jan,1961.99,Starter,SMB_Field,Outbound,2023-02-06,2023-05-08,0,0.1,8.0,1,0.0,0.0,366,0.0,0.0,0.0,0.0,0,0.0,0.0,0.0,0.0,0.0,0.0,2.0,2.0,0.01,10.94,15.995,1.0
C102138,Company_2138,France,Europe,1,Hospitality,201-1000,126795.6,Enterprise,Enterprise,Partner,2023-10-12,2024-10-12,0,0.34,5.8,0,2607.0,7.758928571428571,336,902.0,2.6845238095238093,7559.275883795402,22.497844892248217,1857,5374.97,750.0,2184.3058837954013,4.0,1.0,2.0,1.0,8.0,-0.1399999999999999,1.95375,7.025,7.0
C102139,Company_2139,Canada,North America,0,Wholesale,51-200,38147.36,Growth,MidMarket,Inbound,2023-09-03,2024-09-03,0,0.19,5.1,0,997.0,2.7240437158469946,366,358.0,0.9781420765027322,6831.217644538286,18.664529083437937,733,5055.03,264.0,1776.1876445382857,0.0,1.0,1.0,0.0,2.0,-0.3349999999999999,5.23,9.335,2.0
C102140,Company_2140,Australia,North America,0,Retail,Nov-50,8745.4,Growth,SMB_Inside,SelfServe,2023-10-28,2024-10-28,0,0.43,7.8,0,1209.0,3.30327868852459,366,405.0,1.1065573770491803,8294.869823598563,22.663578753001534,728,4987.45,481.0,3307.4198235985623,0.0,0.0,1.0,1.0,2.0,0.355,3.4250000000000003,4.745,2.0
C102141,Company_2141,Netherlands,Europe,1,Manufacturing,Nov-50,6554.42,Growth,SMB_Field,Outbound,2024-03-03,2024-09-02,0,0.16,5.3,0,726.0,2.1607142857142856,336,249.0,0.7410714285714286,4991.21399042332,14.854803542926549,495,3342.38,231.0,1648.8339904233203,0.0,1.0,1.0,0.0,2.0,0.53,4.6,10.965,2.0
C102142,Company_2142,Canada,North America,0,Unknown,10-Jan,2459.51,Growth,SMB_Inside,Outbound,2023-07-28,,1,0.08,7.3,0,1464.0,4.0,366,515.0,1.407103825136612,9814.132332609946,26.814569214781276,699,4686.3,765.0,5127.832332609946,0.0,0.0,0.0,0.0,0.0,0.0,0.0,0.0,0.0
C102143,Company_2143,Netherlands,Europe,1,Healthcare,Nov-50,9949.26,Enterprise,SMB_Inside,Outbound,2024-01-24,2024-07-25,0,0.52,4.9,0,1816.0,5.404761904761905,336,637.0,1.8958333333333333,5471.962552364397,16.285602834417848,1581,4733.78,235.0,738.1825523643975,1.0,2.0,2.0,0.0,5.0,0.046,3.9620000000000006,12.944,5.0
C102144,Company_2144,France,Europe,1,Hospitality,201-1000,57574.63,Starter,Enterprise,Outbound,2024-01-11,2024-07-12,0,0.43,6.8,0,165.0,0.4910714285714285,336,57.0,0.1696428571428571,2560.5439702927333,7.620666578252182,157,2428.21,8.0,132.3339702927331,0.0,0.0,0.0,1.0,1.0,0.3,0.82,1.45,1.0
C102145,Company_2145,Netherlands,Europe,1,Unknown,10-Jan,1901.6,Growth,SMB_Inside,Partner,2023-05-07,,1,0.1,9.2,0,1396.0,4.154761904761905,336,477.0,1.4196428571428572,9229.384715769262,27.46840689217042,758,4932.07,638.0,4297.314715769263,0.0,0.0,1.0,0.0,1.0,0.56,8.65,27.07,1.0
C102146,Company_2146,Germany,Europe,1,Logistics,10-Jan,2844.31,Starter,SMB_Inside,SelfServe,2023-01-05,,1,0.18,6.3,0,348.0,1.0357142857142858,336,121.0,0.3601190476190476,4501.717600827123,13.397969050080722,192,2608.49,156.0,1893.2276008271228,0.0,0.0,0.0,1.0,1.0,-0.01,18.52,43.11,1.0
C102147,Company_2147,Germany,Europe,1,Professional Services,201-1000,146334.55,Growth,Enterprise,Partner,2024-02-19,2024-08-20,0,0.12,8.3,0,751.0,2.235119047619047,336,253.0,0.7529761904761905,5099.794936113634,15.177961119385817,545,3676.45,206.0,1423.3449361136345,0.0,1.0,0.0,2.0,3.0,-0.3133333333333333,2.4133333333333327,11.52,3.0
C102148,Company_2148,Spain,Europe,1,Unknown,51-200,24212.1,Growth,MidMarket,Inbound,2023-06-15,,1,0.16,6.2,0,1322.0,3.9345238095238098,336,463.0,1.3779761904761905,8743.755890144661,26.02308300638292,717,4753.23,605.0,3990.525890144661,1.0,1.0,0.0,1.0,3.0,0.08,3.9766666666666666,11.123333333333337,2.0
C102149,Company_2149,Germany,Europe,1,Hospitality,51-200,39033.16,Growth,MidMarket,Outbound,2024-03-13,2025-03-14,0,0.13,7.7,0,1005.0,2.9910714285714284,336,350.0,1.0416666666666667,6971.644770341437,20.748942768873324,393,2760.59,612.0,4211.054770341437,0.0,1.0,1.0,0.0,2.0,-0.12,0.935,9.345,2.0
C102150,Company_2150,Germany,Europe,1,Unknown,Nov-50,7517.14,Growth,SMB_Inside,Partner,2024-02-12,2025-02-12,0,0.09,7.5,0,1168.0,3.4761904761904763,336,439.0,1.306547619047619,7854.414043584793,23.376232272573787,561,3760.82,607.0,4093.594043584793,2.0,0.0,0.0,0.0,2.0,0.055,2.51,17.13,2.0
C102151,Company_2151,Canada,North America,0,Ecommerce,Nov-50,4823.52,Growth,SMB_Field,SelfServe,2024-03-22,2024-09-21,0,0.3,4.3,0,716.0,1.9562841530054644,366,255.0,0.6967213114754098,5150.828384477647,14.073301596933462,396,2752.23,320.0,2398.5983844776465,0.0,0.0,1.0,1.0,2.0,-0.2249999999999999,2.73,16.490000000000002,2.0
C102152,Company_2152,Spain,Europe,1,Hospitality,10-Jan,2995.49,Starter,SMB_Inside,Outbound,2024-03-10,2024-09-09,0,0.48,5.7,0,168.0,0.5,336,57.0,0.1696428571428571,2288.859339766119,6.812081368351544,116,1536.45,52.0,752.4093397661189,1.0,0.0,0.0,0.0,1.0,0.41,6.52,17.49,1.0
C102153,Company_2153,Australia,North America,0,Retail,51-200,15317.75,Starter,MidMarket,SelfServe,2023-01-28,,1,0.33,5.1,0,357.0,0.9754098360655736,366,137.0,0.3743169398907104,4829.245645921534,13.194660234758288,172,2422.57,185.0,2406.675645921534,0.0,1.0,0.0,0.0,1.0,-0.03,3.13,28.54,1.0
C102154,Company_2154,UK,Europe,1,Professional Services,Nov-50,7526.74,Growth,SMB_Inside,SelfServe,2024-01-13,2025-01-13,0,0.16,5.9,0,1267.0,3.7708333333333335,336,431.0,1.2827380952380951,8723.398648812481,25.962495978608576,641,4602.05,626.0,4121.348648812482,1.0,0.0,2.0,0.0,3.0,-0.0333333333333333,4.17,16.349999999999998,2.0
C102155,Company_2155,US,North America,0,Professional Services,51-200,23267.7,Enterprise,MidMarket,Outbound,2023-08-13,2024-08-13,0,0.18,7.9,0,2278.0,6.224043715846994,366,809.0,2.210382513661202,6844.446955422668,18.70067474159199,1840,5489.77,438.0,1354.6769554226676,0.0,0.0,3.0,3.0,6.0,-0.0716666666666666,2.0416666666666665,4.066666666666666,6.0
C102156,Company_2156,Australia,North America,0,Retail,Nov-50,3360.03,Growth,SMB_Inside,Inbound,2023-06-30,,1,0.07,6.1,0,1492.0,4.076502732240437,366,518.0,1.4153005464480874,9971.971058056726,27.24582256299652,743,4860.41,749.0,5111.561058056725,0.0,1.0,0.0,0.0,1.0,-0.06,3.16,6.81,1.0
C102157,Company_2157,Canada,North America,0,Healthcare,Nov-50,7589.09,Growth,SMB_Field,Partner,2023-12-07,2024-12-07,0,0.31,7.1,0,1390.0,3.797814207650273,366,462.0,1.2622950819672132,8956.317033329009,24.4708115664727,725,4633.91,665.0,4322.407033329009,0.0,1.0,0.0,0.0,1.0,-0.5,0.9,3.93,1.0
C102158,Company_2158,Canada,North America,0,Retail,10-Jan,2668.88,Starter,SMB_Inside,SelfServe,2023-05-26,,1,0.42,4.1,0,385.0,1.0519125683060109,366,146.0,0.3989071038251366,5234.807849745315,14.30275368782873,186,2610.86,199.0,2623.947849745315,0.0,0.0,0.0,0.0,0.0,0.0,0.0,0.0,0.0
C102159,Company_2159,Australia,North America,0,Hospitality,51-200,16427.44,Growth,MidMarket,Outbound,2023-10-25,2024-10-25,0,0.27,7.5,0,1227.0,3.3524590163934427,366,410.0,1.1202185792349726,8180.037754120574,22.349829929291182,739,4941.99,488.0,3238.047754120574,0.0,0.0,1.0,0.0,1.0,0.22,0.86,12.47,1.0
C102160,Company_2160,US,North America,0,Healthcare,201-1000,134636.57,Growth,Enterprise,Outbound,2023-08-31,,1,0.09,5.1,0,1463.0,3.9972677595628414,366,503.0,1.3743169398907105,9729.228649358256,26.582591938137313,750,4919.95,713.0,4809.278649358255,0.0,0.0,0.0,0.0,0.0,0.0,0.0,0.0,0.0
C102161,Company_2161,France,Europe,1,Healthcare,51-200,21797.84,Enterprise,MidMarket,Inbound,2023-02-11,,1,0.25,3.7,0,3355.0,9.985119047619047,336,1158.0,3.4464285714285716,10186.07725069559,30.31570610326068,1846,5623.17,1509.0,4562.907250695589,0.0,0.0,2.0,0.0,2.0,-0.2,5.779999999999999,8.905000000000001,2.0
C102162,Company_2162,US,North America,0,Professional Services,10-Jan,1367.17,Starter,SMB_Inside,Inbound,2023-08-21,,1,0.16,6.3,0,363.0,0.9918032786885246,366,120.0,0.3278688524590163,5110.935212846995,13.96430386023769,179,2569.34,184.0,2541.595212846995,0.0,0.0,0.0,1.0,1.0,0.06,13.5,13.67,1.0
C102163,Company_2163,France,Europe,1,Ecommerce,10-Jan,2545.12,Growth,SMB_Inside,Inbound,2023-06-17,2023-12-17,0,0.07,4.7,1,0.0,0.0,336,0.0,0.0,0.0,0.0,0,0.0,0.0,0.0,0.0,0.0,0.0,1.0,1.0,-0.01,6.98,23.75,1.0
C102164,Company_2164,Spain,Europe,1,Wholesale,10-Jan,2428.02,Starter,SMB_Inside,Partner,2023-06-15,,1,0.2,5.3,0,365.0,1.0863095238095235,336,121.0,0.3601190476190476,4923.875906791536,14.654392579736715,183,2581.17,182.0,2342.705906791536,0.0,1.0,0.0,0.0,1.0,0.0,9.09,11.04,1.0
C102165,Company_2165,US,North America,0,Ecommerce,51-200,22176.37,Enterprise,MidMarket,Partner,2023-10-15,2024-10-15,0,0.11,7.7,0,2957.0,8.079234972677595,366,1057.0,2.887978142076503,8915.13986710461,24.358305647826803,1888,5648.11,1069.0,3267.02986710461,2.0,2.0,1.0,1.0,6.0,-0.2083333333333333,1.5316666666666665,9.896666666666668,6.0
C102166,Company_2166,Netherlands,Europe,1,Professional Services,10-Jan,2198.91,Starter,SMB_Inside,Partner,2024-02-15,2024-05-16,0,0.09,7.7,1,77.0,0.2291666666666666,336,31.0,0.0922619047619047,1224.12,3.6432142857142855,77,1224.12,0.0,0.0,0.0,0.0,0.0,0.0,0.0,0.0,0.0,0.0,0.0
C102167,Company_2167,Germany,Europe,1,Unknown,10-Jan,1361.86,Starter,SMB_Field,SelfServe,2023-08-02,,1,0.18,5.2,0,319.0,0.949404761904762,336,116.0,0.3452380952380952,4777.743709038305,14.219475324518765,163,2451.04,156.0,2326.703709038304,0.0,1.0,0.0,0.0,1.0,0.09,0.25,5.72,1.0
C102168,Company_2168,Australia,North America,0,Hospitality,10-Jan,1549.73,Growth,SMB_Inside,Outbound,2023-08-17,,1,0.18,5.8,0,1478.0,4.038251366120218,366,500.0,1.366120218579235,9824.62058650677,26.84322564619336,706,4877.12,772.0,4947.500586506769,0.0,2.0,1.0,0.0,3.0,0.2866666666666667,5.526666666666667,27.19666666666667,3.0
C102169,Company_2169,Spain,Europe,1,Unknown,51-200,11005.43,Growth,MidMarket,Inbound,2024-03-23,2025-03-24,0,0.19,6.2,0,1029.0,3.0625,336,327.0,0.9732142857142856,6861.075338477197,20.419867078801182,399,2706.59,630.0,4154.485338477197,0.0,1.0,0.0,0.0,1.0,0.31,22.7,40.38,1.0
C102170,Company_2170,Netherlands,Europe,1,Ecommerce,10-Jan,2998.99,Growth,SMB_Inside,SelfServe,2023-11-03,2024-05-04,0,0.13,4.1,1,489.0,1.4553571428571428,336,183.0,0.5446428571428571,3311.37,9.855267857142858,489,3311.37,0.0,0.0,0.0,1.0,0.0,3.0,4.0,-0.0025,2.7875,10.7375,4.0
C102171,Company_2171,Australia,North America,0,Wholesale,10-Jan,1610.74,Starter,SMB_Inside,Partner,2023-03-13,,1,0.06,8.5,0,363.0,0.9918032786885246,366,130.0,0.3551912568306011,4997.740612404134,13.655028995639707,191,2496.64,172.0,2501.1006124041337,0.0,0.0,0.0,1.0,1.0,-0.51,1.72,14.46,1.0
C102172,Company_2172,US,North America,0,Healthcare,1000+,235212.81,Enterprise,Enterprise,Partner,2023-09-22,2024-09-22,0,0.17,4.5,0,2679.0,7.319672131147541,366,932.0,2.546448087431694,8079.790329532945,22.07592986211187,1840,5528.94,839.0,2550.850329532945,0.0,2.0,2.0,0.0,4.0,0.0,1.88,10.7375,4.0
C102173,Company_2173,Netherlands,Europe,1,Healthcare,Nov-50,8795.38,Growth,SMB_Field,Inbound,2023-11-22,2024-11-22,0,0.26,5.9,0,1159.0,3.449404761904762,336,404.0,1.2023809523809523,7914.710508773246,23.555686038015615,720,4836.87,439.0,3077.8405087732467,0.0,2.0,2.0,0.0,4.0,0.1125,5.83,17.24,3.0
C102174,Company_2174,Germany,Europe,1,Wholesale,10-Jan,1344.13,Growth,SMB_Field,Inbound,2023-01-06,,1,0.13,5.8,0,1367.0,4.068452380952381,336,490.0,1.4583333333333333,8868.686354952952,26.394899865931404,733,4820.52,634.0,4048.166354952951,1.0,1.0,0.0,1.0,3.0,-0.16,1.643333333333333,8.42,3.0
C102175,Company_2175,US,North America,0,Healthcare,Nov-50,3181.07,Starter,SMB_Field,Outbound,2023-06-16,,1,0.26,3.3,0,327.0,0.8934426229508197,366,113.0,0.3087431693989071,4962.4903783398295,13.558716880709916,157,2403.21,170.0,2559.2803783398294,1.0,1.0,0.0,0.0,2.0,-0.08,4.24,22.605,1.0
C102176,Company_2176,Australia,North America,0,Unknown,Nov-50,4436.57,Growth,SMB_Inside,Outbound,2023-11-06,2024-11-06,0,0.04,8.2,0,1280.0,3.4972677595628414,366,419.0,1.144808743169399,8117.612022757596,22.179267821742062,761,4664.74,519.0,3452.8720227575955,1.0,2.0,0.0,3.0,6.0,-0.1216666666666666,5.253333333333333,10.001666666666669,3.0
C102177,Company_2177,Canada,North America,0,Ecommerce,10-Jan,2641.61,Enterprise,SMB_Inside,Inbound,2023-06-20,,1,0.36,7.1,0,3790.0,10.3551912568306,366,1261.0,3.4453551912568305,10990.55845735391,30.02884824413637,1877,5456.04,1913.0,5534.51845735391,1.0,0.0,2.0,0.0,3.0,-0.1866666666666666,1.7533333333333336,3.8666666666666663,3.0
C102178,Company_2178,UK,Europe,1,Manufacturing,1000+,352639.38,Starter,Enterprise,Partner,2024-03-17,2025-03-18,0,0.06,7.0,0,283.0,0.8422619047619048,336,103.0,0.306547619047619,3935.96437347753,11.714179682968838,116,1623.42,167.0,2312.54437347753,0.0,0.0,1.0,0.0,1.0,0.09,1.83,5.51,1.0
C102179,Company_2179,Australia,North America,0,Unknown,10-Jan,1235.65,Starter,SMB_Field,Partner,2024-01-03,2025-01-03,0,0.19,6.9,0,417.0,1.139344262295082,366,151.0,0.412568306010929,5602.542431373377,15.307492981894471,204,2725.22,213.0,2877.322431373377,0.0,0.0,0.0,0.0,0.0,0.0,0.0,0.0,0.0
C102180,Company_2180,Spain,Europe,1,Wholesale,51-200,23172.51,Enterprise,MidMarket,Outbound,2023-06-11,,1,0.03,6.1,0,3343.0,9.949404761904765,336,1168.0,3.4761904761904763,10097.29958211766,30.05148685154066,1784,5497.74,1559.0,4599.55958211766,1.0,2.0,1.0,0.0,4.0,0.08,2.6625,10.72,3.0
C102181,Company_2181,UK,Europe,1,Hospitality,201-1000,146114.5,Growth,Enterprise,Partner,2023-03-25,,1,0.3,5.7,0,1323.0,3.9375,336,467.0,1.3898809523809523,8915.74722424229,26.53496197691158,722,4906.5,601.0,4009.24722424229,2.0,0.0,2.0,0.0,4.0,-0.07,3.27,11.385,3.0
C102182,Company_2182,Germany,Europe,1,Professional Services,10-Jan,1200.66,Starter,SMB_Inside,SelfServe,2023-11-11,2024-11-11,0,0.11,7.2,0,273.0,0.8125,336,100.0,0.2976190476190476,3600.56054944932,10.715954016218214,186,2331.85,87.0,1268.7105494493196,0.0,0.0,1.0,0.0,1.0,0.22,13.25,25.81,1.0
C102183,Company_2183,Germany,Europe,1,Unknown,10-Jan,2498.54,Starter,SMB_Inside,Outbound,2024-01-11,2024-04-11,0,0.21,5.6,1,83.0,0.2470238095238095,336,30.0,0.0892857142857142,1208.58,3.5969642857142854,83,1208.58,0.0,0.0,0.0,0.0,0.0,0.0,0.0,0.0,0.0,0.0,0.0
C102184,Company_2184,Spain,Europe,1,Ecommerce,51-200,32385.82,Growth,MidMarket,Outbound,2023-12-20,2024-12-20,0,0.23,5.6,0,1256.0,3.738095238095238,336,456.0,1.3571428571428572,8760.320886933798,26.07238359206487,717,4920.64,539.0,3839.680886933797,0.0,1.0,1.0,2.0,4.0,0.0074999999999999,4.705,9.505,2.0
C102185,Company_2185,Spain,Europe,1,Retail,Nov-50,3856.19,Growth,SMB_Inside,Outbound,2024-01-12,2025-01-12,0,0.11,7.5,0,1290.0,3.8392857142857144,336,434.0,1.2916666666666667,8556.051926798616,25.464440258329216,671,4552.52,619.0,4003.531926798616,1.0,1.0,1.0,1.0,4.0,-0.23,2.6825,15.3175,3.0
C102186,Company_2186,Netherlands,Europe,1,Unknown,10-Jan,1309.41,Starter,SMB_Field,SelfServe,2023-04-25,,1,0.23,6.3,0,358.0,1.0654761904761905,336,131.0,0.3898809523809524,4747.6936906526,14.13004074598988,187,2526.04,171.0,2221.6536906526,0.0,1.0,0.0,0.0,1.0,0.14,1.82,6.4,1.0
C102187,Company_2187,Australia,North America,0,Manufacturing,10-Jan,2125.19,Starter,SMB_Inside,Partner,2023-01-20,,1,0.09,6.6,0,356.0,0.9726775956284152,366,126.0,0.3442622950819672,5173.591433135797,14.135495718950263,172,2644.83,184.0,2528.7614331357972,0.0,1.0,0.0,0.0,1.0,0.27,6.65,29.11,1.0
C102188,Company_2188,US,North America,0,Healthcare,51-200,20581.23,Enterprise,MidMarket,Outbound,2024-03-04,2025-03-05,0,0.05,4.9,0,3153.0,8.614754098360656,366,1094.0,2.989071038251366,9285.03871435299,25.36895823593713,1248,3596.66,1905.0,5688.378714352989,1.0,0.0,2.0,0.0,3.0,0.0266666666666666,2.1333333333333333,7.963333333333334,3.0
C102189,Company_2189,Netherlands,Europe,1,Hospitality,51-200,36101.46,Enterprise,MidMarket,SelfServe,2024-03-24,2025-03-25,0,0.21,7.9,0,2595.0,7.723214285714286,336,856.0,2.547619047619047,7643.268141757746,22.74782185046948,993,3031.27,1602.0,4611.998141757746,3.0,0.0,2.0,2.0,7.0,-0.1428571428571428,1.2585714285714285,8.525714285714285,6.0
C102190,Company_2190,Netherlands,Europe,1,Professional Services,10-Jan,1524.54,Starter,SMB_Field,Inbound,2023-06-11,2023-09-10,0,0.21,8.2,1,0.0,0.0,336,0.0,0.0,0.0,0.0,0,0.0,0.0,0.0,1.0,0.0,0.0,0.0,1.0,0.25,15.55,31.35,1.0
C102191,Company_2191,France,Europe,1,Wholesale,Nov-50,3410.63,Growth,SMB_Inside,Partner,2023-04-17,2023-10-17,0,0.25,4.7,1,0.0,0.0,336,0.0,0.0,0.0,0.0,0,0.0,0.0,0.0,1.0,2.0,2.0,0.0,5.0,-0.098,5.526,18.804,4.0
C102192,Company_2192,Germany,Europe,1,Healthcare,10-Jan,1170.33,Enterprise,SMB_Inside,Partner,2024-01-22,2025-01-22,0,0.51,7.7,0,3162.0,9.410714285714286,336,1069.0,3.181547619047619,9286.839756145935,27.639404036148616,1609,4744.71,1553.0,4542.129756145934,3.0,4.0,2.0,0.0,9.0,0.0988888888888888,1.8733333333333333,11.97111111111111,9.0
C102193,Company_2193,Netherlands,Europe,1,Manufacturing,Nov-50,9680.67,Enterprise,SMB_Field,Inbound,2023-06-15,,1,0.23,4.8,0,3379.0,10.05654761904762,336,1109.0,3.300595238095238,10031.735509485765,29.856355682993343,1877,5454.09,1502.0,4577.645509485766,2.0,2.0,0.0,1.0,5.0,-0.04,0.978,10.674,5.0
C102194,Company_2194,Germany,Europe,1,Healthcare,10-Jan,1816.4,Starter,SMB_Inside,Inbound,2023-06-08,2024-06-08,0,0.06,5.6,1,182.0,0.5416666666666666,336,50.0,0.1488095238095238,2351.26,6.997797619047619,182,2351.26,0.0,0.0,0.0,0.0,0.0,0.0,0.0,0.0,0.0,0.0,0.0
C102195,Company_2195,Spain,Europe,1,Ecommerce,51-200,26811.57,Growth,MidMarket,Inbound,2024-01-24,2024-07-25,0,0.16,8.6,0,728.0,2.1666666666666665,336,257.0,0.7648809523809523,4841.723965019173,14.409892753033253,626,4233.32,102.0,608.4039650191728,2.0,0.0,1.0,0.0,3.0,-0.3433333333333333,6.333333333333333,10.546666666666669,2.0
C102196,Company_2196,UK,Europe,1,Wholesale,201-1000,85644.91,Growth,Enterprise,SelfServe,2024-02-26,2025-02-26,0,0.12,7.3,0,1197.0,3.5625,336,411.0,1.2232142857142858,7600.701643682321,22.621135844292624,572,3430.06,625.0,4170.641643682322,0.0,0.0,0.0,0.0,0.0,0.0,0.0,0.0,0.0
C102197,Company_2197,France,Europe,1,Logistics,Nov-50,6147.34,Starter,SMB_Inside,Inbound,2024-03-21,2025-03-22,0,0.17,4.9,0,249.0,0.7410714285714286,336,80.0,0.238095238095238,3365.219136936304,10.015533145643762,95,1440.16,154.0,1925.059136936304,0.0,0.0,0.0,0.0,0.0,0.0,0.0,0.0,0.0
C102198,Company_2198,Netherlands,Europe,1,Unknown,10-Jan,2330.66,Enterprise,SMB_Field,Inbound,2023-01-06,,1,0.26,5.6,0,3389.0,10.086309523809524,336,1205.0,3.5863095238095237,10216.286677290136,30.40561511098255,1791,5583.05,1598.0,4633.236677290136,3.0,0.0,1.0,1.0,5.0,-0.214,3.026,13.762,5.0
C102199,Company_2199,US,North America,0,Professional Services,Nov-50,3557.9,Growth,SMB_Inside,Outbound,2023-07-10,,1,0.08,7.0,0,1464.0,4.0,366,498.0,1.360655737704918,9309.54583466934,25.435917581063773,750,4659.18,714.0,4650.365834669341,1.0,0.0,0.0,1.0,2.0,-0.2199999999999999,3.4749999999999996,16.72,2.0
C102200,Company_2200,Germany,Europe,1,Ecommerce,10-Jan,2317.69,Starter,SMB_Inside,Outbound,2024-02-02,,1,0.31,8.6,0,302.0,0.8988095238095238,336,92.0,0.2738095238095238,3857.589044554826,11.480919775460793,150,1857.1,152.0,2000.489044554826,0.0,0.0,1.0,0.0,1.0,0.28,0.95,2.82,1.0
C102201,Company_2201,Netherlands,Europe,1,Unknown,10-Jan,1753.98,Growth,SMB_Field,Inbound,2023-10-10,,1,0.17,6.6,0,1396.0,4.154761904761905,336,527.0,1.568452380952381,9151.687617478825,27.237165528210788,770,4886.37,626.0,4265.317617478825,0.0,0.0,0.0,1.0,1.0,0.04,3.31,17.19,1.0
C102202,Company_2202,Spain,Europe,1,Ecommerce,Nov-50,6467.5,Growth,SMB_Field,Outbound,2024-03-23,2024-09-22,0,0.22,7.2,0,631.0,1.8779761904761905,336,208.0,0.6190476190476191,4515.797334370596,13.439873018960109,377,2718.26,254.0,1797.537334370597,1.0,1.0,0.0,0.0,2.0,-0.325,8.3,25.174999999999997,2.0
C102203,Company_2203,Germany,Europe,1,Unknown,Nov-50,7671.45,Growth,SMB_Inside,Partner,2024-03-07,2025-03-08,0,0.15,7.1,0,1036.0,3.0833333333333335,336,366.0,1.0892857142857142,7086.487613682921,21.090736945484885,426,2977.23,610.0,4109.257613682921,0.0,2.0,1.0,0.0,3.0,-0.2233333333333333,6.22,32.910000000000004,3.0
C102204,Company_2204,Netherlands,Europe,1,Professional Services,Nov-50,3153.96,Enterprise,SMB_Inside,Outbound,2024-01-02,2025-01-02,0,0.27,4.5,0,3310.0,9.851190476190476,336,1170.0,3.482142857142857,10130.63275512377,30.150692723582647,1799,5467.93,1511.0,4662.702755123771,1.0,4.0,0.0,3.0,8.0,0.07375,2.01,6.10625,7.0
C102205,Company_2205,Netherlands,Europe,1,Retail,Nov-50,3932.26,Growth,SMB_Field,Inbound,2023-03-09,,1,0.28,5.8,0,1336.0,3.976190476190476,336,464.0,1.380952380952381,8895.615300105286,26.475045536027636,715,4828.37,621.0,4067.2453001052854,2.0,0.0,0.0,0.0,2.0,-0.055,7.290000000000001,11.855,2.0
C102206,Company_2206,Canada,North America,0,Manufacturing,51-200,19572.08,Enterprise,MidMarket,Outbound,2023-02-10,,1,0.17,6.5,0,3688.0,10.076502732240437,366,1280.0,3.4972677595628414,10984.795318987295,30.013101964446168,1838,5447.22,1850.0,5537.575318987297,3.0,0.0,0.0,0.0,3.0,-0.0733333333333333,5.456666666666667,16.56,2.0
C102207,Company_2207,US,North America,0,Manufacturing,201-1000,108603.36,Growth,Enterprise,Inbound,2024-03-16,2025-03-17,0,0.14,6.3,0,1197.0,3.2704918032786887,366,423.0,1.1557377049180328,8129.80037711365,22.21256933637609,427,2979.81,770.0,5149.99037711365,1.0,0.0,0.0,0.0,1.0,-0.19,11.23,16.5,1.0
C102208,Company_2208,US,North America,0,Unknown,Nov-50,9529.52,Enterprise,SMB_Inside,Outbound,2023-06-09,,1,0.34,5.2,0,3538.0,9.666666666666666,366,1280.0,3.4972677595628414,11018.578855879823,30.10540671005416,1734,5418.43,1804.0,5600.148855879823,1.0,2.0,1.0,0.0,4.0,-0.15,0.3175,3.3175,4.0
C102209,Company_2209,Germany,Europe,1,Hospitality,51-200,26361.02,Growth,MidMarket,Inbound,2023-09-22,2024-09-22,0,0.21,5.8,0,966.0,2.875,336,317.0,0.9434523809523808,6439.2518647613315,19.16444007369444,724,4842.53,242.0,1596.7218647613315,0.0,3.0,1.0,0.0,4.0,0.0025,1.9175,6.28,2.0
C102210,Company_2210,UK,Europe,1,Hospitality,51-200,27800.29,Growth,MidMarket,SelfServe,2023-01-09,,1,0.02,5.1,0,1329.0,3.955357142857143,336,483.0,1.4375,8881.219719345105,26.432201545669955,746,4779.47,583.0,4101.7497193451045,1.0,1.0,0.0,4.0,6.0,-0.0816666666666666,8.623333333333333,15.018333333333333,5.0
C102211,Company_2211,Australia,North America,0,Hospitality,10-Jan,2664.26,Growth,SMB_Field,Partner,2023-11-14,2024-05-15,0,0.23,4.5,1,571.0,1.5601092896174864,366,199.0,0.5437158469945356,3810.5,10.41120218579235,571,3810.5,0.0,0.0,0.0,0.0,2.0,1.0,3.0,-0.0966666666666666,6.123333333333334,17.393333333333334,3.0
C102212,Company_2212,Germany,Europe,1,Professional Services,10-Jan,1123.69,Starter,SMB_Inside,SelfServe,2023-11-06,,1,0.07,4.2,0,346.0,1.0297619047619049,336,128.0,0.3809523809523809,4746.035762772345,14.125106436822456,180,2588.04,166.0,2157.9957627723447,0.0,1.0,0.0,0.0,1.0,-0.49,6.2,22.36,1.0
C102213,Company_2213,US,North America,0,Professional Services,10-Jan,2602.31,Starter,SMB_Field,Partner,2023-04-29,2023-07-29,0,0.3,5.5,1,0.0,0.0,366,0.0,0.0,0.0,0.0,0,0.0,0.0,0.0,0.0,2.0,0.0,0.0,2.0,-0.11,2.97,7.15,2.0
C102214,Company_2214,Australia,North America,0,Logistics,10-Jan,2168.05,Starter,SMB_Inside,Partner,2023-10-20,2024-10-20,0,0.19,4.4,0,235.0,0.6420765027322405,366,78.0,0.2131147540983606,3892.300607983817,10.63470111470988,150,2437.69,85.0,1454.6106079838164,0.0,0.0,0.0,0.0,0.0,0.0,0.0,0.0,0.0
C102215,Company_2215,France,Europe,1,Unknown,201-1000,91178.85,Enterprise,Enterprise,Outbound,2023-06-26,2023-12-26,0,0.41,5.9,1,0.0,0.0,336,0.0,0.0,0.0,0.0,0,0.0,0.0,0.0,1.0,1.0,1.0,1.0,4.0,-0.0274999999999999,2.735,16.34,4.0
C102216,Company_2216,Australia,North America,0,Ecommerce,10-Jan,2810.83,Starter,SMB_Inside,Outbound,2024-01-18,2024-07-19,0,0.15,4.3,0,174.0,0.4754098360655737,366,51.0,0.1393442622950819,2232.226900837334,6.098980603380695,158,2028.5,16.0,203.72690083733423,0.0,0.0,0.0,0.0,0.0,0.0,0.0,0.0,0.0
C102217,Company_2217,UK,Europe,1,Professional Services,10-Jan,1824.41,Growth,SMB_Field,Partner,2023-05-23,2023-11-22,0,0.4,4.6,1,0.0,0.0,336,0.0,0.0,0.0,0.0,0,0.0,0.0,0.0,0.0,1.0,0.0,0.0,1.0,-0.28,10.22,17.78,1.0
C102218,Company_2218,US,North America,0,Wholesale,Nov-50,9092.14,Growth,SMB_Inside,SelfServe,2023-09-21,2024-09-21,0,0.29,6.1,0,986.0,2.6939890710382515,366,354.0,0.9672131147540984,7026.24177527729,19.197381899664727,677,4872.81,309.0,2153.43177527729,0.0,2.0,1.0,0.0,3.0,0.0133333333333333,5.453333333333333,18.843333333333337,2.0
C102219,Company_2219,Netherlands,Europe,1,Hospitality,10-Jan,2538.07,Starter,SMB_Inside,Outbound,2023-02-07,,1,0.0,7.2,0,327.0,0.9732142857142856,336,125.0,0.3720238095238095,4366.783885438054,12.99638061142278,180,2367.15,147.0,1999.6338854380544,0.0,0.0,0.0,0.0,0.0,0.0,0.0,0.0,0.0
C102220,Company_2220,UK,Europe,1,Retail,10-Jan,2814.7,Starter,SMB_Inside,Inbound,2023-03-19,2023-06-18,0,0.15,8.5,1,0.0,0.0,336,0.0,0.0,0.0,0.0,0,0.0,0.0,0.0,0.0,0.0,0.0,0.0,0.0,0.0,0.0,0.0,0.0
C102221,Company_2221,Australia,North America,0,Healthcare,Nov-50,9906.29,Growth,SMB_Inside,SelfServe,2023-12-11,2024-12-11,0,0.29,4.8,0,1422.0,3.885245901639344,366,490.0,1.3387978142076502,9077.14818492746,24.800951324938417,753,4798.58,669.0,4278.5681849274615,0.0,1.0,0.0,1.0,2.0,-0.45,1.265,10.735,2.0
C102222,Company_2222,UK,Europe,1,Retail,Nov-50,5543.74,Starter,SMB_Field,Partner,2023-05-19,,1,0.13,7.4,0,355.0,1.056547619047619,336,137.0,0.4077380952380952,4754.730073970917,14.150982363008682,211,2691.01,144.0,2063.7200739709174,0.0,0.0,1.0,1.0,2.0,-0.35,5.545,9.975,2.0
C102223,Company_2223,Canada,North America,0,Retail,201-1000,84462.09,Growth,Enterprise,Partner,2023-03-30,,1,0.05,7.5,0,1492.0,4.076502732240437,366,517.0,1.4125683060109289,9855.870453315896,26.928607795945073,718,4857.36,774.0,4998.5104533158965,0.0,0.0,2.0,0.0,2.0,0.095,1.965,7.54,1.0
C102224,Company_2224,UK,Europe,1,Unknown,51-200,39222.04,Enterprise,MidMarket,SelfServe,2023-07-22,2024-07-22,0,0.2,8.2,0,2009.0,5.979166666666667,336,678.0,2.017857142857143,6223.650782080289,18.522770184762766,1789,5498.21,220.0,725.4407820802895,0.0,1.0,1.0,0.0,2.0,-0.07,1.78,21.155,2.0
C102225,Company_2225,Australia,North America,0,Wholesale,201-1000,80763.77,Growth,Enterprise,Outbound,2023-12-12,2024-12-12,0,0.31,5.4,0,1430.0,3.907103825136612,366,466.0,1.273224043715847,9209.175233355278,25.161680965451577,755,4939.95,675.0,4269.225233355277,0.0,0.0,1.0,0.0,1.0,0.14,5.97,12.62,1.0
C102226,Company_2226,Australia,North America,0,Wholesale,Nov-50,8458.19,Starter,SMB_Inside,SelfServe,2024-01-25,2025-01-25,0,0.19,6.2,0,343.0,0.9371584699453552,366,137.0,0.3743169398907104,4536.911501021687,12.395933062900784,154,2009.36,189.0,2527.5515010216873,0.0,0.0,1.0,0.0,1.0,0.14,16.39,17.72,1.0
C102227,Company_2227,Germany,Europe,1,Logistics,Nov-50,4689.62,Growth,SMB_Inside,Inbound,2023-07-13,,1,0.09,7.2,0,1367.0,4.068452380952381,336,501.0,1.4910714285714286,8980.152624031674,26.726644714379983,765,4831.83,602.0,4148.322624031675,1.0,0.0,2.0,1.0,4.0,0.18,3.785,7.915,4.0
C102228,Company_2228,Canada,North America,0,Manufacturing,51-200,18928.24,Enterprise,MidMarket,Outbound,2023-08-19,2024-08-19,0,0.23,7.5,0,2335.0,6.379781420765028,366,826.0,2.256830601092896,6854.134974583409,18.727144739298932,1842,5360.29,493.0,1493.8449745834084,1.0,1.0,0.0,3.0,5.0,-0.122,2.1740000000000004,5.746,5.0
C102229,Company_2229,France,Europe,1,Wholesale,51-200,27083.33,Enterprise,MidMarket,Partner,2024-01-01,2025-01-01,0,0.28,4.9,0,3309.0,9.848214285714286,336,1134.0,3.375,10060.52510369643,29.94203899909651,1749,5567.58,1560.0,4492.945103696429,0.0,0.0,1.0,2.0,3.0,0.1,1.13,6.533333333333334,2.0
C102230,Company_2230,Netherlands,Europe,1,Professional Services,201-1000,96004.8,Starter,Enterprise,Partner,2023-04-01,,1,0.15,7.5,0,381.0,1.1339285714285714,336,146.0,0.4345238095238095,4920.937104571136,14.645646144556952,204,2607.98,177.0,2312.957104571136,0.0,1.0,0.0,0.0,1.0,-0.14,2.07,17.57,1.0
C102231,Company_2231,Australia,North America,0,Healthcare,Nov-50,9180.63,Starter,SMB_Inside,Partner,2023-08-02,,1,0.12,6.8,0,357.0,0.9754098360655736,366,120.0,0.3278688524590163,4999.168783681321,13.658931102954428,185,2558.76,172.0,2440.4087836813205,0.0,0.0,0.0,0.0,0.0,0.0,0.0,0.0,0.0
C102232,Company_2232,US,North America,0,Unknown,51-200,38481.28,Enterprise,MidMarket,Outbound,2023-02-15,,1,0.09,5.6,0,3730.0,10.191256830601093,366,1282.0,3.5027322404371586,10978.581408322603,29.99612406645521,1868,5373.85,1862.0,5604.731408322606,0.0,1.0,1.0,1.0,3.0,-0.2266666666666666,2.2733333333333334,6.656666666666667,3.0
C102233,Company_2233,UK,Europe,1,Wholesale,Nov-50,7396.57,Starter,SMB_Inside,Outbound,2024-02-25,2025-02-25,0,0.19,6.5,0,262.0,0.7797619047619048,336,81.0,0.2410714285714285,3802.704471638499,11.317572832257436,126,1813.33,136.0,1989.374471638499,0.0,0.0,0.0,1.0,1.0,-0.17,4.28,9.17,1.0
C102234,Company_2234,Spain,Europe,1,Unknown,10-Jan,2715.89,Growth,SMB_Inside,Outbound,2023-10-28,,1,0.13,5.2,0,1350.0,4.017857142857143,336,480.0,1.4285714285714286,9042.400452469394,26.911906108539863,732,4866.17,618.0,4176.230452469394,0.0,1.0,0.0,0.0,1.0,0.09,10.11,17.49,1.0
C102235,Company_2235,Germany,Europe,1,Hospitality,Nov-50,7577.14,Starter,SMB_Inside,SelfServe,2023-03-16,,1,0.1,5.8,0,342.0,1.0178571428571428,336,118.0,0.3511904761904761,4370.131570784196,13.00634396066725,175,2286.3,167.0,2083.8315707841957,0.0,0.0,0.0,0.0,0.0,0.0,0.0,0.0,0.0
C102236,Company_2236,France,Europe,1,Unknown,51-200,13514.61,Enterprise,MidMarket,SelfServe,2023-06-04,,1,0.05,3.0,0,3329.0,9.907738095238097,336,1140.0,3.392857142857143,9981.116528223209,29.70570395304526,1855,5431.88,1474.0,4549.236528223207,1.0,0.0,3.0,1.0,5.0,0.046,0.8620000000000001,9.692,5.0
C102237,Company_2237,France,Europe,1,Ecommerce,Nov-50,4804.78,Growth,SMB_Field,Partner,2023-09-21,,1,0.1,6.3,0,1345.0,4.002976190476191,336,474.0,1.4107142857142858,9257.326904096566,27.551568166954063,734,5032.67,611.0,4224.656904096566,0.0,0.0,0.0,1.0,1.0,0.09,0.62,4.25,1.0
C102238,Company_2238,Netherlands,Europe,1,Unknown,10-Jan,1587.25,Starter,SMB_Field,Partner,2024-03-23,2024-06-22,0,0.25,4.7,1,101.0,0.3005952380952381,336,34.0,0.1011904761904761,1389.01,4.133958333333333,101,1389.01,0.0,0.0,0.0,0.0,0.0,0.0,0.0,0.0,0.0,0.0,0.0
C102239,Company_2239,Australia,North America,0,Healthcare,1000+,451145.81,Growth,Enterprise,Outbound,2023-02-11,,1,0.16,5.8,0,1478.0,4.038251366120218,366,537.0,1.4672131147540983,9761.85041529195,26.67172244615287,704,4863.75,774.0,4898.10041529195,1.0,2.0,1.0,0.0,4.0,0.0799999999999999,7.455,19.695,4.0
C102240,Company_2240,Germany,Europe,1,Ecommerce,Nov-50,6743.17,Starter,SMB_Field,Partner,2023-09-07,,1,0.38,3.3,0,359.0,1.068452380952381,336,127.0,0.3779761904761904,4748.799423519434,14.133331617617362,188,2516.15,171.0,2232.6494235194336,0.0,0.0,1.0,0.0,1.0,0.36,2.8,7.52,1.0
C102241,Company_2241,France,Europe,1,Retail,51-200,28307.3,Enterprise,MidMarket,Inbound,2023-02-21,,1,0.14,4.3,0,3312.0,9.857142857142858,336,1170.0,3.482142857142857,10315.408341043432,30.700620062629262,1777,5696.5,1535.0,4618.908341043433,0.0,0.0,3.0,2.0,5.0,-0.0339999999999999,2.088,6.934,4.0
C102242,Company_2242,Canada,North America,0,Logistics,10-Jan,1919.59,Growth,SMB_Inside,SelfServe,2024-03-24,2025-03-25,0,0.1,8.0,0,1127.0,3.079234972677596,366,417.0,1.139344262295082,7559.718456088432,20.65496845925801,385,2802.27,742.0,4757.448456088432,0.0,1.0,1.0,0.0,2.0,0.085,3.17,5.8500000000000005,2.0
C102243,Company_2243,Spain,Europe,1,Retail,Nov-50,3344.39,Growth,SMB_Field,Inbound,2024-03-14,2024-09-13,0,0.15,5.6,0,703.0,2.0922619047619047,336,243.0,0.7232142857142857,4855.035216493485,14.449509572897275,450,3100.46,253.0,1754.5752164934852,0.0,0.0,0.0,2.0,2.0,-0.655,1.125,2.74,2.0
C102244,Company_2244,UK,Europe,1,Unknown,10-Jan,2866.99,Enterprise,SMB_Inside,SelfServe,2024-03-28,2024-09-27,0,0.21,5.4,0,1490.0,4.434523809523809,336,534.0,1.5892857142857142,4922.215208307239,14.649450024723924,871,3027.6,619.0,1894.6152083072384,1.0,1.0,0.0,2.0,4.0,-0.065,1.67,10.9175,4.0
C102245,Company_2245,Canada,North America,0,Retail,10-Jan,2673.71,Growth,SMB_Field,Outbound,2023-09-17,2024-03-18,0,0.22,5.4,1,334.0,0.912568306010929,366,113.0,0.3087431693989071,2081.55,5.687295081967213,334,2081.55,0.0,0.0,0.0,1.0,0.0,0.0,1.0,-0.04,4.32,5.19,1.0
C102246,Company_2246,France,Europe,1,Healthcare,10-Jan,2526.51,Starter,SMB_Inside,Inbound,2023-08-27,,1,0.14,4.8,0,341.0,1.0148809523809523,336,106.0,0.3154761904761904,4550.1146861691195,13.542007994550952,184,2535.43,157.0,2014.6846861691197,0.0,0.0,0.0,0.0,0.0,0.0,0.0,0.0,0.0
C102247,Company_2247,France,Europe,1,Manufacturing,201-1000,96149.53,Growth,Enterprise,Inbound,2023-02-21,,1,0.14,4.5,0,1384.0,4.119047619047619,336,475.0,1.4136904761904765,9128.97127492782,27.16955736585661,749,4750.74,635.0,4378.231274927821,3.0,0.0,0.0,1.0,4.0,0.0599999999999999,3.205,5.9925,4.0
C102248,Company_2248,Canada,North America,0,Unknown,Nov-50,4954.54,Starter,SMB_Field,Inbound,2024-02-12,2025-02-12,0,0.25,5.2,0,293.0,0.8005464480874317,366,101.0,0.2759562841530054,4387.248903427373,11.987018861823424,123,1996.08,170.0,2391.1689034273727,0.0,0.0,0.0,0.0,0.0,0.0,0.0,0.0,0.0
C102249,Company_2249,US,North America,0,Wholesale,Nov-50,8886.46,Growth,SMB_Field,Partner,2023-12-08,2024-12-08,0,0.2,9.0,0,1375.0,3.756830601092896,366,498.0,1.360655737704918,9326.52859069277,25.48231855380538,766,5006.29,609.0,4320.238590692768,0.0,0.0,1.0,0.0,1.0,-0.56,6.01,16.07,1.0
C102250,Company_2250,Germany,Europe,1,Wholesale,Nov-50,4320.67,Starter,SMB_Inside,Inbound,2023-11-15,2024-11-15,0,0.05,6.5,0,288.0,0.8571428571428571,336,98.0,0.2916666666666667,3875.845395836619,11.535254154275652,177,2457.77,111.0,1418.0753958366192,0.0,0.0,0.0,0.0,0.0,0.0,0.0,0.0,0.0
C102251,Company_2251,Canada,North America,0,Retail,10-Jan,1156.31,Starter,SMB_Inside,Partner,2023-07-16,2023-10-15,0,0.4,1.4,1,0.0,0.0,366,0.0,0.0,0.0,0.0,0,0.0,0.0,0.0,0.0,0.0,0.0,0.0,0.0,0.0,0.0,0.0,0.0
C102252,Company_2252,France,Europe,1,Unknown,1000+,185580.43,Enterprise,Enterprise,Outbound,2024-02-02,2025-02-02,0,0.04,4.3,0,3054.0,9.089285714285714,336,1019.0,3.0327380952380953,9092.22747828844,27.0602008282394,1562,4357.02,1492.0,4735.20747828844,0.0,0.0,1.0,1.0,2.0,0.275,2.075,5.46,2.0
C102253,Company_2253,Germany,Europe,1,Retail,51-200,22409.99,Growth,MidMarket,Outbound,2023-01-08,,1,0.16,6.9,0,1363.0,4.056547619047619,336,495.0,1.4732142857142858,8873.78051682079,26.410061061966637,732,4938.74,631.0,3935.040516820791,0.0,1.0,1.0,0.0,2.0,0.0,7.715,17.875,1.0
C102254,Company_2254,France,Europe,1,Manufacturing,51-200,18559.0,Enterprise,MidMarket,Partner,2023-12-03,2024-12-03,0,0.4,6.1,0,3067.0,9.12797619047619,336,1102.0,3.2797619047619047,9392.024127515511,27.95245276046283,1829,5609.29,1238.0,3782.734127515512,1.0,2.0,1.0,2.0,6.0,0.0316666666666666,3.421666666666667,9.27,5.0
C102255,Company_2255,UK,Europe,1,Ecommerce,10-Jan,1954.42,Starter,SMB_Field,Partner,2023-09-27,2024-09-27,0,0.15,9.4,0,244.0,0.7261904761904762,336,80.0,0.238095238095238,3242.049022047392,9.648955422760096,181,2514.05,63.0,727.9990220473923,0.0,0.0,0.0,1.0,1.0,-0.51,4.18,11.97,1.0
C102256,Company_2256,France,Europe,1,Healthcare,51-200,24806.44,Growth,MidMarket,Inbound,2023-06-22,,1,0.03,5.5,0,1361.0,4.050595238095238,336,488.0,1.4523809523809523,8963.435602697566,26.676891674695135,719,4726.46,642.0,4236.975602697566,1.0,0.0,1.0,1.0,3.0,0.0133333333333333,8.98,20.933333333333337,2.0
C102257,Company_2257,France,Europe,1,Wholesale,51-200,30626.7,Enterprise,MidMarket,Outbound,2023-12-09,2024-12-09,0,0.13,5.9,0,3129.0,9.3125,336,1126.0,3.3511904761904763,9505.392472805674,28.289858550016884,1784,5512.94,1345.0,3992.4524728056726,1.0,1.0,0.0,0.0,2.0,-0.175,2.065,14.195,2.0
C102258,Company_2258,Canada,North America,0,Retail,10-Jan,2475.45,Starter,SMB_Inside,SelfServe,2023-05-24,2023-08-23,0,0.42,4.8,1,0.0,0.0,366,0.0,0.0,0.0,0.0,0,0.0,0.0,0.0,1.0,1.0,0.0,0.0,2.0,0.245,11.9,27.33,1.0
C102259,Company_2259,US,North America,0,Manufacturing,Nov-50,6920.65,Starter,SMB_Field,Outbound,2023-10-02,2024-10-02,0,0.36,6.6,0,254.0,0.6939890710382514,366,94.0,0.2568306010928962,3704.258072150848,10.120923694401226,178,2505.69,76.0,1198.5680721508484,0.0,0.0,1.0,0.0,1.0,0.06,1.78,2.54,1.0
C102260,Company_2260,Spain,Europe,1,Logistics,10-Jan,1745.63,Growth,SMB_Field,SelfServe,2023-05-07,,1,0.3,3.6,0,1347.0,4.008928571428571,336,485.0,1.443452380952381,8888.855746018497,26.45492781553124,730,4727.14,617.0,4161.715746018496,0.0,0.0,0.0,3.0,3.0,-0.0666666666666667,2.83,6.583333333333333,2.0
C102261,Company_2261,UK,Europe,1,Ecommerce,51-200,20272.43,Starter,MidMarket,Inbound,2023-01-01,,1,0.25,4.6,0,333.0,0.9910714285714286,336,122.0,0.3630952380952381,4571.469939266397,13.605565295435705,185,2451.33,148.0,2120.139939266397,1.0,0.0,0.0,0.0,1.0,-0.13,4.36,12.47,1.0
C102262,Company_2262,US,North America,0,Unknown,51-200,12814.5,Enterprise,MidMarket,SelfServe,2024-03-29,2025-03-30,0,0.23,6.1,0,2662.0,7.273224043715847,366,909.0,2.4836065573770494,8225.542071713648,22.47415866588428,932,2771.98,1730.0,5453.562071713647,2.0,1.0,0.0,0.0,3.0,-0.0566666666666666,1.1833333333333331,8.126666666666667,3.0
C102263,Company_2263,US,North America,0,Manufacturing,Nov-50,6472.01,Starter,SMB_Inside,Partner,2023-04-08,,1,0.35,3.9,0,346.0,0.9453551912568308,366,126.0,0.3442622950819672,4921.245661356056,13.446026397147694,152,2361.27,194.0,2559.975661356056,1.0,2.0,0.0,1.0,4.0,-0.15,1.055,6.38,4.0
C102264,Company_2264,US,North America,0,Unknown,Nov-50,4070.96,Growth,SMB_Inside,Inbound,2023-12-19,2024-12-19,0,0.05,6.3,0,1388.0,3.792349726775957,366,499.0,1.3633879781420766,9445.491679797817,25.80735431638747,716,4937.83,672.0,4507.661679797814,2.0,0.0,0.0,1.0,3.0,-0.12,4.6066666666666665,20.276666666666667,3.0
C102265,Company_2265,Netherlands,Europe,1,Professional Services,10-Jan,1246.78,Starter,SMB_Inside,Outbound,2024-01-31,2024-05-01,0,0.08,7.2,1,87.0,0.2589285714285714,336,31.0,0.0922619047619047,1305.1,3.8842261904761903,87,1305.1,0.0,0.0,0.0,0.0,0.0,0.0,0.0,0.0,0.0,0.0,0.0
C102266,Company_2266,Spain,Europe,1,Hospitality,10-Jan,1143.8,Starter,SMB_Inside,Inbound,2023-10-30,,1,0.22,7.5,0,326.0,0.9702380952380952,336,111.0,0.3303571428571428,4328.971087443632,12.883842522153667,172,2286.19,154.0,2042.7810874436325,0.0,0.0,0.0,0.0,0.0,0.0,0.0,0.0,0.0
C102267,Company_2267,Netherlands,Europe,1,Hospitality,Nov-50,5991.85,Starter,SMB_Field,Partner,2024-01-31,2025-01-31,0,0.12,8.9,0,305.0,0.9077380952380952,336,116.0,0.3452380952380952,4369.677293883585,13.004991946082097,144,2182.43,161.0,2187.2472938835845,1.0,0.0,0.0,0.0,1.0,-0.2,3.66,9.02,0.0
C102268,Company_2268,Spain,Europe,1,Unknown,1000+,396694.9,Growth,Enterprise,Partner,2024-01-16,2025-01-16,0,0.28,5.6,0,1293.0,3.8482142857142856,336,458.0,1.363095238095238,8593.115607939055,25.57474883315195,661,4479.74,632.0,4113.375607939055,0.0,0.0,1.0,2.0,3.0,0.0499999999999999,6.013333333333333,11.97,3.0
C102269,Company_2269,Netherlands,Europe,1,Ecommerce,10-Jan,1152.55,Enterprise,SMB_Inside,Outbound,2024-01-05,,1,0.2,6.3,0,3295.0,9.80654761904762,336,1152.0,3.4285714285714284,10044.182782007538,29.893401136927196,1787,5365.89,1508.0,4678.292782007538,3.0,0.0,0.0,0.0,3.0,-0.1266666666666666,3.49,7.739999999999999,2.0
C102270,Company_2270,Netherlands,Europe,1,Manufacturing,51-200,24179.54,Growth,MidMarket,Outbound,2024-03-04,2025-03-05,0,0.27,5.2,0,1102.0,3.2797619047619047,336,401.0,1.193452380952381,7403.203381742579,22.03334339804339,473,3111.19,629.0,4292.013381742579,0.0,0.0,2.0,1.0,3.0,-0.0266666666666666,4.66,6.273333333333333,3.0
C102271,Company_2271,UK,Europe,1,Unknown,51-200,14593.62,Enterprise,MidMarket,SelfServe,2024-01-31,2024-08-01,0,0.21,3.5,0,1825.0,5.431547619047619,336,619.0,1.8422619047619049,5638.915394335827,16.782486292666153,1527,4709.64,298.0,929.275394335827,0.0,0.0,2.0,0.0,2.0,0.2299999999999999,7.494999999999999,10.23,2.0
C102272,Company_2272,Netherlands,Europe,1,Unknown,201-1000,87224.3,Enterprise,Enterprise,Inbound,2024-02-08,2025-02-08,0,0.32,5.3,0,2979.0,8.866071428571429,336,1050.0,3.125,8900.876485197394,26.490703824992245,1422,4346.67,1557.0,4554.206485197393,0.0,0.0,1.0,0.0,1.0,0.08,2.79,9.46,1.0
C102273,Company_2273,Canada,North America,0,Logistics,201-1000,116841.71,Enterprise,Enterprise,Inbound,2023-10-16,2024-10-16,0,0.16,8.0,0,2945.0,8.046448087431694,366,1005.0,2.7459016393442623,8923.801151418837,24.38197035906786,1839,5663.88,1106.0,3259.9211514188373,0.0,2.0,0.0,0.0,2.0,0.225,0.99,11.51,2.0
C102274,Company_2274,US,North America,0,Wholesale,10-Jan,1600.18,Starter,SMB_Inside,Inbound,2023-07-05,,1,0.08,6.1,0,352.0,0.9617486338797814,366,131.0,0.3579234972677595,5203.9559645887575,14.218458919641414,162,2430.61,190.0,2773.3459645887574,0.0,0.0,0.0,0.0,0.0,0.0,0.0,0.0,0.0
C102275,Company_2275,Netherlands,Europe,1,Professional Services,10-Jan,2030.83,Enterprise,SMB_Inside,Outbound,2023-03-11,2023-06-10,0,0.13,7.6,1,0.0,0.0,336,0.0,0.0,0.0,0.0,0,0.0,0.0,0.0,2.0,1.0,0.0,2.0,5.0,-0.044,2.502,17.04,5.0
C102276,Company_2276,US,North America,0,Logistics,201-1000,79602.1,Enterprise,Enterprise,Outbound,2023-09-24,,1,0.22,5.9,0,3710.0,10.136612021857925,366,1345.0,3.6748633879781423,11214.103301199562,30.639626506009733,1796,5547.29,1914.0,5666.8133011995615,0.0,1.0,2.0,0.0,3.0,-0.53,1.8266666666666669,13.393333333333333,2.0
C102277,Company_2277,France,Europe,1,Hospitality,Nov-50,5959.24,Starter,SMB_Field,Inbound,2023-01-08,,1,0.16,8.4,0,346.0,1.0297619047619049,336,116.0,0.3452380952380952,4576.053821738101,13.619207802791967,176,2380.19,170.0,2195.863821738101,0.0,0.0,0.0,1.0,1.0,-0.21,1.93,8.61,1.0
C102278,Company_2278,Netherlands,Europe,1,Healthcare,Nov-50,6838.6,Starter,SMB_Inside,Inbound,2023-07-11,2024-07-11,0,0.21,6.1,0,199.0,0.5922619047619048,336,81.0,0.2410714285714285,2754.024163038351,8.196500485233187,186,2603.1,13.0,150.92416303835094,2.0,1.0,0.0,0.0,3.0,-0.2233333333333333,11.803333333333333,23.246666666666663,2.0
C102279,Company_2279,Australia,North America,0,Unknown,10-Jan,2140.46,Starter,SMB_Field,Outbound,2023-04-09,2023-10-09,0,0.13,6.4,1,0.0,0.0,366,0.0,0.0,0.0,0.0,0,0.0,0.0,0.0,0.0,0.0,2.0,0.0,2.0,-0.11,20.385,34.495000000000005,2.0
C102280,Company_2280,UK,Europe,1,Hospitality,Nov-50,3963.17,Starter,SMB_Field,Inbound,2023-07-12,2024-07-12,0,0.2,7.9,0,165.0,0.4910714285714285,336,57.0,0.1696428571428571,2470.1719357904935,7.351702189852659,159,2319.89,6.0,150.2819357904936,0.0,0.0,0.0,0.0,0.0,0.0,0.0,0.0,0.0
C102281,Company_2281,UK,Europe,1,Ecommerce,201-1000,78665.57,Growth,Enterprise,Outbound,2024-02-09,2025-02-09,0,0.2,6.5,0,1204.0,3.5833333333333335,336,456.0,1.3571428571428572,7932.8526341413135,23.60968045875391,555,3824.77,649.0,4108.082634141314,2.0,1.0,1.0,1.0,5.0,-0.064,4.186,14.416,4.0
C102282,Company_2282,US,North America,0,Professional Services,Nov-50,5227.92,Starter,SMB_Inside,Partner,2023-08-26,2024-08-26,0,0.39,8.9,0,247.0,0.674863387978142,366,86.0,0.2349726775956284,3368.6816600371044,9.204048251467498,182,2497.3,65.0,871.3816600371046,0.0,0.0,0.0,0.0,0.0,0.0,0.0,0.0,0.0
C102283,Company_2283,Australia,North America,0,Hospitality,51-200,10774.95,Growth,MidMarket,Partner,2023-03-26,,1,0.07,5.1,0,1470.0,4.016393442622951,366,529.0,1.4453551912568303,9993.311053996684,27.30412856283247,745,5007.75,725.0,4985.561053996685,0.0,0.0,0.0,0.0,0.0,0.0,0.0,0.0,0.0
C102284,Company_2284,US,North America,0,Healthcare,10-Jan,1543.57,Growth,SMB_Inside,Inbound,2023-06-06,,1,0.04,7.5,0,1493.0,4.079234972677596,366,508.0,1.3879781420765027,9730.46148635582,26.58596034523448,754,4959.62,739.0,4770.841486355819,0.0,0.0,0.0,0.0,0.0,0.0,0.0,0.0,0.0
C102285,Company_2285,UK,Europe,1,Hospitality,10-Jan,2040.11,Growth,SMB_Inside,Inbound,2023-04-20,2023-10-20,0,0.33,2.5,1,0.0,0.0,336,0.0,0.0,0.0,0.0,0,0.0,0.0,0.0,1.0,0.0,0.0,0.0,1.0,0.09,5.8,10.28,1.0
C102286,Company_2286,Germany,Europe,1,Hospitality,Nov-50,7574.12,Growth,SMB_Inside,Partner,2023-06-20,,1,0.09,8.1,0,1373.0,4.086309523809524,336,512.0,1.5238095238095235,8976.768588252164,26.716573179321916,738,4867.39,635.0,4109.378588252164,0.0,1.0,0.0,0.0,1.0,0.13,3.47,31.18,0.0
C102287,Company_2287,Spain,Europe,1,Unknown,51-200,34482.74,Enterprise,MidMarket,Inbound,2023-07-01,2024-07-01,0,0.12,6.6,0,1796.0,5.345238095238095,336,603.0,1.7946428571428572,5255.834244161686,15.64236382190978,1790,5234.5,6.0,21.33424416168634,1.0,0.0,0.0,3.0,4.0,-0.2875,1.035,9.5925,3.0
C102288,Company_2288,Australia,North America,0,Unknown,201-1000,50498.4,Enterprise,Enterprise,Outbound,2023-03-21,2024-03-21,0,0.06,3.3,1,831.0,2.2704918032786887,366,278.0,0.7595628415300546,2452.82,6.701693989071039,831,2452.82,0.0,0.0,1.0,2.0,3.0,0.0,6.0,0.1533333333333333,2.106666666666667,9.058333333333332,6.0
C102289,Company_2289,Canada,North America,0,Unknown,10-Jan,1304.47,Starter,SMB_Field,Partner,2024-04-01,2025-04-02,0,0.59,4.7,0,279.0,0.7622950819672131,366,105.0,0.2868852459016393,3858.8657598609393,10.543349070658303,92,1250.19,187.0,2608.6757598609393,0.0,0.0,0.0,0.0,0.0,0.0,0.0,0.0,0.0
C102290,Company_2290,Canada,North America,0,Wholesale,51-200,37829.92,Enterprise,MidMarket,Outbound,2024-02-04,2025-02-04,0,0.22,3.8,0,3205.0,8.756830601092895,366,1122.0,3.0655737704918034,9983.865242522064,27.278320334759737,1411,4404.93,1794.0,5578.935242522065,0.0,0.0,0.0,1.0,1.0,-0.76,2.63,11.02,1.0
C102291,Company_2291,US,North America,0,Hospitality,201-1000,118871.91,Growth,Enterprise,Inbound,2023-12-27,2024-12-27,0,0.34,5.6,0,1444.0,3.9453551912568305,366,503.0,1.3743169398907105,9556.09017294829,26.109535991661996,695,4717.8,749.0,4838.29017294829,1.0,0.0,1.0,0.0,2.0,-0.605,4.15,7.17,2.0
C102292,Company_2292,UK,Europe,1,Ecommerce,51-200,31433.79,Growth,MidMarket,Partner,2023-04-09,,1,0.12,7.6,0,1360.0,4.0476190476190474,336,516.0,1.5357142857142858,9403.99000993226,27.988065505750775,737,5037.36,623.0,4366.63000993226,1.0,1.0,0.0,0.0,2.0,0.165,7.58,10.585,2.0
C102293,Company_2293,Canada,North America,0,Healthcare,10-Jan,1435.65,Starter,SMB_Inside,Partner,2023-02-27,,1,0.03,7.4,0,394.0,1.0765027322404372,366,139.0,0.3797814207650273,5283.430892899328,14.435603532511823,203,2628.26,191.0,2655.170892899328,0.0,0.0,0.0,0.0,0.0,0.0,0.0,0.0,0.0
C102294,Company_2294,Spain,Europe,1,Wholesale,10-Jan,1260.32,Starter,SMB_Inside,Outbound,2023-08-07,2023-11-06,0,0.41,9.1,1,0.0,0.0,336,0.0,0.0,0.0,0.0,0,0.0,0.0,0.0,0.0,0.0,1.0,0.0,1.0,-0.08,6.13,7.0,1.0
C102295,Company_2295,France,Europe,1,Hospitality,51-200,25664.85,Enterprise,MidMarket,Outbound,2023-12-02,,1,0.2,5.2,0,3341.0,9.94345238095238,336,1143.0,3.4017857142857144,10125.753584593447,30.136171382718594,1849,5491.08,1492.0,4634.673584593447,1.0,0.0,3.0,0.0,4.0,0.1275,1.0125,8.83,4.0
C102296,Company_2296,Australia,North America,0,Healthcare,10-Jan,2990.15,Starter,SMB_Inside,Partner,2023-07-11,,1,0.14,7.8,0,353.0,0.96448087431694,366,133.0,0.3633879781420765,4926.992794776213,13.46172894747599,181,2541.61,172.0,2385.3827947762124,0.0,1.0,0.0,0.0,1.0,0.9,3.97,12.42,1.0
C102297,Company_2297,Netherlands,Europe,1,Ecommerce,Nov-50,7748.38,Starter,SMB_Inside,Outbound,2023-03-13,,1,0.29,6.1,0,329.0,0.9791666666666666,336,108.0,0.3214285714285714,4794.8272760362615,14.270319273917446,187,2634.6,142.0,2160.2272760362616,1.0,0.0,0.0,1.0,2.0,0.075,1.4349999999999998,5.98,2.0
C102298,Company_2298,Germany,Europe,1,Ecommerce,10-Jan,1833.65,Starter,SMB_Inside,Outbound,2023-05-06,2023-11-05,0,0.08,2.9,1,0.0,0.0,336,0.0,0.0,0.0,0.0,0,0.0,0.0,0.0,0.0,0.0,0.0,1.0,1.0,-0.48,0.38,2.08,1.0
C102299,Company_2299,Australia,North America,0,Manufacturing,10-Jan,1668.76,Growth,SMB_Field,Partner,2023-11-22,,1,0.2,8.4,0,1490.0,4.0710382513661205,366,483.0,1.319672131147541,9559.449218101268,26.118713710659197,752,4810.23,738.0,4749.219218101267,0.0,0.0,0.0,0.0,0.0,0.0,0.0,0.0,0.0
C102300,Company_2300,US,North America,0,Logistics,10-Jan,2543.95,Starter,SMB_Inside,Outbound,2023-09-11,,1,0.31,4.9,0,383.0,1.046448087431694,366,128.0,0.3497267759562841,5292.609770787176,14.460682433844743,186,2600.41,197.0,2692.1997707871765,0.0,1.0,0.0,0.0,1.0,0.31,5.78,13.93,1.0
C102301,Company_2301,Netherlands,Europe,1,Professional Services,1000+,184015.02,Growth,Enterprise,Partner,2023-01-12,,1,0.08,6.4,0,1340.0,3.988095238095238,336,443.0,1.318452380952381,8877.147000343015,26.420080358163737,704,4804.12,636.0,4073.027000343015,0.0,0.0,1.0,0.0,1.0,0.3,2.93,4.75,1.0
C102302,Company_2302,Germany,Europe,1,Unknown,10-Jan,1447.91,Starter,SMB_Inside,SelfServe,2023-06-11,,1,0.48,3.6,0,356.0,1.0595238095238095,336,140.0,0.4166666666666667,4956.193829547755,14.750576873654031,192,2659.82,164.0,2296.373829547754,1.0,1.0,0.0,0.0,2.0,0.285,4.3,13.465,1.0
C102303,Company_2303,Australia,North America,0,Wholesale,Nov-50,7302.72,Growth,SMB_Field,SelfServe,2023-10-18,2024-10-18,0,0.05,8.0,0,1170.0,3.19672131147541,366,394.0,1.0765027322404372,7719.246502432715,21.09083743834075,730,4883.44,440.0,2835.8065024327148,0.0,1.0,1.0,2.0,4.0,-0.035,5.7225,9.345,2.0
C102304,Company_2304,Canada,North America,0,Logistics,51-200,36715.79,Enterprise,MidMarket,Inbound,2024-03-19,2024-09-18,0,0.17,7.7,0,1850.0,5.054644808743169,366,646.0,1.7650273224043715,5567.424916560478,15.211543487870156,1037,3195.8,813.0,2371.6249165604777,1.0,0.0,0.0,4.0,5.0,-0.1079999999999999,1.582,3.136,4.0
C102305,Company_2305,Spain,Europe,1,Wholesale,51-200,35751.99,Enterprise,MidMarket,Inbound,2023-09-10,,1,0.12,2.4,0,3308.0,9.845238095238097,336,1164.0,3.4642857142857144,10055.721713630624,29.92774319532924,1810,5396.56,1498.0,4659.161713630625,0.0,1.0,1.0,2.0,4.0,0.0,1.5950000000000002,16.73,4.0
C102306,Company_2306,Netherlands,Europe,1,Manufacturing,10-Jan,1599.91,Starter,SMB_Inside,Outbound,2023-10-15,,1,0.14,6.8,0,339.0,1.0089285714285714,336,143.0,0.4255952380952381,4472.647314141167,13.311450339705852,203,2535.86,136.0,1936.7873141411671,0.0,0.0,0.0,0.0,0.0,0.0,0.0,0.0,0.0
C102307,Company_2307,Netherlands,Europe,1,Logistics,10-Jan,2002.37,Growth,SMB_Inside,Inbound,2023-08-12,,1,0.08,5.5,0,1246.0,3.7083333333333335,336,410.0,1.2202380952380951,8881.842746473247,26.43405579307514,694,4876.28,552.0,4005.562746473247,2.0,0.0,0.0,1.0,3.0,0.29,3.709999999999999,15.466666666666669,2.0
C102308,Company_2308,Canada,North America,0,Logistics,10-Jan,1790.51,Starter,SMB_Inside,SelfServe,2024-01-28,,1,0.14,6.1,0,349.0,0.953551912568306,366,134.0,0.366120218579235,4863.948790012607,13.289477568340455,160,2248.06,189.0,2615.8887900126065,0.0,0.0,0.0,0.0,0.0,0.0,0.0,0.0,0.0
C102309,Company_2309,France,Europe,1,Wholesale,10-Jan,1622.27,Enterprise,SMB_Field,Inbound,2023-09-20,2024-09-20,0,0.28,4.1,0,2449.0,7.288690476190476,336,840.0,2.5,7423.442042610985,22.09357750777079,1812,5506.37,637.0,1917.072042610985,0.0,1.0,0.0,0.0,1.0,0.14,1.32,39.74,1.0
C102310,Company_2310,France,Europe,1,Unknown,Nov-50,8746.34,Starter,SMB_Inside,SelfServe,2023-12-19,2024-12-19,0,0.04,7.3,0,338.0,1.005952380952381,336,123.0,0.3660714285714285,4768.176935330071,14.191002783720448,196,2744.65,142.0,2023.5269353300707,0.0,0.0,0.0,0.0,0.0,0.0,0.0,0.0,0.0
C102311,Company_2311,US,North America,0,Unknown,10-Jan,2299.62,Starter,SMB_Field,SelfServe,2023-03-13,,1,0.18,6.4,0,387.0,1.0573770491803278,366,133.0,0.3633879781420765,4883.5369427161395,13.342997111246282,192,2402.49,195.0,2481.0469427161393,0.0,0.0,0.0,1.0,1.0,-0.37,1.66,2.04,1.0
C102312,Company_2312,US,North America,0,Healthcare,10-Jan,2398.33,Starter,SMB_Field,Outbound,2023-05-23,2024-05-23,0,0.05,6.5,1,148.0,0.4043715846994535,366,56.0,0.1530054644808743,1949.96,5.32775956284153,148,1949.96,0.0,0.0,0.0,0.0,0.0,0.0,0.0,0.0,0.0,0.0,0.0
C102313,Company_2313,Netherlands,Europe,1,Professional Services,Nov-50,8727.5,Starter,SMB_Inside,SelfServe,2023-10-18,2024-10-18,0,0.13,2.6,0,261.0,0.7767857142857143,336,88.0,0.2619047619047619,3548.5366788897963,10.561121068124391,186,2559.64,75.0,988.896678889796,0.0,0.0,0.0,0.0,0.0,0.0,0.0,0.0,0.0
C102314,Company_2314,Germany,Europe,1,Wholesale,10-Jan,1398.81,Starter,SMB_Inside,SelfServe,2023-11-04,2024-11-04,0,0.06,5.4,0,278.0,0.8273809523809523,336,103.0,0.306547619047619,3910.8335031017064,11.639385425897936,179,2414.15,99.0,1496.683503101706,0.0,0.0,0.0,0.0,0.0,0.0,0.0,0.0,0.0
C102315,Company_2315,France,Europe,1,Professional Services,10-Jan,2888.21,Starter,SMB_Inside,SelfServe,2023-06-01,,1,0.19,6.5,0,339.0,1.0089285714285714,336,106.0,0.3154761904761904,4746.010574960831,14.125031473097712,188,2658.91,151.0,2087.1005749608316,0.0,0.0,1.0,1.0,2.0,0.555,5.175000000000001,11.225,2.0
C102316,Company_2316,Canada,North America,0,Unknown,Nov-50,9112.09,Growth,SMB_Field,SelfServe,2023-04-11,,1,0.07,6.7,0,1479.0,4.040983606557377,366,531.0,1.4508196721311477,10068.453947047168,27.509437013790077,728,4747.57,751.0,5320.8839470471685,0.0,1.0,0.0,1.0,2.0,-0.085,2.725,8.275,2.0
C102317,Company_2317,US,North America,0,Wholesale,201-1000,92661.63,Growth,Enterprise,Outbound,2023-05-16,,1,0.22,6.5,0,1479.0,4.040983606557377,366,522.0,1.4262295081967211,9899.7553152228,27.04851179022623,697,4873.7,782.0,5026.0553152227985,0.0,1.0,1.0,0.0,2.0,-0.01,7.91,14.575,2.0
C102318,Company_2318,US,North America,0,Unknown,10-Jan,2987.59,Starter,SMB_Inside,Inbound,2023-08-09,,1,0.07,7.8,0,344.0,0.9398907103825136,366,121.0,0.3306010928961748,4776.666910073498,13.051002486539613,173,2332.08,171.0,2444.5869100734976,0.0,0.0,0.0,0.0,0.0,0.0,0.0,0.0,0.0
C102319,Company_2319,Canada,North America,0,Ecommerce,10-Jan,1572.81,Starter,SMB_Inside,Inbound,2023-11-30,,1,0.48,3.7,0,354.0,0.9672131147540984,366,128.0,0.3497267759562841,5079.510626581278,13.878444334921523,174,2693.94,180.0,2385.5706265812787,1.0,0.0,0.0,0.0,1.0,-0.26,4.85,11.58,1.0
C102320,Company_2320,Australia,North America,0,Logistics,201-1000,140422.55,Starter,Enterprise,Partner,2023-07-20,2024-07-20,0,0.04,8.1,0,235.0,0.6420765027322405,366,75.0,0.2049180327868852,3009.931089250369,8.223855435110298,208,2787.41,27.0,222.521089250369,1.0,0.0,0.0,0.0,1.0,0.14,10.16,29.68,1.0
C102321,Company_2321,France,Europe,1,Manufacturing,10-Jan,2564.68,Starter,SMB_Field,Partner,2023-04-17,2023-07-17,0,0.23,4.9,1,0.0,0.0,336,0.0,0.0,0.0,0.0,0,0.0,0.0,0.0,1.0,0.0,0.0,0.0,1.0,0.0,1.25,15.45,1.0
C102322,Company_2322,UK,Europe,1,Unknown,Nov-50,3707.92,Starter,SMB_Inside,Outbound,2024-01-19,2024-07-20,0,0.32,7.7,0,172.0,0.5119047619047619,336,56.0,0.1666666666666666,2644.3972215771273,7.870229826122403,152,2342.91,20.0,301.4872215771273,0.0,0.0,1.0,0.0,1.0,0.14,0.26,10.73,1.0
C102323,Company_2323,US,North America,0,Unknown,Nov-50,4466.82,Growth,SMB_Field,Partner,2023-04-03,,1,0.22,6.1,0,1418.0,3.8743169398907105,366,494.0,1.349726775956284,9767.526665045214,26.687231325260147,710,4816.68,708.0,4950.846665045214,0.0,0.0,1.0,1.0,2.0,-0.175,0.995,5.25,1.0
C102324,Company_2324,Netherlands,Europe,1,Healthcare,10-Jan,1261.48,Growth,SMB_Field,SelfServe,2023-01-11,,1,0.04,6.4,0,1397.0,4.157738095238095,336,482.0,1.4345238095238095,8835.19889503653,26.29523480665634,732,4764.7,665.0,4070.4988950365305,0.0,1.0,1.0,2.0,4.0,-0.105,4.135,15.5525,4.0
C102325,Company_2325,Canada,North America,0,Unknown,51-200,15706.18,Growth,MidMarket,Inbound,2023-01-27,,1,0.08,7.3,0,1408.0,3.8469945355191255,366,489.0,1.3360655737704918,9693.386742899756,26.484663231966543,728,4966.71,680.0,4726.676742899755,0.0,0.0,0.0,1.0,1.0,-0.14,4.35,6.14,1.0
C102326,Company_2326,Spain,Europe,1,Professional Services,51-200,25945.78,Enterprise,MidMarket,SelfServe,2024-03-19,2024-09-18,0,0.31,4.5,0,1697.0,5.050595238095238,336,582.0,1.7321428571428572,4855.485751327848,14.450850450380502,1067,3060.3,630.0,1795.185751327848,0.0,0.0,1.0,4.0,5.0,-0.066,2.684,9.554,5.0
C102327,Company_2327,US,North America,0,Ecommerce,10-Jan,2979.77,Starter,SMB_Field,Inbound,2023-04-22,,1,0.08,4.7,0,332.0,0.907103825136612,366,110.0,0.3005464480874317,4727.29501663863,12.916106602837786,147,2259.36,185.0,2467.93501663863,1.0,0.0,0.0,0.0,1.0,0.07,4.27,6.31,1.0
C102328,Company_2328,Spain,Europe,1,Ecommerce,10-Jan,1830.63,Starter,SMB_Inside,Outbound,2023-10-11,2024-01-10,0,0.17,5.8,1,9.0,0.0267857142857142,336,5.0,0.0148809523809523,111.45,0.3316964285714285,9,111.45,0.0,0.0,0.0,0.0,0.0,0.0,0.0,0.0,0.0,0.0,0.0
C102329,Company_2329,UK,Europe,1,Unknown,10-Jan,1185.27,Starter,SMB_Field,Partner,2023-08-19,2023-11-18,0,0.13,7.5,1,0.0,0.0,336,0.0,0.0,0.0,0.0,0,0.0,0.0,0.0,0.0,0.0,0.0,0.0,0.0,0.0,0.0,0.0,0.0
C102330,Company_2330,Germany,Europe,1,Unknown,Nov-50,7902.38,Enterprise,SMB_Field,SelfServe,2023-08-29,2024-08-29,0,0.35,5.4,0,2350.0,6.994047619047619,336,851.0,2.5327380952380953,7403.4423439729935,22.03405459515772,1738,5547.68,612.0,1855.762343972994,2.0,1.0,1.0,0.0,4.0,0.2025,2.1225,15.205,4.0
C102331,Company_2331,Spain,Europe,1,Logistics,1000+,310287.16,Enterprise,Enterprise,Inbound,2023-08-16,2024-08-16,0,0.02,4.4,0,2282.0,6.791666666666667,336,797.0,2.3720238095238093,6800.269569817843,20.23889752921977,1818,5359.3,464.0,1440.9695698178432,1.0,6.0,1.0,1.0,9.0,0.1677777777777777,1.247777777777778,11.782222222222222,7.0
C102332,Company_2332,Canada,North America,0,Ecommerce,51-200,12559.53,Starter,MidMarket,Inbound,2023-05-15,,1,0.14,6.2,0,356.0,0.9726775956284152,366,119.0,0.3251366120218579,5037.892457982579,13.76473349175568,181,2453.1,175.0,2584.792457982579,0.0,0.0,0.0,0.0,0.0,0.0,0.0,0.0,0.0
C102333,Company_2333,Spain,Europe,1,Manufacturing,51-200,19338.04,Enterprise,MidMarket,Partner,2024-01-07,2025-01-07,0,0.06,6.3,0,3385.0,10.074404761904765,336,1216.0,3.619047619047619,9902.27127983186,29.47104547569006,1795,5172.35,1590.0,4729.92127983186,1.0,1.0,2.0,1.0,5.0,-0.006,4.8759999999999994,11.174,5.0
C102334,Company_2334,Netherlands,Europe,1,Wholesale,Nov-50,5069.1,Starter,SMB_Inside,Partner,2023-05-21,,1,0.36,7.1,0,340.0,1.011904761904762,336,115.0,0.3422619047619047,4474.703947059146,13.317571271009363,181,2525.71,159.0,1948.9939470591464,0.0,0.0,0.0,0.0,0.0,0.0,0.0,0.0,0.0
C102335,Company_2335,UK,Europe,1,Professional Services,1000+,310692.47,Growth,Enterprise,Inbound,2023-08-29,,1,0.04,8.2,0,1327.0,3.949404761904762,336,464.0,1.380952380952381,9027.68257971018,26.868102915804105,698,4827.12,629.0,4200.56257971018,0.0,1.0,0.0,1.0,2.0,0.115,7.985,19.225,2.0
C102336,Company_2336,UK,Europe,1,Professional Services,10-Jan,1461.25,Starter,SMB_Field,Partner,2023-07-28,,1,0.26,5.5,0,326.0,0.9702380952380952,336,105.0,0.3125,4620.616767126693,13.751835616448492,173,2461.39,153.0,2159.226767126693,0.0,0.0,2.0,0.0,2.0,-0.53,11.9,14.82,2.0
C102337,Company_2337,Australia,North America,0,Professional Services,10-Jan,1504.69,Starter,SMB_Inside,Outbound,2024-01-24,2024-07-25,0,0.23,7.4,0,187.0,0.5109289617486339,366,60.0,0.1639344262295081,2506.017752659487,6.847043040053244,157,2129.68,30.0,376.3377526594873,0.0,0.0,0.0,0.0,0.0,0.0,0.0,0.0,0.0
C102338,Company_2338,Australia,North America,0,Unknown,Nov-50,3986.21,Growth,SMB_Inside,Outbound,2023-12-13,2024-12-13,0,0.09,10.0,0,1310.0,3.579234972677596,366,482.0,1.3169398907103824,9239.54860488803,25.2446683193662,671,4794.3,639.0,4445.248604888029,0.0,0.0,0.0,0.0,0.0,0.0,0.0,0.0,0.0
C102339,Company_2339,Canada,North America,0,Unknown,51-200,39094.76,Growth,MidMarket,Inbound,2023-08-05,2024-08-05,0,0.25,2.3,0,847.0,2.314207650273224,366,306.0,0.8360655737704918,5814.695830924443,15.887147079028532,708,4800.5,139.0,1014.1958309244432,0.0,2.0,0.0,0.0,2.0,0.175,4.6049999999999995,11.8,1.0
C102340,Company_2340,Germany,Europe,1,Unknown,Nov-50,7783.23,Growth,SMB_Inside,SelfServe,2023-04-16,,1,0.14,9.3,0,1362.0,4.053571428571429,336,493.0,1.4672619047619049,8923.122161080471,26.55691119369188,726,4812.24,636.0,4110.882161080472,1.0,0.0,0.0,3.0,4.0,-0.06,5.76,18.7075,3.0
C102341,Company_2341,Netherlands,Europe,1,Hospitality,Nov-50,5721.04,Starter,SMB_Inside,Outbound,2023-04-19,,1,0.19,8.0,0,337.0,1.0029761904761905,336,118.0,0.3511904761904761,4813.549541225541,14.326040301266492,171,2570.6,166.0,2242.9495412255415,2.0,1.0,0.0,0.0,3.0,-0.2533333333333333,3.5833333333333335,10.523333333333332,3.0
C102342,Company_2342,Germany,Europe,1,Ecommerce,Nov-50,3038.24,Starter,SMB_Inside,Partner,2023-07-05,2024-07-05,0,0.06,5.2,0,183.0,0.5446428571428571,336,74.0,0.2202380952380952,2745.1535500348405,8.170099851294168,177,2652.91,6.0,92.24355003484054,1.0,0.0,0.0,0.0,1.0,-0.18,2.78,43.98,1.0
C102343,Company_2343,Spain,Europe,1,Unknown,10-Jan,2210.67,Growth,SMB_Field,Outbound,2023-08-13,2024-02-12,0,0.28,5.5,1,175.0,0.5208333333333334,336,49.0,0.1458333333333333,1132.16,3.36952380952381,175,1132.16,0.0,0.0,0.0,2.0,0.0,0.0,2.0,0.295,6.7700000000000005,19.655,2.0
C102344,Company_2344,Spain,Europe,1,Unknown,10-Jan,1282.9,Starter,SMB_Inside,Partner,2023-08-24,,1,0.34,2.4,0,338.0,1.005952380952381,336,101.0,0.3005952380952381,4764.978593291624,14.181483908606022,184,2593.09,154.0,2171.8885932916237,0.0,0.0,0.0,0.0,0.0,0.0,0.0,0.0,0.0
C102345,Company_2345,US,North America,0,Ecommerce,Nov-50,5430.19,Growth,SMB_Field,Outbound,2023-03-06,,1,0.19,8.9,0,1448.0,3.956284153005464,366,517.0,1.4125683060109289,9431.886593315392,25.77018194894916,723,4754.53,725.0,4677.356593315393,1.0,0.0,0.0,0.0,1.0,-0.81,2.52,5.05,1.0
C102346,Company_2346,Australia,North America,0,Retail,10-Jan,1848.04,Enterprise,SMB_Field,SelfServe,2023-10-30,,1,0.04,8.6,0,3682.0,10.060109289617486,366,1272.0,3.4754098360655736,11098.02794566862,30.322480725870548,1806,5639.13,1876.0,5458.897945668621,1.0,1.0,3.0,0.0,5.0,0.122,2.284,9.11,4.0
C102347,Company_2347,Canada,North America,0,Healthcare,10-Jan,2965.15,Starter,SMB_Inside,Inbound,2023-08-30,2023-11-29,0,0.23,6.7,1,0.0,0.0,366,0.0,0.0,0.0,0.0,0,0.0,0.0,0.0,0.0,1.0,0.0,0.0,1.0,0.14,5.24,20.91,1.0
C102348,Company_2348,UK,Europe,1,Unknown,51-200,29509.08,Growth,MidMarket,Inbound,2023-02-05,,1,0.36,4.1,0,1318.0,3.922619047619047,336,440.0,1.3095238095238095,8793.431470055915,26.170926994214035,720,4663.91,598.0,4129.5214700559145,0.0,0.0,0.0,0.0,0.0,0.0,0.0,0.0,0.0
C102349,Company_2349,UK,Europe,1,Logistics,Nov-50,9788.1,Starter,SMB_Inside,Outbound,2023-12-15,,1,0.28,8.8,0,331.0,0.9851190476190476,336,120.0,0.3571428571428571,4346.4457005868235,12.935850299365546,183,2427.09,148.0,1919.355700586824,0.0,0.0,0.0,0.0,0.0,0.0,0.0,0.0,0.0
C102350,Company_2350,Germany,Europe,1,Healthcare,51-200,18625.67,Enterprise,MidMarket,Partner,2024-03-11,2024-09-10,0,0.09,7.6,0,1768.0,5.261904761904762,336,612.0,1.8214285714285712,5323.125518045296,15.842635470372906,1111,3428.58,657.0,1894.5455180452964,0.0,1.0,1.0,0.0,2.0,-0.315,1.485,3.935,2.0
C102351,Company_2351,UK,Europe,1,Manufacturing,10-Jan,2255.23,Starter,SMB_Inside,SelfServe,2024-01-17,,1,0.15,5.4,0,337.0,1.0029761904761905,336,104.0,0.3095238095238095,4537.089170291307,13.503241578247938,183,2510.27,154.0,2026.8191702913064,0.0,0.0,0.0,0.0,0.0,0.0,0.0,0.0,0.0
C102352,Company_2352,Canada,North America,0,Unknown,Nov-50,4595.96,Enterprise,SMB_Inside,Inbound,2024-02-12,2024-08-13,0,0.2,7.0,0,1763.0,4.816939890710382,366,635.0,1.7349726775956285,5424.4229696788025,14.820827786007657,1369,4143.67,394.0,1280.752969678802,3.0,1.0,0.0,2.0,6.0,-0.1933333333333333,1.6516666666666666,8.778333333333332,6.0
C102353,Company_2353,Netherlands,Europe,1,Unknown,10-Jan,2359.05,Starter,SMB_Inside,SelfServe,2023-09-27,2024-09-27,0,0.16,7.5,0,230.0,0.6845238095238095,336,83.0,0.2470238095238095,3363.5473324602117,10.010557537083963,173,2505.84,57.0,857.7073324602115,1.0,0.0,0.0,0.0,1.0,-0.02,1.85,23.04,1.0
C102354,Company_2354,Netherlands,Europe,1,Ecommerce,201-1000,100045.02,Growth,Enterprise,Partner,2024-01-21,2025-01-21,0,0.11,7.5,0,1252.0,3.726190476190476,336,421.0,1.2529761904761905,8336.208902931874,24.8101455444401,657,4317.38,595.0,4018.828902931875,0.0,0.0,1.0,1.0,2.0,0.08,7.23,8.254999999999999,2.0
C102355,Company_2355,France,Europe,1,Professional Services,10-Jan,1617.97,Starter,SMB_Inside,Inbound,2023-05-25,,1,0.06,6.1,0,352.0,1.0476190476190477,336,129.0,0.3839285714285714,4548.152603968274,13.536168464191292,204,2624.83,148.0,1923.3226039682745,0.0,1.0,1.0,0.0,2.0,-0.055,3.07,10.435,2.0
C102356,Company_2356,Germany,Europe,1,Ecommerce,Nov-50,5179.28,Growth,SMB_Inside,SelfServe,2023-12-22,2024-12-22,0,0.31,8.5,0,1252.0,3.726190476190476,336,421.0,1.2529761904761905,8328.72225819989,24.78786386369015,696,4613.29,556.0,3715.4322581998904,0.0,1.0,1.0,0.0,2.0,0.105,9.86,27.17,2.0
C102357,Company_2357,Canada,North America,0,Hospitality,51-200,29537.63,Growth,MidMarket,Outbound,2023-10-02,,1,0.18,6.9,0,1388.0,3.792349726775957,366,493.0,1.3469945355191255,9242.822842452224,25.253614323639955,660,4616.85,728.0,4625.972842452224,0.0,0.0,0.0,2.0,2.0,-0.075,1.38,23.2,2.0
C102358,Company_2358,US,North America,0,Professional Services,10-Jan,1179.5,Starter,SMB_Field,SelfServe,2023-05-05,,1,0.08,9.9,0,354.0,0.9672131147540984,366,112.0,0.3060109289617486,4837.124112799884,13.21618610054613,193,2594.99,161.0,2242.1341127998835,0.0,0.0,0.0,0.0,0.0,0.0,0.0,0.0,0.0
C102359,Company_2359,Spain,Europe,1,Unknown,51-200,33639.02,Growth,MidMarket,SelfServe,2024-01-17,2025-01-17,0,0.14,7.7,0,1296.0,3.857142857142857,336,453.0,1.3482142857142858,8579.658998041657,25.534699398933505,656,4275.92,640.0,4303.738998041658,0.0,1.0,1.0,0.0,2.0,0.295,3.72,18.36,2.0
C102360,Company_2360,Netherlands,Europe,1,Logistics,10-Jan,1637.38,Growth,SMB_Inside,Inbound,2023-01-30,2023-08-01,0,0.19,7.1,1,0.0,0.0,336,0.0,0.0,0.0,0.0,0,0.0,0.0,0.0,1.0,0.0,1.0,3.0,5.0,0.056,5.894,9.326,5.0
C102361,Company_2361,Australia,North America,0,Logistics,10-Jan,2020.79,Starter,SMB_Inside,Outbound,2023-02-25,,1,0.7,3.7,0,419.0,1.144808743169399,366,139.0,0.3797814207650273,5659.788638384375,15.463903383563869,206,2887.59,213.0,2772.1986383843746,1.0,0.0,0.0,1.0,2.0,-0.205,11.915,26.0,2.0
C102362,Company_2362,UK,Europe,1,Wholesale,10-Jan,1366.65,Starter,SMB_Field,Inbound,2023-11-29,,1,0.2,6.7,0,324.0,0.9642857142857144,336,116.0,0.3452380952380952,4490.365744980955,13.364183764824272,185,2563.75,139.0,1926.615744980955,0.0,0.0,0.0,0.0,0.0,0.0,0.0,0.0,0.0
C102363,Company_2363,France,Europe,1,Manufacturing,Nov-50,6689.2,Enterprise,SMB_Field,Outbound,2024-02-15,2025-02-15,0,0.06,8.6,0,2937.0,8.741071428571429,336,1013.0,3.014880952380953,8447.621779842255,25.14173148762576,1355,3962.41,1582.0,4485.211779842254,1.0,0.0,1.0,1.0,3.0,-0.2333333333333333,3.3366666666666664,4.33,3.0
C102364,Company_2364,Netherlands,Europe,1,Professional Services,1000+,462996.79,Enterprise,Enterprise,Partner,2023-01-20,,1,0.07,3.5,0,3400.0,10.11904761904762,336,1210.0,3.6011904761904763,9971.996566440524,29.678561209644418,1846,5569.2,1554.0,4402.796566440522,0.0,0.0,2.0,2.0,4.0,-0.0299999999999999,1.9175,9.5825,4.0
C102365,Company_2365,France,Europe,1,Logistics,201-1000,90582.97,Enterprise,Enterprise,Outbound,2023-06-06,,1,0.02,7.0,0,3315.0,9.866071428571429,336,1213.0,3.610119047619047,10039.764312530308,29.880250930149725,1750,5360.4,1565.0,4679.364312530308,0.0,1.0,0.0,3.0,4.0,-0.0725,0.7075,8.9475,4.0
C102366,Company_2366,Spain,Europe,1,Healthcare,10-Jan,2042.99,Starter,SMB_Field,SelfServe,2023-01-06,2023-07-08,0,0.18,5.3,1,0.0,0.0,336,0.0,0.0,0.0,0.0,0,0.0,0.0,0.0,1.0,0.0,0.0,0.0,1.0,-0.36,6.74,10.2,1.0
C102367,Company_2367,UK,Europe,1,Logistics,Nov-50,5977.71,Growth,SMB_Field,Partner,2024-01-20,2025-01-20,0,0.05,9.4,0,1251.0,3.7232142857142856,336,436.0,1.2976190476190477,8335.906564807847,24.80924572859478,649,4347.32,602.0,3988.5865648078466,0.0,0.0,3.0,0.0,3.0,-0.1166666666666666,6.34,15.06,3.0
C102368,Company_2368,Spain,Europe,1,Unknown,201-1000,58771.74,Enterprise,Enterprise,SelfServe,2023-07-23,2024-07-23,0,0.21,8.3,0,2064.0,6.142857142857143,336,721.0,2.1458333333333335,6085.76914600645,18.112408172638244,1847,5398.33,217.0,687.4391460064496,1.0,1.0,3.0,0.0,5.0,0.1,1.734,5.016,5.0
C102369,Company_2369,Canada,North America,0,Logistics,51-200,26792.36,Growth,MidMarket,Outbound,2024-03-07,2025-03-08,0,0.29,6.2,0,1231.0,3.363387978142077,366,423.0,1.1557377049180328,7937.245912244278,21.686464241104584,479,3168.74,752.0,4768.505912244278,0.0,2.0,0.0,0.0,2.0,-0.01,5.984999999999999,35.08,2.0
C102370,Company_2370,France,Europe,1,Unknown,51-200,20526.94,Growth,MidMarket,Inbound,2023-11-25,2024-11-25,0,0.16,6.2,0,1147.0,3.4136904761904763,336,393.0,1.1696428571428572,8078.231522340684,24.042355721252036,708,4857.86,439.0,3220.371522340684,0.0,0.0,2.0,0.0,2.0,0.435,1.63,11.955,2.0
C102371,Company_2371,Spain,Europe,1,Retail,51-200,37833.76,Enterprise,MidMarket,Outbound,2023-09-23,2024-09-23,0,0.17,5.4,0,2363.0,7.032738095238095,336,796.0,2.369047619047619,7266.092615421113,21.625275641134262,1760,5466.93,603.0,1799.1626154211128,0.0,2.0,0.0,0.0,2.0,-0.25,0.24,18.115,2.0
C102372,Company_2372,UK,Europe,1,Healthcare,10-Jan,1862.64,Starter,SMB_Inside,Partner,2024-02-08,2024-08-09,0,0.1,8.5,0,174.0,0.5178571428571429,336,59.0,0.175595238095238,2595.413298878011,7.724444341898843,139,2089.99,35.0,505.42329887801105,0.0,0.0,1.0,0.0,1.0,-0.5,3.67,7.18,1.0
C102373,Company_2373,US,North America,0,Logistics,201-1000,149907.85,Growth,Enterprise,Outbound,2023-06-03,,1,0.37,4.0,0,1470.0,4.016393442622951,366,511.0,1.3961748633879782,9947.781098136657,27.17972977632966,738,5007.53,732.0,4940.251098136654,0.0,0.0,1.0,1.0,2.0,0.1649999999999999,10.235,15.68,2.0
C102374,Company_2374,Australia,North America,0,Manufacturing,51-200,20357.35,Enterprise,MidMarket,Partner,2023-07-18,2024-07-18,0,0.17,6.8,0,1999.0,5.461748633879782,366,677.0,1.849726775956284,5843.556700153163,15.966001912986783,1810,5325.37,189.0,518.1867001531624,0.0,0.0,1.0,1.0,2.0,0.09,0.485,5.425,2.0
C102375,Company_2375,Spain,Europe,1,Professional Services,10-Jan,1181.89,Growth,SMB_Inside,SelfServe,2023-08-13,,1,0.06,7.3,0,1340.0,3.988095238095238,336,450.0,1.3392857142857142,8925.83761182306,26.564992892330537,711,4861.12,629.0,4064.717611823061,0.0,0.0,2.0,0.0,2.0,0.05,7.359999999999999,11.355,2.0
C102376,Company_2376,Australia,North America,0,Ecommerce,201-1000,66514.06,Enterprise,Enterprise,Outbound,2023-05-04,,1,0.3,4.4,0,3664.0,10.010928961748634,366,1303.0,3.560109289617486,11045.22808154819,30.178218802044235,1803,5479.06,1861.0,5566.16808154819,1.0,1.0,0.0,0.0,2.0,0.24,2.715,5.904999999999999,2.0
C102377,Company_2377,Spain,Europe,1,Ecommerce,51-200,21145.9,Enterprise,MidMarket,Inbound,2023-03-15,,1,0.35,3.9,0,3394.0,10.101190476190476,336,1176.0,3.5,10083.52026902734,30.010476991152796,1855,5411.21,1539.0,4672.310269027339,1.0,1.0,1.0,2.0,5.0,-0.028,2.256,4.308,5.0
C102378,Company_2378,France,Europe,1,Unknown,Nov-50,5348.48,Growth,SMB_Inside,Outbound,2024-01-06,2024-07-07,0,0.05,5.3,0,808.0,2.4047619047619047,336,265.0,0.7886904761904762,5014.063833943519,14.922809029593807,772,4841.06,36.0,173.00383394351925,0.0,1.0,1.0,1.0,3.0,0.2733333333333333,10.74,13.763333333333334,2.0
C102379,Company_2379,Australia,North America,0,Logistics,Nov-50,3667.03,Growth,SMB_Field,Inbound,2024-03-18,2025-03-19,0,0.34,6.0,0,1143.0,3.122950819672131,366,398.0,1.0874316939890711,7576.534820403467,20.70091480984554,432,2836.78,711.0,4739.754820403467,0.0,0.0,1.0,0.0,1.0,-0.02,5.62,6.95,1.0
C102380,Company_2380,UK,Europe,1,Logistics,Nov-50,6816.57,Starter,SMB_Inside,SelfServe,2023-01-29,,1,0.16,7.0,0,306.0,0.9107142857142856,336,115.0,0.3422619047619047,4221.367738644123,12.563594460250366,157,2188.17,149.0,2033.1977386441235,0.0,1.0,0.0,0.0,1.0,0.04,5.79,9.63,1.0
C102381,Company_2381,Netherlands,Europe,1,Wholesale,201-1000,44060.37,Growth,Enterprise,Inbound,2023-09-09,2024-09-09,0,0.13,7.1,0,981.0,2.919642857142857,336,336.0,1.0,6581.200356497124,19.586905822908108,736,4898.17,245.0,1683.0303564971234,1.0,0.0,0.0,0.0,1.0,-0.28,2.49,6.47,1.0
C102382,Company_2382,Germany,Europe,1,Logistics,10-Jan,2774.6,Starter,SMB_Inside,SelfServe,2023-03-16,2023-06-15,0,0.05,7.3,1,0.0,0.0,336,0.0,0.0,0.0,0.0,0,0.0,0.0,0.0,0.0,0.0,0.0,0.0,0.0,0.0,0.0,0.0,0.0
C102383,Company_2383,US,North America,0,Unknown,Nov-50,5406.06,Starter,SMB_Inside,SelfServe,2023-01-09,,1,0.11,7.5,0,357.0,0.9754098360655736,366,112.0,0.3060109289617486,5011.392782137263,13.692330005839516,178,2509.0,179.0,2502.392782137262,0.0,0.0,0.0,0.0,0.0,0.0,0.0,0.0,0.0
C102384,Company_2384,US,North America,0,Healthcare,201-1000,147573.21,Growth,Enterprise,Outbound,2023-12-16,2024-12-16,0,0.4,3.8,0,1372.0,3.748633879781421,366,484.0,1.3224043715846994,9467.41238205015,25.867246945492212,691,4957.01,681.0,4510.40238205015,0.0,0.0,1.0,0.0,1.0,-0.1,3.99,13.93,1.0
C102385,Company_2385,France,Europe,1,Hospitality,Nov-50,7674.6,Starter,SMB_Inside,Outbound,2023-07-09,2024-07-09,0,0.41,4.9,0,187.0,0.5565476190476191,336,53.0,0.1577380952380952,2768.330255615237,8.239078141712016,174,2641.02,13.0,127.31025561523695,1.0,0.0,1.0,0.0,2.0,-0.215,5.46,12.965,2.0
C102386,Company_2386,UK,Europe,1,Wholesale,10-Jan,1494.85,Starter,SMB_Inside,Inbound,2024-03-12,2024-09-11,0,0.08,6.1,0,177.0,0.5267857142857143,336,61.0,0.181547619047619,2335.9432840154386,6.952212154807853,120,1465.57,57.0,870.3732840154385,0.0,0.0,0.0,2.0,2.0,-0.185,3.685,4.4750000000000005,2.0
C102387,Company_2387,Germany,Europe,1,Wholesale,51-200,35489.76,Growth,MidMarket,Partner,2023-12-20,2024-12-20,0,0.11,3.8,0,1288.0,3.8333333333333335,336,465.0,1.3839285714285714,8595.258269573189,25.58112580230116,724,4771.25,564.0,3824.008269573189,1.0,1.0,2.0,0.0,4.0,-0.0074999999999999,4.0625,7.9425,3.0
C102388,Company_2388,Netherlands,Europe,1,Ecommerce,Nov-50,7903.01,Starter,SMB_Inside,Outbound,2024-03-19,2024-09-18,0,0.14,5.8,0,152.0,0.4523809523809524,336,50.0,0.1488095238095238,2143.5243489180057,6.37953675273216,87,1340.18,65.0,803.3443489180057,1.0,0.0,1.0,0.0,2.0,0.2,0.875,16.03,2.0
C102389,Company_2389,Netherlands,Europe,1,Ecommerce,Nov-50,8755.02,Growth,SMB_Inside,Inbound,2024-02-12,2024-08-13,0,0.41,7.0,0,758.0,2.255952380952381,336,286.0,0.8511904761904762,5031.623581535085,14.975070183140131,571,3847.3,187.0,1184.3235815350847,1.0,0.0,1.0,1.0,3.0,-0.0166666666666666,3.296666666666667,10.136666666666668,2.0
C102390,Company_2390,France,Europe,1,Professional Services,201-1000,79661.98,Growth,Enterprise,SelfServe,2023-10-06,2024-10-06,0,0.5,5.2,0,988.0,2.9404761904761907,336,349.0,1.0386904761904765,6690.1336760320455,19.911112131047755,710,4855.15,278.0,1834.983676032046,0.0,0.0,0.0,0.0,0.0,0.0,0.0,0.0,0.0
C102391,Company_2391,Germany,Europe,1,Logistics,Nov-50,7252.03,Starter,SMB_Field,SelfServe,2024-04-01,2025-04-02,0,0.14,8.8,0,258.0,0.7678571428571429,336,80.0,0.238095238095238,3493.423149642068,10.39709270726806,87,1229.73,171.0,2263.693149642068,2.0,1.0,0.0,0.0,3.0,0.0533333333333333,5.776666666666666,22.526666666666667,3.0
C102392,Company_2392,US,North America,0,Unknown,10-Jan,1415.16,Starter,SMB_Inside,Partner,2023-03-13,,1,0.17,5.7,0,372.0,1.0163934426229508,366,138.0,0.3770491803278688,5438.403446340012,14.859025809672165,181,2605.09,191.0,2833.3134463400124,0.0,0.0,1.0,0.0,1.0,0.04,24.66,32.3,1.0
C102393,Company_2393,Canada,North America,0,Retail,Nov-50,6096.45,Starter,SMB_Field,Outbound,2024-02-27,2025-02-27,0,0.31,5.7,0,296.0,0.8087431693989071,366,116.0,0.3169398907103825,4178.811744555604,11.41751842774755,104,1446.75,192.0,2732.0617445556036,0.0,0.0,0.0,0.0,0.0,0.0,0.0,0.0,0.0
C102394,Company_2394,France,Europe,1,Hospitality,Nov-50,7539.0,Growth,SMB_Inside,SelfServe,2023-09-09,,1,0.37,5.2,0,1380.0,4.107142857142857,336,496.0,1.4761904761904765,9116.99764382168,27.133921558993094,751,5007.56,629.0,4109.43764382168,0.0,0.0,0.0,2.0,2.0,-0.11,3.68,10.455,2.0
C102395,Company_2395,US,North America,0,Healthcare,Nov-50,3914.92,Enterprise,SMB_Inside,SelfServe,2023-02-26,,1,0.14,5.0,0,3568.0,9.74863387978142,366,1303.0,3.560109289617486,10985.53830141096,30.015131971068193,1818,5410.44,1750.0,5575.098301410959,0.0,0.0,3.0,1.0,4.0,-0.1325,2.2475,6.3175,4.0
C102396,Company_2396,Australia,North America,0,Unknown,51-200,14901.45,Enterprise,MidMarket,Inbound,2023-02-04,,1,0.14,6.6,0,3746.0,10.234972677595628,366,1285.0,3.510928961748634,10758.454163561142,29.394683506997655,1840,5352.96,1906.0,5405.494163561142,0.0,3.0,1.0,2.0,6.0,0.0333333333333333,1.1716666666666666,11.268333333333333,6.0
C102397,Company_2397,UK,Europe,1,Healthcare,Nov-50,9969.91,Growth,SMB_Inside,Outbound,2024-02-17,2025-02-17,0,0.26,9.2,0,1157.0,3.443452380952381,336,408.0,1.2142857142857142,7904.044735872772,23.523942666288015,542,3788.9,615.0,4115.144735872772,2.0,1.0,1.0,1.0,5.0,0.086,4.258,13.734,4.0
C102398,Company_2398,Canada,North America,0,Unknown,10-Jan,2585.27,Starter,SMB_Inside,SelfServe,2023-11-24,2024-11-24,0,0.11,5.2,0,330.0,0.9016393442622952,366,111.0,0.3032786885245901,4422.869544265055,12.084343017117638,171,2425.37,159.0,1997.4995442650547,0.0,0.0,0.0,1.0,1.0,-0.3,4.37,5.07,1.0
C102399,Company_2399,Canada,North America,0,Manufacturing,10-Jan,2971.68,Growth,SMB_Inside,Outbound,2023-04-23,,1,0.14,5.1,0,1372.0,3.748633879781421,366,471.0,1.286885245901639,9543.466402051978,26.075044814349667,665,4722.04,707.0,4821.426402051978,0.0,1.0,0.0,1.0,2.0,-0.18,5.965,11.3,2.0
C102400,Company_2400,UK,Europe,1,Ecommerce,Nov-50,6307.99,Growth,SMB_Field,SelfServe,2023-09-09,2024-09-09,0,0.14,8.0,0,927.0,2.7589285714285716,336,329.0,0.9791666666666666,6648.758963949555,19.787973106992723,684,4877.67,243.0,1771.0889639495556,0.0,2.0,0.0,0.0,2.0,-0.05,2.78,17.755000000000003,2.0
C102401,Company_2401,Netherlands,Europe,1,Logistics,10-Jan,1550.97,Starter,SMB_Inside,Outbound,2023-08-15,,1,0.1,4.8,0,363.0,1.0803571428571428,336,144.0,0.4285714285714285,4374.0370084501,13.01796728705387,201,2374.97,162.0,1999.0670084501005,0.0,0.0,0.0,0.0,0.0,0.0,0.0,0.0,0.0
C102402,Company_2402,Spain,Europe,1,Retail,Nov-50,7578.45,Starter,SMB_Field,Outbound,2023-09-17,2024-09-17,0,0.23,7.6,0,239.0,0.7113095238095238,336,84.0,0.25,3586.724610263571,10.674775625784438,178,2679.99,61.0,906.7346102635707,0.0,0.0,0.0,0.0,0.0,0.0,0.0,0.0,0.0
C102403,Company_2403,Canada,North America,0,Wholesale,Nov-50,8939.03,Starter,SMB_Field,Outbound,2023-10-29,2024-10-29,0,0.32,7.9,0,298.0,0.8142076502732241,366,96.0,0.2622950819672131,4235.708664968282,11.57297449444886,181,2557.27,117.0,1678.4386649682829,1.0,0.0,0.0,1.0,2.0,-0.0499999999999999,2.965,11.02,2.0
C102404,Company_2404,Netherlands,Europe,1,Ecommerce,10-Jan,2668.11,Starter,SMB_Inside,SelfServe,2024-02-18,2025-02-18,0,0.37,3.2,0,303.0,0.9017857142857144,336,114.0,0.3392857142857143,3751.6851763915647,11.165729691641562,156,1781.99,147.0,1969.6951763915647,0.0,0.0,0.0,0.0,0.0,0.0,0.0,0.0,0.0
C102405,Company_2405,Australia,North America,0,Unknown,51-200,18048.35,Growth,MidMarket,Partner,2023-02-10,,1,0.25,8.7,0,1418.0,3.8743169398907105,366,530.0,1.4480874316939891,9581.977053929772,26.18026517467151,686,4524.93,732.0,5057.047053929773,0.0,0.0,0.0,1.0,1.0,-0.34,6.63,9.28,1.0
C102406,Company_2406,France,Europe,1,Retail,201-1000,107894.46,Growth,Enterprise,Outbound,2024-01-05,2024-07-06,0,0.35,3.2,0,809.0,2.4077380952380953,336,303.0,0.9017857142857144,4822.380385700189,14.35232257648866,779,4638.31,30.0,184.0703857001895,0.0,1.0,0.0,0.0,1.0,0.01,3.24,9.67,1.0
C102407,Company_2407,Canada,North America,0,Retail,Nov-50,8701.93,Enterprise,SMB_Field,Inbound,2023-02-02,,1,0.18,9.3,0,3645.0,9.959016393442624,366,1223.0,3.341530054644809,11035.103253402369,30.150555337164946,1862,5442.94,1783.0,5592.163253402369,2.0,1.0,2.0,0.0,5.0,0.144,2.834,13.21,4.0
C102408,Company_2408,UK,Europe,1,Wholesale,10-Jan,2619.95,Starter,SMB_Inside,SelfServe,2024-02-28,,1,0.23,5.4,0,311.0,0.925595238095238,336,106.0,0.3154761904761904,4064.119302728356,12.095593162882013,129,1811.59,182.0,2252.529302728356,0.0,0.0,0.0,1.0,1.0,0.05,2.23,4.21,1.0
C102409,Company_2409,Germany,Europe,1,Unknown,51-200,23441.83,Starter,MidMarket,Inbound,2024-01-21,2025-01-21,0,0.33,4.6,0,293.0,0.8720238095238095,336,108.0,0.3214285714285714,3978.863508608956,11.841855680383798,150,1980.16,143.0,1998.7035086089563,0.0,0.0,0.0,0.0,0.0,0.0,0.0,0.0,0.0
C102410,Company_2410,Australia,North America,0,Unknown,51-200,19856.46,Growth,MidMarket,Inbound,2023-10-30,,1,0.2,6.1,0,1476.0,4.032786885245901,366,509.0,1.3907103825136613,9665.609291935589,26.40876855720106,751,4808.93,725.0,4856.679291935589,0.0,0.0,1.0,2.0,3.0,-0.31,2.3866666666666667,3.0233333333333334,3.0
C102411,Company_2411,US,North America,0,Ecommerce,10-Jan,1074.66,Starter,SMB_Inside,SelfServe,2023-12-26,2024-12-26,0,0.15,5.7,0,344.0,0.9398907103825136,366,111.0,0.3032786885245901,5093.569713759167,13.91685714141849,161,2532.19,183.0,2561.379713759167,0.0,0.0,1.0,0.0,1.0,-0.25,0.1,5.06,1.0
C102412,Company_2412,Australia,North America,0,Professional Services,Nov-50,7813.21,Enterprise,SMB_Inside,SelfServe,2023-10-24,,1,0.29,7.1,0,3798.0,10.37704918032787,366,1261.0,3.4453551912568305,11231.222994952488,30.686401625553245,1890,5774.1,1908.0,5457.122994952489,0.0,0.0,0.0,3.0,3.0,-0.31,1.7066666666666668,11.29,3.0
C102413,Company_2413,Canada,North America,0,Professional Services,Nov-50,9102.31,Enterprise,SMB_Inside,Inbound,2023-10-22,2024-10-22,0,0.08,7.1,0,2893.0,7.904371584699454,366,1019.0,2.7841530054644807,8884.081782040143,24.273447491912957,1763,5476.0,1130.0,3408.0817820401435,0.0,1.0,1.0,0.0,2.0,0.305,1.605,10.465,2.0
C102414,Company_2414,Germany,Europe,1,Manufacturing,10-Jan,1667.73,Starter,SMB_Field,SelfServe,2023-08-22,2024-08-22,0,0.25,7.2,0,232.0,0.6904761904761905,336,87.0,0.2589285714285714,3270.4694227607624,9.733539948692746,178,2489.06,54.0,781.4094227607623,0.0,1.0,0.0,0.0,1.0,0.12,23.2,39.02,1.0
C102415,Company_2415,Australia,North America,0,Hospitality,10-Jan,2321.13,Starter,SMB_Inside,Inbound,2023-11-07,2024-05-08,0,0.2,8.4,1,143.0,0.3907103825136612,366,48.0,0.1311475409836065,1645.22,4.495136612021858,143,1645.22,0.0,0.0,1.0,1.0,0.0,0.0,2.0,-0.2,2.3049999999999997,21.49,2.0
C102416,Company_2416,Netherlands,Europe,1,Healthcare,10-Jan,2370.72,Growth,SMB_Inside,Outbound,2023-05-30,2023-11-29,0,0.39,5.3,1,0.0,0.0,336,0.0,0.0,0.0,0.0,0,0.0,0.0,0.0,1.0,1.0,1.0,0.0,3.0,-0.0333333333333333,10.093333333333334,15.256666666666666,3.0
C102417,Company_2417,Canada,North America,0,Unknown,Nov-50,6805.34,Growth,SMB_Inside,Inbound,2024-01-30,2025-01-30,0,0.04,5.1,0,1283.0,3.5054644808743167,366,480.0,1.3114754098360657,8895.576376689292,24.30485348822211,570,3969.19,713.0,4926.386376689293,0.0,0.0,0.0,1.0,1.0,0.29,7.32,15.04,1.0
C102418,Company_2418,Australia,North America,0,Unknown,51-200,10373.75,Enterprise,MidMarket,Outbound,2023-10-24,2024-10-24,0,0.08,7.5,0,2997.0,8.188524590163935,366,1093.0,2.9863387978142075,8889.659613969214,24.28868746986124,1830,5414.8,1167.0,3474.8596139692145,2.0,0.0,3.0,3.0,8.0,-0.035,1.405,8.334999999999999,6.0
C102419,Company_2419,Spain,Europe,1,Unknown,1000+,336904.68,Enterprise,Enterprise,Inbound,2024-01-23,2025-01-23,0,0.42,7.0,0,3064.0,9.11904761904762,336,1074.0,3.1964285714285716,9385.6731276951,27.933550975283033,1567,4614.17,1497.0,4771.5031276950995,1.0,1.0,3.0,2.0,7.0,-0.1828571428571428,1.6285714285714286,5.041428571428571,6.0
C102420,Company_2420,France,Europe,1,Wholesale,51-200,35640.34,Growth,MidMarket,SelfServe,2023-04-20,,1,0.04,7.3,0,1336.0,3.976190476190476,336,458.0,1.363095238095238,9257.50094219032,27.55208613747119,685,4982.39,651.0,4275.110942190319,1.0,0.0,1.0,0.0,2.0,0.03,4.33,9.35,2.0
C102421,Company_2421,UK,Europe,1,Unknown,51-200,27084.56,Growth,MidMarket,Partner,2023-10-24,2024-10-24,0,0.12,5.6,0,1074.0,3.1964285714285716,336,389.0,1.1577380952380951,7102.41570874186,21.13814199030315,740,4872.53,334.0,2229.88570874186,0.0,0.0,1.0,0.0,1.0,-0.25,0.23,7.42,1.0
C102422,Company_2422,UK,Europe,1,Professional Services,10-Jan,1460.21,Starter,SMB_Inside,Outbound,2024-02-27,2024-08-28,0,0.35,3.8,0,165.0,0.4910714285714285,336,47.0,0.1398809523809523,2418.0251001961005,7.196503274393156,123,1660.29,42.0,757.7351001961003,0.0,0.0,0.0,0.0,0.0,0.0,0.0,0.0,0.0
C102423,Company_2423,Netherlands,Europe,1,Healthcare,51-200,38053.27,Enterprise,MidMarket,Partner,2023-05-01,,1,0.1,5.9,0,3270.0,9.732142857142858,336,1129.0,3.360119047619047,10061.50608022613,29.94495857210158,1742,5561.58,1528.0,4499.926080226131,3.0,2.0,4.0,1.0,10.0,0.0259999999999999,1.5699999999999998,10.56,10.0
C102424,Company_2424,Spain,Europe,1,Retail,Nov-50,8566.94,Growth,SMB_Inside,Outbound,2023-01-05,,1,0.25,6.7,0,1346.0,4.005952380952381,336,456.0,1.3571428571428572,9022.78601804665,26.85352981561503,723,4878.48,623.0,4144.30601804665,0.0,1.0,2.0,0.0,3.0,-0.05,9.33,23.123333333333335,3.0
C102425,Company_2425,Netherlands,Europe,1,Professional Services,51-200,35139.54,Starter,MidMarket,Partner,2023-03-03,,1,0.09,6.5,0,339.0,1.0089285714285714,336,116.0,0.3452380952380952,4445.128681952164,13.229549648667154,188,2573.4,151.0,1871.7286819521637,0.0,0.0,0.0,0.0,0.0,0.0,0.0,0.0,0.0
C102426,Company_2426,Germany,Europe,1,Logistics,10-Jan,1531.89,Growth,SMB_Inside,SelfServe,2023-09-05,2023-12-05,0,0.21,5.0,1,0.0,0.0,336,0.0,0.0,0.0,0.0,0,0.0,0.0,0.0,2.0,0.0,0.0,1.0,3.0,-0.1333333333333333,3.4766666666666666,6.9433333333333325,3.0
C102427,Company_2427,Germany,Europe,1,Hospitality,Nov-50,3121.0,Starter,SMB_Field,Partner,2023-03-12,,1,0.22,6.1,0,347.0,1.0327380952380951,336,121.0,0.3601190476190476,4385.084039127646,13.050845354546563,197,2538.59,150.0,1846.4940391276464,0.0,1.0,0.0,0.0,1.0,0.08,4.61,28.35,1.0
C102428,Company_2428,UK,Europe,1,Retail,1000+,476258.14,Growth,Enterprise,SelfServe,2023-04-09,,1,0.22,8.4,0,1380.0,4.107142857142857,336,470.0,1.3988095238095235,9090.149256255638,27.05401564361797,765,5009.48,615.0,4080.6692562556377,0.0,0.0,1.0,1.0,2.0,-0.005,6.45,8.985,2.0
C102429,Company_2429,Germany,Europe,1,Professional Services,10-Jan,1184.59,Starter,SMB_Inside,Partner,2023-09-27,,1,0.38,5.8,0,342.0,1.0178571428571428,336,112.0,0.3333333333333333,4648.856623459065,13.835882807913883,198,2487.15,144.0,2161.7066234590657,0.0,2.0,0.0,0.0,2.0,0.18,8.5,25.31,2.0
C102430,Company_2430,US,North America,0,Wholesale,10-Jan,2148.77,Starter,SMB_Field,Inbound,2023-01-12,2023-07-14,0,0.2,7.8,1,0.0,0.0,366,0.0,0.0,0.0,0.0,0,0.0,0.0,0.0,0.0,1.0,0.0,0.0,1.0,0.02,7.23,12.0,1.0
C102431,Company_2431,Netherlands,Europe,1,Unknown,10-Jan,1385.44,Starter,SMB_Inside,Partner,2023-11-14,,1,0.11,2.8,0,329.0,0.9791666666666666,336,118.0,0.3511904761904761,4536.144907414742,13.500431272067685,178,2382.17,151.0,2153.974907414742,0.0,1.0,0.0,0.0,1.0,0.06,5.11,18.15,1.0
C102432,Company_2432,Netherlands,Europe,1,Professional Services,Nov-50,4272.81,Starter,SMB_Field,SelfServe,2023-08-13,2024-08-13,0,0.2,8.1,0,193.0,0.5744047619047619,336,73.0,0.2172619047619047,2726.73767803561,8.115290708439314,160,2232.46,33.0,494.27767803560994,1.0,0.0,0.0,0.0,1.0,0.17,0.64,2.31,1.0
C102433,Company_2433,Canada,North America,0,Healthcare,201-1000,128833.84,Growth,Enterprise,Partner,2023-06-08,2024-06-08,0,0.19,7.9,1,609.0,1.6639344262295082,366,215.0,0.587431693989071,4336.91,11.84948087431694,609,4336.91,0.0,0.0,2.0,0.0,2.0,1.0,5.0,0.114,3.642,13.524,5.0
C102434,Company_2434,Spain,Europe,1,Wholesale,201-1000,77836.9,Growth,Enterprise,Partner,2023-05-16,,1,0.1,6.8,0,1308.0,3.892857142857143,336,482.0,1.4345238095238095,9163.378172532091,27.271958846821708,707,4916.96,601.0,4246.418172532093,1.0,2.0,2.0,1.0,6.0,-0.3266666666666666,3.115,6.361666666666667,6.0
C102435,Company_2435,Canada,North America,0,Unknown,10-Jan,2946.51,Starter,SMB_Field,Inbound,2023-11-25,,1,0.2,4.2,0,356.0,0.9726775956284152,366,125.0,0.3415300546448087,4983.582611032047,13.616345931781549,180,2580.88,176.0,2402.702611032046,0.0,0.0,1.0,0.0,1.0,0.34,0.64,10.44,1.0
C102436,Company_2436,Spain,Europe,1,Unknown,1000+,204752.31,Growth,Enterprise,Outbound,2024-01-14,2025-01-14,0,0.54,8.7,0,1323.0,3.9375,336,484.0,1.4404761904761905,8646.768304377112,25.734429477312833,724,4582.03,599.0,4064.738304377113,3.0,0.0,0.0,0.0,3.0,0.0033333333333333,7.493333333333332,19.833333333333332,3.0
C102437,Company_2437,Spain,Europe,1,Unknown,51-200,25678.76,Enterprise,MidMarket,Inbound,2023-03-11,2023-09-10,0,0.13,4.6,1,0.0,0.0,336,0.0,0.0,0.0,0.0,0,0.0,0.0,0.0,1.0,2.0,2.0,2.0,7.0,-0.0571428571428571,2.737142857142857,10.672857142857142,7.0
C102438,Company_2438,Spain,Europe,1,Retail,Nov-50,3886.51,Starter,SMB_Inside,Outbound,2023-12-07,,1,0.2,7.8,0,382.0,1.136904761904762,336,142.0,0.4226190476190476,4914.974273263935,14.62789962280933,213,2609.65,169.0,2305.3242732639355,1.0,0.0,0.0,0.0,1.0,0.53,5.78,6.78,1.0
C102439,Company_2439,Spain,Europe,1,Logistics,10-Jan,2146.73,Starter,SMB_Inside,SelfServe,2023-04-12,2023-07-12,0,0.13,6.9,1,0.0,0.0,336,0.0,0.0,0.0,0.0,0,0.0,0.0,0.0,1.0,0.0,0.0,0.0,1.0,-0.19,5.43,39.41,0.0
C102440,Company_2440,Australia,North America,0,Logistics,51-200,21023.99,Growth,MidMarket,Outbound,2023-08-22,2024-08-22,0,0.14,6.4,0,906.0,2.4754098360655736,366,321.0,0.8770491803278688,6363.260401276525,17.385957380536954,696,4939.25,210.0,1424.0104012765248,0.0,0.0,1.0,0.0,1.0,0.03,0.1,16.4,0.0
C102441,Company_2441,Spain,Europe,1,Ecommerce,10-Jan,1919.92,Starter,SMB_Inside,Outbound,2023-06-25,,1,0.23,2.7,0,359.0,1.068452380952381,336,143.0,0.4255952380952381,4874.004231044439,14.505964973346543,198,2592.86,161.0,2281.144231044439,1.0,0.0,0.0,0.0,1.0,-0.41,1.19,28.32,1.0
C102442,Company_2442,UK,Europe,1,Healthcare,10-Jan,2980.75,Growth,SMB_Inside,SelfServe,2023-07-12,2024-01-11,0,0.21,7.6,1,37.0,0.1101190476190476,336,11.0,0.0327380952380952,280.07,0.8335416666666666,37,280.07,0.0,0.0,1.0,2.0,1.0,1.0,5.0,-0.104,3.669999999999999,10.206,5.0
C102443,Company_2443,Canada,North America,0,Unknown,10-Jan,2275.88,Growth,SMB_Inside,Partner,2023-05-07,,1,0.1,6.0,0,1518.0,4.147540983606557,366,541.0,1.4781420765027322,9787.896260264864,26.74288595700782,735,4791.57,783.0,4996.326260264863,1.0,0.0,1.0,0.0,2.0,0.28,4.609999999999999,11.05,1.0
C102444,Company_2444,Spain,Europe,1,Logistics,201-1000,124000.01,Growth,Enterprise,Partner,2023-06-23,,1,0.11,4.9,0,1341.0,3.991071428571429,336,439.0,1.306547619047619,9007.872088893166,26.80914312170585,695,4919.5,646.0,4088.372088893166,1.0,0.0,1.0,0.0,2.0,-0.395,5.32,12.185,2.0
C102445,Company_2445,UK,Europe,1,Unknown,51-200,10000.17,Enterprise,MidMarket,Inbound,2023-12-03,2024-12-03,0,0.41,5.9,0,3047.0,9.06845238095238,336,1030.0,3.0654761904761907,8944.958654790276,26.621900758304395,1794,5199.37,1253.0,3745.588654790277,0.0,1.0,0.0,1.0,2.0,-0.425,1.89,10.739999999999998,2.0
C102446,Company_2446,Germany,Europe,1,Hospitality,10-Jan,1043.23,Starter,SMB_Inside,SelfServe,2023-08-15,2023-11-14,0,0.21,3.9,1,0.0,0.0,336,0.0,0.0,0.0,0.0,0,0.0,0.0,0.0,0.0,0.0,0.0,0.0,0.0,0.0,0.0,0.0,0.0
C102447,Company_2447,UK,Europe,1,Unknown,10-Jan,1623.08,Enterprise,SMB_Inside,Outbound,2023-04-04,,1,0.09,5.2,0,3409.0,10.145833333333334,336,1211.0,3.6041666666666665,10026.852980664626,29.841824347216143,1817,5387.64,1592.0,4639.212980664626,2.0,1.0,4.0,1.0,8.0,0.06625,1.51375,7.39125,8.0
C102448,Company_2448,Netherlands,Europe,1,Retail,10-Jan,1711.9,Starter,SMB_Inside,Partner,2023-03-05,2023-09-04,0,0.33,5.7,1,0.0,0.0,336,0.0,0.0,0.0,0.0,0,0.0,0.0,0.0,0.0,1.0,0.0,1.0,2.0,-0.0749999999999999,3.935,14.46,2.0
C102449,Company_2449,France,Europe,1,Ecommerce,51-200,34158.74,Growth,MidMarket,Inbound,2023-12-30,,1,0.36,4.9,0,1329.0,3.955357142857143,336,442.0,1.3154761904761905,9019.792642071492,26.84462095854611,705,4849.78,624.0,4170.012642071493,1.0,0.0,0.0,1.0,2.0,-0.22,8.375,21.17,2.0
C102450,Company_2450,Germany,Europe,1,Logistics,Nov-50,7317.27,Enterprise,SMB_Field,Inbound,2023-04-11,,1,0.4,4.5,0,3343.0,9.949404761904765,336,1189.0,3.5386904761904763,10320.597338601869,30.71606350774365,1795,5749.18,1548.0,4571.4173386018665,2.0,0.0,0.0,0.0,2.0,-0.16,0.97,9.86,2.0
C102451,Company_2451,Germany,Europe,1,Logistics,Nov-50,6139.29,Growth,SMB_Inside,Partner,2023-07-22,,1,0.32,5.3,0,1366.0,4.065476190476191,336,468.0,1.3928571428571428,9032.237986643398,26.88166067453393,727,4861.61,639.0,4170.627986643399,0.0,0.0,0.0,1.0,1.0,0.04,19.16,19.35,1.0
C102452,Company_2452,Netherlands,Europe,1,Unknown,10-Jan,2326.6,Starter,SMB_Inside,Outbound,2023-07-18,,1,0.12,8.7,0,427.0,1.2708333333333333,336,152.0,0.4523809523809524,5122.532394095931,15.245632125285509,219,2656.83,208.0,2465.7023940959307,1.0,0.0,0.0,0.0,1.0,-0.02,5.57,6.65,1.0
C102453,Company_2453,UK,Europe,1,Unknown,51-200,13190.72,Growth,MidMarket,SelfServe,2023-03-11,,1,0.2,7.8,0,1293.0,3.8482142857142856,336,443.0,1.318452380952381,9038.889104779577,26.90145566898683,693,4925.09,600.0,4113.799104779577,2.0,0.0,0.0,1.0,3.0,-0.1033333333333333,2.9566666666666666,10.126666666666669,3.0
C102454,Company_2454,Canada,North America,0,Hospitality,10-Jan,1598.91,Starter,SMB_Inside,Partner,2023-09-02,,1,0.15,3.2,0,362.0,0.989071038251366,366,133.0,0.3633879781420765,4872.023739915185,13.311540272992309,179,2396.08,183.0,2475.943739915185,0.0,0.0,0.0,0.0,0.0,0.0,0.0,0.0,0.0
C102455,Company_2455,Australia,North America,0,Unknown,51-200,23591.1,Growth,MidMarket,SelfServe,2023-08-27,2024-08-27,0,0.19,6.7,0,922.0,2.519125683060109,366,326.0,0.8907103825136612,6465.828917147088,17.666199227177835,703,4969.4,219.0,1496.4289171470878,2.0,1.0,1.0,1.0,5.0,-0.1339999999999999,2.814,15.61,4.0
C102456,Company_2456,France,Europe,1,Wholesale,10-Jan,2673.66,Growth,SMB_Inside,Inbound,2023-08-02,,1,0.13,7.7,0,1294.0,3.851190476190476,336,451.0,1.3422619047619049,8999.750619778495,26.78497208267409,700,4818.72,594.0,4181.030619778496,0.0,0.0,4.0,1.0,5.0,-0.03,4.794,12.042,5.0
C102457,Company_2457,Netherlands,Europe,1,Ecommerce,51-200,30860.96,Growth,MidMarket,Outbound,2023-03-03,,1,0.14,8.1,0,1355.0,4.032738095238095,336,467.0,1.3898809523809523,8969.565059643948,26.69513410608318,744,4830.75,611.0,4138.815059643948,0.0,1.0,2.0,0.0,3.0,-0.2066666666666666,13.663333333333334,18.186666666666667,3.0
C102458,Company_2458,Spain,Europe,1,Wholesale,Nov-50,8601.88,Starter,SMB_Inside,Partner,2023-01-03,,1,0.29,3.7,0,334.0,0.9940476190476192,336,124.0,0.369047619047619,4715.319008003752,14.03368752382069,181,2564.2,153.0,2151.119008003752,0.0,0.0,0.0,0.0,0.0,0.0,0.0,0.0,0.0
C102459,Company_2459,France,Europe,1,Hospitality,Nov-50,6698.04,Growth,SMB_Field,Partner,2024-03-17,2025-03-18,0,0.19,6.1,0,1020.0,3.0357142857142856,336,374.0,1.113095238095238,7065.623591188331,21.028641640441464,421,2831.63,599.0,4233.993591188331,0.0,0.0,0.0,1.0,1.0,-0.06,2.72,3.46,1.0
C102460,Company_2460,US,North America,0,Hospitality,1000+,298533.38,Growth,Enterprise,Partner,2023-07-05,,1,0.33,5.1,0,1431.0,3.9098360655737703,366,498.0,1.360655737704918,9793.45498426192,26.758073727491585,722,4935.07,709.0,4858.38498426192,0.0,1.0,0.0,0.0,1.0,-0.31,1.81,2.59,1.0
C102461,Company_2461,US,North America,0,Manufacturing,10-Jan,2453.66,Starter,SMB_Inside,Inbound,2023-10-07,,1,0.14,6.8,0,369.0,1.0081967213114753,366,117.0,0.319672131147541,5033.121667381868,13.751698544759202,180,2448.44,189.0,2584.6816673818685,1.0,0.0,0.0,0.0,1.0,-0.22,5.49,23.5,1.0
C102462,Company_2462,Spain,Europe,1,Manufacturing,10-Jan,1093.72,Starter,SMB_Inside,Outbound,2023-01-16,,1,0.25,4.1,0,326.0,0.9702380952380952,336,119.0,0.3541666666666667,4674.098893524574,13.91100861168028,168,2552.86,158.0,2121.2388935245745,0.0,1.0,0.0,0.0,1.0,0.26,2.12,15.48,1.0
C102463,Company_2463,France,Europe,1,Professional Services,10-Jan,2417.66,Starter,SMB_Inside,SelfServe,2023-02-11,,1,0.18,7.6,0,345.0,1.0267857142857142,336,116.0,0.3452380952380952,4741.353566072966,14.111171327598113,199,2635.77,146.0,2105.583566072966,0.0,0.0,0.0,0.0,0.0,0.0,0.0,0.0,0.0
C102464,Company_2464,UK,Europe,1,Logistics,10-Jan,2181.27,Growth,SMB_Inside,Inbound,2023-03-13,,1,0.09,4.2,0,1315.0,3.913690476190476,336,439.0,1.306547619047619,9015.746012503028,26.83257741816377,677,4731.78,638.0,4283.966012503026,1.0,2.0,2.0,0.0,5.0,-0.004,4.23,13.474,5.0
C102465,Company_2465,France,Europe,1,Unknown,51-200,19975.79,Growth,MidMarket,SelfServe,2023-08-19,2024-08-19,0,0.01,6.6,0,904.0,2.6904761904761907,336,330.0,0.9821428571428572,6132.500044293605,18.2514882270643,715,4893.34,189.0,1239.1600442936049,2.0,0.0,1.0,0.0,3.0,0.0666666666666666,6.626666666666668,22.13,3.0
C102466,Company_2466,UK,Europe,1,Unknown,201-1000,71146.63,Enterprise,Enterprise,Partner,2023-04-16,,1,0.11,4.5,0,3304.0,9.833333333333334,336,1120.0,3.3333333333333335,9901.26178947612,29.468041040107497,1779,5375.45,1525.0,4525.811789476119,0.0,2.0,1.0,1.0,4.0,0.105,1.38,4.095,3.0
C102467,Company_2467,Spain,Europe,1,Logistics,10-Jan,2828.13,Growth,SMB_Inside,Partner,2023-10-05,2024-10-05,0,0.01,7.5,0,1039.0,3.0922619047619047,336,369.0,1.0982142857142858,6937.1030818978,20.646140124695833,757,5028.46,282.0,1908.6430818978,1.0,2.0,0.0,0.0,3.0,-0.0533333333333333,3.24,18.903333333333332,3.0
C102468,Company_2468,UK,Europe,1,Logistics,51-200,37788.47,Enterprise,MidMarket,Outbound,2023-08-26,,1,0.19,6.6,0,3326.0,9.898809523809524,336,1203.0,3.580357142857143,10127.320936207154,30.140836119664147,1788,5477.92,1538.0,4649.400936207153,2.0,1.0,1.0,0.0,4.0,-0.1,1.86,8.379999999999999,3.0
C102469,Company_2469,Australia,North America,0,Logistics,Nov-50,9627.86,Starter,SMB_Inside,Outbound,2023-10-28,2024-10-28,0,0.02,6.4,0,315.0,0.860655737704918,366,122.0,0.3333333333333333,4214.60358673299,11.515310346265,161,2343.01,154.0,1871.5935867329904,0.0,0.0,0.0,1.0,1.0,-0.02,8.14,11.97,1.0
C102470,Company_2470,UK,Europe,1,Manufacturing,Nov-50,5249.84,Enterprise,SMB_Inside,Outbound,2023-12-30,2024-12-30,0,0.09,8.5,0,3270.0,9.732142857142858,336,1116.0,3.3214285714285716,10074.775054697226,29.984449567551263,1805,5421.07,1465.0,4653.705054697225,1.0,2.0,1.0,0.0,4.0,-0.025,3.1875,13.595,4.0
C102471,Company_2471,Canada,North America,0,Unknown,10-Jan,2878.89,Enterprise,SMB_Inside,Partner,2023-06-13,,1,0.21,7.9,0,3612.0,9.868852459016392,366,1270.0,3.469945355191257,11058.04318535984,30.21323274688481,1835,5486.76,1777.0,5571.28318535984,0.0,2.0,0.0,1.0,3.0,0.01,1.42,8.323333333333332,2.0
C102472,Company_2472,Australia,North America,0,Professional Services,10-Jan,2634.39,Starter,SMB_Field,Outbound,2023-10-09,,1,0.22,4.7,0,364.0,0.994535519125683,366,123.0,0.3360655737704918,4874.637875365332,13.318682719577408,182,2329.51,182.0,2545.127875365332,1.0,0.0,0.0,0.0,1.0,0.1,8.74,32.18,1.0
C102473,Company_2473,Australia,North America,0,Wholesale,10-Jan,2232.44,Starter,SMB_Inside,Inbound,2023-05-18,,1,0.23,8.7,0,356.0,0.9726775956284152,366,109.0,0.2978142076502732,4863.135959327233,13.287256719473314,183,2592.65,173.0,2270.4859593272326,0.0,0.0,0.0,0.0,0.0,0.0,0.0,0.0,0.0
C102474,Company_2474,UK,Europe,1,Retail,1000+,272483.96,Growth,Enterprise,Inbound,2023-01-02,,1,0.09,7.3,0,1352.0,4.023809523809524,336,447.0,1.3303571428571428,9244.115091481812,27.512247296076826,732,4895.42,620.0,4348.695091481811,0.0,0.0,1.0,0.0,1.0,-0.07,6.64,8.36,1.0
C102475,Company_2475,Canada,North America,0,Professional Services,Nov-50,7653.59,Growth,SMB_Field,Partner,2023-06-11,,1,0.26,10.0,0,1459.0,3.986338797814207,366,498.0,1.360655737704918,9628.625299584864,26.307719397772853,715,4630.0,744.0,4998.6252995848645,0.0,0.0,1.0,0.0,1.0,0.01,5.05,8.78,1.0
C102476,Company_2476,US,North America,0,Retail,51-200,15878.41,Enterprise,MidMarket,Outbound,2023-04-16,,1,0.21,7.6,0,3700.0,10.109289617486338,366,1291.0,3.5273224043715845,11187.261382207738,30.566287929529334,1855,5573.2,1845.0,5614.061382207738,0.0,2.0,0.0,3.0,5.0,-0.162,2.7880000000000003,8.178,3.0
C102477,Company_2477,Australia,North America,0,Unknown,10-Jan,1626.93,Growth,SMB_Inside,SelfServe,2023-09-06,2024-03-07,0,0.05,7.0,1,311.0,0.8497267759562842,366,124.0,0.3387978142076502,1895.22,5.178196721311475,311,1895.22,0.0,0.0,1.0,2.0,1.0,0.0,4.0,-0.0674999999999999,2.4575,12.7475,4.0
C102478,Company_2478,Spain,Europe,1,Wholesale,201-1000,111788.05,Enterprise,Enterprise,SelfServe,2023-10-19,2024-10-19,0,0.27,5.5,0,2713.0,8.074404761904763,336,940.0,2.797619047619047,7951.219517869486,23.66434380318299,1918,5447.93,795.0,2503.2895178694857,2.0,0.0,1.0,1.0,4.0,-0.125,1.65,8.255,4.0
C102479,Company_2479,Australia,North America,0,Healthcare,10-Jan,2690.47,Starter,SMB_Field,Partner,2023-12-25,2024-06-25,0,0.28,4.3,1,172.0,0.4699453551912568,366,63.0,0.1721311475409836,2527.14,6.904754098360655,172,2527.14,0.0,0.0,0.0,0.0,0.0,0.0,0.0,0.0,0.0,0.0,0.0
C102480,Company_2480,Spain,Europe,1,Retail,10-Jan,1147.85,Enterprise,SMB_Inside,Partner,2023-09-08,,1,0.19,6.9,0,3398.0,10.113095238095235,336,1125.0,3.3482142857142856,10372.989712999612,30.87199319345123,1811,5653.91,1587.0,4719.079712999614,1.0,5.0,0.0,0.0,6.0,-0.185,3.536666666666666,22.99666666666667,6.0
C102481,Company_2481,Germany,Europe,1,Wholesale,201-1000,71004.56,Enterprise,Enterprise,Inbound,2023-08-26,2024-08-26,0,0.05,4.8,0,2365.0,7.038690476190476,336,815.0,2.425595238095238,7336.736963294268,21.835526676471037,1748,5634.57,617.0,1702.166963294268,3.0,0.0,1.0,0.0,4.0,0.0174999999999999,2.2325,8.467500000000001,4.0
C102482,Company_2482,UK,Europe,1,Healthcare,1000+,469968.79,Growth,Enterprise,Inbound,2023-12-07,2024-12-07,0,0.38,6.9,0,1280.0,3.8095238095238098,336,472.0,1.4047619047619049,8368.397039169386,24.905943568956506,758,4941.75,522.0,3426.647039169385,0.0,0.0,0.0,0.0,0.0,0.0,0.0,0.0,0.0
C102483,Company_2483,Canada,North America,0,Wholesale,10-Jan,1037.15,Starter,SMB_Inside,SelfServe,2023-11-21,,1,0.0,4.1,0,404.0,1.1038251366120218,366,134.0,0.366120218579235,5065.803199424807,13.84099234815521,185,2546.88,219.0,2518.923199424807,0.0,0.0,1.0,1.0,2.0,-0.14,4.11,12.095,1.0
C102484,Company_2484,France,Europe,1,Ecommerce,51-200,34967.46,Enterprise,MidMarket,Outbound,2023-11-05,,1,0.15,7.9,0,3389.0,10.086309523809524,336,1191.0,3.544642857142857,10036.361481333102,29.87012345634852,1879,5468.3,1510.0,4568.061481333103,1.0,0.0,0.0,2.0,3.0,-0.4033333333333333,1.2733333333333334,8.526666666666666,2.0
C102485,Company_2485,Netherlands,Europe,1,Ecommerce,10-Jan,1583.62,Starter,SMB_Inside,Partner,2023-04-03,,1,0.27,4.0,0,317.0,0.9434523809523808,336,112.0,0.3333333333333333,4493.830023060476,13.374494116251418,170,2414.8,147.0,2079.0300230604757,0.0,2.0,0.0,0.0,2.0,-0.05,6.585,36.085,1.0
C102486,Company_2486,UK,Europe,1,Professional Services,10-Jan,2759.57,Starter,SMB_Inside,SelfServe,2024-02-12,2024-05-13,0,0.45,4.4,1,102.0,0.3035714285714285,336,38.0,0.1130952380952381,1495.04,4.449523809523809,102,1495.04,0.0,0.0,0.0,0.0,0.0,0.0,0.0,0.0,0.0,0.0,0.0
C102487,Company_2487,US,North America,0,Healthcare,Nov-50,4225.05,Starter,SMB_Inside,Inbound,2023-01-11,,1,0.18,5.8,0,343.0,0.9371584699453552,366,115.0,0.314207650273224,4990.290933848931,13.634674682647352,174,2512.17,169.0,2478.1209338489302,2.0,1.0,0.0,0.0,3.0,-0.26,3.216666666666667,9.893333333333333,3.0
C102488,Company_2488,Spain,Europe,1,Logistics,51-200,26424.02,Growth,MidMarket,SelfServe,2023-03-29,,1,0.51,8.2,0,1399.0,4.163690476190476,336,498.0,1.4821428571428572,9276.735385691183,27.60933150503328,754,4851.99,645.0,4424.745385691183,0.0,1.0,1.0,0.0,2.0,0.185,8.2,19.295,2.0
C102489,Company_2489,Spain,Europe,1,Unknown,10-Jan,2406.02,Starter,SMB_Inside,Inbound,2023-01-27,,1,0.04,9.0,0,308.0,0.9166666666666666,336,102.0,0.3035714285714285,4311.613469180312,12.832182943989023,157,2377.98,151.0,1933.633469180312,1.0,0.0,0.0,0.0,1.0,0.25,4.01,4.91,1.0
C102490,Company_2490,UK,Europe,1,Hospitality,51-200,11937.12,Growth,MidMarket,Inbound,2024-01-13,2025-01-13,0,0.47,8.1,0,1267.0,3.7708333333333335,336,444.0,1.3214285714285714,8479.367133620139,25.236211707202795,680,4536.49,587.0,3942.8771336201385,0.0,0.0,0.0,0.0,0.0,0.0,0.0,0.0,0.0
C102491,Company_2491,UK,Europe,1,Professional Services,201-1000,64763.93,Starter,Enterprise,Inbound,2023-04-07,,1,0.2,5.9,0,301.0,0.8958333333333334,336,94.0,0.2797619047619047,4597.069742127724,13.68175518490394,164,2536.65,137.0,2060.4197421277236,0.0,0.0,1.0,1.0,2.0,-0.34,1.145,11.965,2.0
C102492,Company_2492,US,North America,0,Unknown,201-1000,116566.2,Growth,Enterprise,Outbound,2023-05-04,,1,0.17,4.2,0,1467.0,4.008196721311475,366,505.0,1.3797814207650274,9879.143666153255,26.992195809161903,743,5088.87,724.0,4790.273666153257,1.0,1.0,0.0,1.0,3.0,-0.3433333333333333,2.1566666666666667,23.343333333333337,3.0
C102493,Company_2493,Spain,Europe,1,Unknown,Nov-50,5216.62,Enterprise,SMB_Inside,SelfServe,2023-12-30,2024-12-30,0,0.18,8.6,0,3291.0,9.794642857142858,336,1132.0,3.369047619047619,9876.447293293064,29.394188372896025,1777,5222.25,1514.0,4654.197293293063,1.0,2.0,1.0,2.0,6.0,-0.1583333333333333,2.0816666666666666,4.713333333333334,6.0
C102494,Company_2494,Australia,North America,0,Logistics,10-Jan,2543.65,Starter,SMB_Field,SelfServe,2023-07-26,2024-07-26,0,0.12,7.4,0,194.0,0.5300546448087432,366,66.0,0.180327868852459,2655.312676943665,7.254952669244986,171,2232.56,23.0,422.7526769436648,0.0,0.0,1.0,1.0,2.0,0.41,8.57,9.44,2.0
C102495,Company_2495,US,North America,0,Ecommerce,201-1000,65953.79,Enterprise,Enterprise,Partner,2024-03-07,2025-03-08,0,0.22,1.9,0,2998.0,8.191256830601093,366,1051.0,2.871584699453552,8917.0497805647,24.36352399061393,1149,3504.32,1849.0,5412.729780564699,1.0,1.0,1.0,0.0,3.0,0.1433333333333333,4.846666666666667,10.423333333333334,3.0
C102496,Company_2496,Germany,Europe,1,Ecommerce,201-1000,68198.89,Growth,Enterprise,SelfServe,2023-12-15,2024-12-15,0,0.55,3.7,0,1276.0,3.797619047619047,336,486.0,1.4464285714285714,8561.61707000351,25.48100318453426,724,4929.47,552.0,3632.14707000351,0.0,0.0,0.0,1.0,1.0,-0.15,3.48,4.04,1.0
C102497,Company_2497,France,Europe,1,Ecommerce,201-1000,48244.87,Growth,Enterprise,Inbound,2023-09-30,2024-09-30,0,0.08,8.1,0,954.0,2.8392857142857144,336,352.0,1.0476190476190477,6629.871219881159,19.73175958297964,737,4965.72,217.0,1664.1512198811592,0.0,0.0,0.0,1.0,1.0,-0.07,1.73,9.12,1.0
C102498,Company_2498,Australia,North America,0,Unknown,Nov-50,6447.72,Growth,SMB_Inside,Inbound,2023-05-02,,1,0.32,5.4,0,1542.0,4.213114754098361,366,535.0,1.4617486338797814,9988.102715681876,27.28989813027835,778,5068.25,764.0,4919.852715681876,0.0,2.0,1.0,1.0,4.0,-0.1625,8.0375,11.545,4.0
C102499,Company_2499,Canada,North America,0,Professional Services,Nov-50,3295.01,Enterprise,SMB_Field,Inbound,2023-04-02,,1,0.42,6.3,0,3649.0,9.969945355191255,366,1305.0,3.5655737704918034,10909.485855101486,29.807338401916628,1825,5470.9,1824.0,5438.585855101486,2.0,1.0,0.0,1.0,4.0,0.05,1.5475,7.944999999999999,4.0
C102500,Company_2500,Netherlands,Europe,1,Ecommerce,201-1000,149052.01,Growth,Enterprise,Outbound,2023-11-10,2024-11-10,0,0.32,6.2,0,1143.0,3.4017857142857144,336,410.0,1.2202380952380951,7666.527501468894,22.81704613532409,721,4904.69,422.0,2761.8375014688945,0.0,2.0,0.0,0.0,2.0,-0.05,0.825,5.395,2.0
C102501,Company_2501,UK,Europe,1,Unknown,Nov-50,7170.42,Starter,SMB_Inside,Outbound,2024-01-12,2025-01-12,0,0.26,6.4,0,307.0,0.9136904761904762,336,122.0,0.3630952380952381,4576.604463400763,13.620846617264176,163,2392.63,144.0,2183.974463400763,0.0,0.0,0.0,0.0,0.0,0.0,0.0,0.0,0.0
C102502,Company_2502,Spain,Europe,1,Retail,Nov-50,7765.12,Growth,SMB_Inside,Outbound,2023-10-11,2024-10-11,0,0.17,5.6,0,1021.0,3.0386904761904763,336,359.0,1.068452380952381,7016.141370722874,20.88137312715141,736,4937.99,285.0,2078.151370722874,2.0,1.0,0.0,0.0,3.0,0.0266666666666666,1.086666666666667,5.526666666666667,3.0
C102503,Company_2503,Netherlands,Europe,1,Wholesale,51-200,29015.36,Growth,MidMarket,Outbound,2024-01-24,2025-01-24,0,0.06,6.2,0,1270.0,3.7797619047619047,336,441.0,1.3125,8915.511395723646,26.534260106320374,642,4471.78,628.0,4443.7313957236465,1.0,1.0,0.0,1.0,3.0,-0.2633333333333333,3.94,13.06,3.0
C102504,Company_2504,France,Europe,1,Manufacturing,10-Jan,2179.62,Starter,SMB_Inside,Partner,2023-09-22,2024-09-22,0,0.13,6.2,0,255.0,0.7589285714285714,336,87.0,0.2589285714285714,3031.397872190159,9.022017476756426,182,2202.94,73.0,828.4578721901587,0.0,0.0,1.0,0.0,1.0,-0.19,2.1,5.26,0.0
C102505,Company_2505,UK,Europe,1,Unknown,10-Jan,1581.96,Starter,SMB_Inside,Outbound,2023-03-01,,1,0.18,6.6,0,333.0,0.9910714285714286,336,116.0,0.3452380952380952,4503.83858522712,13.404281503652143,187,2338.26,146.0,2165.57858522712,0.0,0.0,0.0,2.0,2.0,-0.4,5.2250000000000005,6.805,2.0
C102506,Company_2506,Netherlands,Europe,1,Healthcare,Nov-50,7067.38,Starter,SMB_Field,Outbound,2023-05-11,,1,0.23,7.8,0,316.0,0.9404761904761904,336,98.0,0.2916666666666667,4623.951594839541,13.761760698927205,147,2306.19,169.0,2317.761594839541,0.0,1.0,0.0,0.0,1.0,-0.13,15.59,37.56,1.0
C102507,Company_2507,Netherlands,Europe,1,Manufacturing,Nov-50,4051.1,Enterprise,SMB_Field,Outbound,2023-10-03,,1,0.26,6.5,0,3348.0,9.964285714285714,336,1176.0,3.5,10369.494196403555,30.86158987024868,1784,5549.15,1564.0,4820.344196403556,1.0,2.0,0.0,0.0,3.0,-0.0066666666666666,0.6733333333333333,15.416666666666666,3.0
C102508,Company_2508,Canada,North America,0,Professional Services,51-200,38728.93,Growth,MidMarket,Outbound,2023-05-20,,1,0.31,6.8,0,1473.0,4.024590163934426,366,521.0,1.4234972677595628,9341.495859849418,25.52321273182901,740,4689.77,733.0,4651.725859849418,0.0,1.0,1.0,1.0,3.0,-0.3066666666666667,7.523333333333333,10.873333333333331,3.0
C102509,Company_2509,Germany,Europe,1,Unknown,10-Jan,2342.83,Starter,SMB_Inside,Partner,2023-09-25,2024-03-26,0,0.42,4.2,1,74.0,0.2202380952380952,336,24.0,0.0714285714285714,1168.38,3.477321428571429,74,1168.38,0.0,0.0,0.0,1.0,0.0,0.0,1.0,-0.41,2.46,3.38,1.0
C102510,Company_2510,France,Europe,1,Logistics,201-1000,40270.2,Growth,Enterprise,Partner,2023-08-23,2024-08-23,0,0.24,5.3,0,957.0,2.8482142857142856,336,339.0,1.0089285714285714,6454.832592970392,19.21081128860236,728,4970.02,229.0,1484.8125929703924,1.0,0.0,1.0,0.0,2.0,0.435,2.8,8.345,2.0
C102511,Company_2511,UK,Europe,1,Healthcare,51-200,39096.17,Enterprise,MidMarket,Partner,2024-01-24,2025-01-24,0,0.14,7.6,0,3064.0,9.11904761904762,336,1052.0,3.130952380952381,9476.716746955326,28.204514127843233,1569,4759.48,1495.0,4717.236746955326,1.0,3.0,1.0,2.0,7.0,-0.1942857142857143,1.3685714285714283,16.112857142857145,7.0
C102512,Company_2512,UK,Europe,1,Unknown,Nov-50,5114.37,Starter,SMB_Inside,Outbound,2023-08-18,,1,0.14,7.5,0,357.0,1.0625,336,115.0,0.3422619047619047,4901.258009594191,14.587077409506522,192,2829.59,165.0,2071.6680095941915,0.0,1.0,0.0,0.0,1.0,-0.28,5.84,16.55,1.0
C102513,Company_2513,Netherlands,Europe,1,Unknown,Nov-50,7186.67,Starter,SMB_Inside,Inbound,2023-10-15,2024-10-15,0,0.23,1.2,0,258.0,0.7678571428571429,336,87.0,0.2589285714285714,3611.346825927848,10.748056029547168,176,2512.99,82.0,1098.356825927848,1.0,0.0,0.0,0.0,1.0,-0.25,12.83,19.81,1.0
C102514,Company_2514,Canada,North America,0,Wholesale,51-200,33304.2,Starter,MidMarket,SelfServe,2023-09-15,2024-09-15,0,0.4,6.8,0,279.0,0.7622950819672131,366,84.0,0.2295081967213114,3728.609101550853,10.187456561614352,189,2554.37,90.0,1174.239101550853,0.0,0.0,0.0,0.0,0.0,0.0,0.0,0.0,0.0
C102515,Company_2515,UK,Europe,1,Hospitality,Nov-50,8902.79,Enterprise,SMB_Inside,Partner,2023-04-19,,1,0.16,8.9,0,3402.0,10.125,336,1151.0,3.425595238095238,10226.049355452817,30.43467070075243,1879,5566.4,1523.0,4659.649355452816,0.0,1.0,0.0,2.0,3.0,-0.09,4.103333333333333,16.203333333333333,3.0
C102516,Company_2516,US,North America,0,Unknown,Nov-50,7152.11,Starter,SMB_Inside,Inbound,2023-10-28,2024-10-28,0,0.13,6.4,0,332.0,0.907103825136612,366,115.0,0.314207650273224,4316.463190938602,11.793615275788529,192,2591.74,140.0,1724.723190938602,0.0,0.0,0.0,0.0,0.0,0.0,0.0,0.0,0.0
C102517,Company_2517,Canada,North America,0,Unknown,Nov-50,7361.35,Growth,SMB_Inside,SelfServe,2023-05-13,,1,0.37,8.7,0,1441.0,3.9371584699453552,366,506.0,1.3825136612021858,9792.983553611097,26.756785665604088,732,5095.43,709.0,4697.5535536110965,2.0,1.0,0.0,1.0,4.0,0.0674999999999999,2.99,10.615,4.0
C102518,Company_2518,Netherlands,Europe,1,Ecommerce,10-Jan,1266.83,Growth,SMB_Inside,Partner,2023-08-05,,1,0.34,5.3,0,1347.0,4.008928571428571,336,489.0,1.4553571428571428,9188.363581774389,27.34632018385235,712,4861.79,635.0,4326.573581774388,0.0,0.0,0.0,2.0,2.0,-0.01,2.5549999999999997,5.26,2.0
C102519,Company_2519,Spain,Europe,1,Logistics,10-Jan,2056.9,Starter,SMB_Inside,SelfServe,2023-04-17,,1,0.11,7.9,0,375.0,1.1160714285714286,336,143.0,0.4255952380952381,4918.4792982694535,14.638331244849564,204,2698.39,171.0,2220.0892982694536,0.0,0.0,0.0,0.0,0.0,0.0,0.0,0.0,0.0
C102520,Company_2520,Netherlands,Europe,1,Unknown,10-Jan,1638.76,Starter,SMB_Field,SelfServe,2023-11-11,2024-02-10,0,0.39,6.9,1,40.0,0.119047619047619,336,17.0,0.050595238095238,580.35,1.7272321428571429,40,580.35,0.0,0.0,0.0,0.0,1.0,0.0,1.0,-0.06,2.35,8.74,1.0
C102521,Company_2521,Germany,Europe,1,Wholesale,201-1000,72206.88,Growth,Enterprise,Outbound,2024-02-11,2025-02-11,0,0.2,5.3,0,1164.0,3.4642857142857144,336,398.0,1.1845238095238095,7907.919241549478,23.53547393318297,537,3735.45,627.0,4172.469241549478,0.0,1.0,1.0,0.0,2.0,0.01,1.35,14.865,2.0
C102522,Company_2522,UK,Europe,1,Wholesale,Nov-50,6426.69,Growth,SMB_Inside,SelfServe,2023-04-28,2024-04-28,0,0.09,6.7,1,471.0,1.4017857142857142,336,162.0,0.4821428571428571,3322.13,9.887291666666666,471,3322.13,0.0,0.0,0.0,2.0,0.0,0.0,2.0,-0.29,7.880000000000001,23.4,2.0
C102523,Company_2523,US,North America,0,Wholesale,1000+,186907.87,Growth,Enterprise,SelfServe,2023-08-20,2024-08-20,0,0.17,4.5,0,965.0,2.636612021857923,366,312.0,0.8524590163934426,6223.590511250139,17.004345659153383,748,4778.95,217.0,1444.6405112501386,0.0,1.0,0.0,0.0,1.0,-0.68,2.81,5.02,1.0
C102524,Company_2524,Germany,Europe,1,Professional Services,Nov-50,6427.66,Growth,SMB_Inside,Partner,2023-11-24,,1,0.33,4.9,0,1316.0,3.9166666666666665,336,449.0,1.3363095238095235,9019.633898974836,26.84414850885367,726,4837.75,590.0,4181.883898974835,0.0,1.0,0.0,1.0,2.0,0.1699999999999999,3.31,9.62,2.0
C102525,Company_2525,UK,Europe,1,Healthcare,Nov-50,4798.72,Enterprise,SMB_Inside,SelfServe,2023-01-30,2023-08-01,0,0.11,7.3,1,0.0,0.0,336,0.0,0.0,0.0,0.0,0,0.0,0.0,0.0,2.0,1.0,1.0,0.0,4.0,0.15,1.3825,8.7375,4.0
C102526,Company_2526,Germany,Europe,1,Ecommerce,51-200,15858.99,Enterprise,MidMarket,Partner,2023-01-21,,1,0.19,8.3,0,3466.0,10.31547619047619,336,1185.0,3.5267857142857144,10124.3460792863,30.13198237882827,1906,5522.48,1560.0,4601.866079286298,2.0,2.0,2.0,0.0,6.0,-0.0233333333333333,2.4166666666666665,16.961666666666666,6.0
C102527,Company_2527,Canada,North America,0,Wholesale,201-1000,79735.07,Growth,Enterprise,Inbound,2024-02-18,2025-02-18,0,0.16,4.5,0,1331.0,3.636612021857923,366,479.0,1.3087431693989071,8558.59469104553,23.384138500124397,567,3678.2,764.0,4880.39469104553,1.0,1.0,0.0,1.0,3.0,-0.21,8.596666666666666,12.776666666666666,3.0
C102528,Company_2528,Germany,Europe,1,Healthcare,10-Jan,1342.33,Starter,SMB_Field,Outbound,2024-01-26,2024-04-26,0,0.07,6.1,1,98.0,0.2916666666666667,336,36.0,0.1071428571428571,1166.06,3.4704166666666665,98,1166.06,0.0,0.0,1.0,0.0,0.0,2.0,3.0,-0.0766666666666666,11.016666666666667,21.930000000000003,3.0
C102529,Company_2529,Australia,North America,0,Healthcare,10-Jan,2894.07,Growth,SMB_Inside,Outbound,2024-02-10,2024-08-11,0,0.07,7.3,0,707.0,1.9316939890710385,366,244.0,0.6666666666666666,4961.0843520822145,13.554875278913157,536,3834.26,171.0,1126.8243520822148,0.0,0.0,0.0,2.0,2.0,0.05,1.05,10.99,2.0
C102530,Company_2530,Australia,North America,0,Unknown,Nov-50,7444.36,Growth,SMB_Inside,Inbound,2023-09-06,2024-09-06,0,0.22,4.4,0,966.0,2.639344262295082,366,336.0,0.918032786885246,6831.590670675873,18.665548280535173,703,4876.8,263.0,1954.7906706758731,2.0,1.0,1.0,0.0,4.0,-0.2825,8.682500000000001,16.35,2.0
C102531,Company_2531,UK,Europe,1,Healthcare,10-Jan,1837.92,Growth,SMB_Inside,SelfServe,2024-02-10,2024-08-11,0,0.31,3.1,0,729.0,2.169642857142857,336,258.0,0.7678571428571429,4926.6723964487055,14.662715465621147,552,3875.72,177.0,1050.9523964487053,0.0,1.0,1.0,0.0,2.0,-0.175,5.105,6.635,2.0
C102532,Company_2532,France,Europe,1,Unknown,1000+,273983.9,Enterprise,Enterprise,Inbound,2023-05-30,,1,0.19,4.0,0,3292.0,9.797619047619047,336,1116.0,3.3214285714285716,10376.517057749144,30.88249124330102,1804,5678.11,1488.0,4698.407057749143,1.0,2.0,1.0,2.0,6.0,0.045,0.8500000000000001,7.233333333333333,6.0
C102533,Company_2533,Australia,North America,0,Healthcare,51-200,25684.63,Enterprise,MidMarket,Partner,2023-06-01,,1,0.16,4.7,0,3711.0,10.13934426229508,366,1301.0,3.5546448087431695,10897.242929720856,29.773887786122557,1886,5428.99,1825.0,5468.252929720857,1.0,0.0,1.0,0.0,2.0,-0.135,3.4450000000000003,8.925,2.0
C102534,Company_2534,Spain,Europe,1,Professional Services,10-Jan,1025.12,Starter,SMB_Inside,Outbound,2024-02-26,,1,0.12,4.4,0,269.0,0.8005952380952381,336,98.0,0.2916666666666667,3693.9867604560977,10.994008215643149,117,1600.64,152.0,2093.3467604560974,1.0,0.0,2.0,1.0,4.0,0.125,3.59,6.355,3.0
C102535,Company_2535,Germany,Europe,1,Unknown,10-Jan,2466.64,Growth,SMB_Inside,Partner,2023-07-10,2023-10-09,0,0.23,4.4,1,0.0,0.0,336,0.0,0.0,0.0,0.0,0,0.0,0.0,0.0,0.0,0.0,0.0,1.0,1.0,0.08,7.08,8.03,1.0
C102536,Company_2536,Germany,Europe,1,Ecommerce,Nov-50,9883.47,Starter,SMB_Field,SelfServe,2023-10-03,2024-04-03,0,0.13,4.2,1,95.0,0.2827380952380952,336,27.0,0.0803571428571428,1433.79,4.267232142857143,95,1433.79,0.0,0.0,1.0,0.0,0.0,0.0,1.0,0.15,1.11,4.33,1.0
C102537,Company_2537,US,North America,0,Professional Services,Nov-50,5333.01,Starter,SMB_Inside,Partner,2024-02-16,2025-02-16,0,0.05,6.5,0,339.0,0.9262295081967212,366,122.0,0.3333333333333333,4523.546342313055,12.35941623582802,149,2050.5,190.0,2473.0463423130545,0.0,0.0,0.0,0.0,0.0,0.0,0.0,0.0,0.0
C102538,Company_2538,UK,Europe,1,Retail,201-1000,118137.87,Starter,Enterprise,Partner,2024-01-28,2025-01-28,0,0.35,9.5,0,296.0,0.8809523809523809,336,102.0,0.3035714285714285,4445.322052829219,13.230125157229818,145,2324.71,151.0,2120.6120528292186,0.0,0.0,1.0,0.0,1.0,-0.01,6.47,18.33,1.0
C102539,Company_2539,Australia,North America,0,Manufacturing,10-Jan,2125.74,Starter,SMB_Inside,Outbound,2023-03-31,,1,0.04,7.6,0,344.0,0.9398907103825136,366,126.0,0.3442622950819672,4675.508733878914,12.77461402699157,167,2350.67,177.0,2324.838733878914,0.0,1.0,0.0,0.0,1.0,0.17,11.0,13.36,1.0
C102540,Company_2540,Canada,North America,0,Unknown,10-Jan,2287.74,Starter,SMB_Inside,Partner,2023-04-30,2023-10-30,0,0.2,5.2,1,0.0,0.0,366,0.0,0.0,0.0,0.0,0,0.0,0.0,0.0,0.0,0.0,0.0,0.0,0.0,0.0,0.0,0.0,0.0
C102541,Company_2541,France,Europe,1,Healthcare,51-200,17249.87,Enterprise,MidMarket,Outbound,2023-11-30,,1,0.13,5.9,0,3442.0,10.24404761904762,336,1150.0,3.422619047619047,10092.026778514368,30.035793983673713,1902,5507.69,1540.0,4584.336778514367,0.0,1.0,2.0,1.0,4.0,0.1175,3.0375,17.8,3.0
C102542,Company_2542,Netherlands,Europe,1,Healthcare,Nov-50,7716.44,Enterprise,SMB_Inside,Inbound,2024-01-13,2025-01-13,0,0.03,5.5,0,3419.0,10.175595238095235,336,1201.0,3.574404761904762,9678.526973597827,28.805139802374487,1787,5043.81,1632.0,4634.716973597828,1.0,1.0,2.0,0.0,4.0,-0.0125,2.2675,14.79,4.0
C102543,Company_2543,Canada,North America,0,Unknown,10-Jan,1970.94,Starter,SMB_Inside,SelfServe,2024-02-16,2024-08-17,0,0.22,6.1,0,181.0,0.494535519125683,366,66.0,0.180327868852459,2285.08537719097,6.243402669920683,139,1738.06,42.0,547.02537719097,0.0,0.0,0.0,0.0,0.0,0.0,0.0,0.0,0.0
C102544,Company_2544,Spain,Europe,1,Unknown,201-1000,56469.52,Enterprise,Enterprise,Partner,2024-01-20,2025-01-20,0,0.08,6.5,0,3206.0,9.541666666666666,336,1140.0,3.392857142857143,9692.825739520023,28.84769565333341,1600,5131.49,1606.0,4561.335739520025,2.0,1.0,1.0,0.0,4.0,-0.2324999999999999,1.8475,8.2775,4.0
C102545,Company_2545,Australia,North America,0,Logistics,51-200,17909.33,Growth,MidMarket,Partner,2023-09-13,2024-09-13,0,0.35,5.9,0,1038.0,2.8360655737704916,366,355.0,0.9699453551912568,6724.729637724425,18.3735782451487,749,4852.62,289.0,1872.1096377244248,1.0,0.0,0.0,1.0,2.0,0.295,0.675,3.78,1.0
C102546,Company_2546,Germany,Europe,1,Manufacturing,Nov-50,9946.8,Growth,SMB_Inside,Inbound,2023-09-15,2024-09-15,0,0.47,6.7,0,957.0,2.8482142857142856,336,322.0,0.9583333333333334,6289.84254705059,18.719769485269612,700,4654.06,257.0,1635.78254705059,0.0,1.0,0.0,1.0,2.0,-0.49,6.375,12.635,2.0
C102547,Company_2547,UK,Europe,1,Unknown,Nov-50,4950.22,Starter,SMB_Inside,Inbound,2023-03-11,,1,0.11,9.1,0,360.0,1.0714285714285714,336,123.0,0.3660714285714285,4932.682822347862,14.680603637940068,205,2706.65,155.0,2226.0328223478627,1.0,0.0,0.0,1.0,2.0,0.055,1.705,14.41,2.0
C102548,Company_2548,Canada,North America,0,Hospitality,10-Jan,1620.02,Growth,SMB_Field,Partner,2023-04-08,,1,0.23,6.2,0,1429.0,3.9043715846994536,366,507.0,1.3852459016393444,9670.19429676502,26.4212958928006,724,4657.19,705.0,5013.004296765019,0.0,0.0,1.0,2.0,3.0,0.06,4.986666666666666,13.696666666666667,3.0
C102549,Company_2549,Spain,Europe,1,Manufacturing,Nov-50,3453.03,Growth,SMB_Inside,Inbound,2023-09-03,2024-09-03,0,0.16,7.4,0,1021.0,3.0386904761904763,336,354.0,1.0535714285714286,6416.43362999122,19.09652866068815,750,4758.58,271.0,1657.8536299912198,1.0,0.0,1.0,2.0,4.0,0.245,7.260000000000001,14.32,4.0
C102550,Company_2550,Netherlands,Europe,1,Logistics,Nov-50,9406.02,Starter,SMB_Inside,SelfServe,2023-06-20,,1,0.15,7.0,0,313.0,0.9315476190476192,336,96.0,0.2857142857142857,4566.142163883501,13.589708821081848,153,2511.33,160.0,2054.812163883501,0.0,0.0,1.0,0.0,1.0,0.36,4.43,12.93,1.0
C102551,Company_2551,Germany,Europe,1,Unknown,10-Jan,1289.54,Starter,SMB_Inside,Inbound,2023-02-19,2023-08-21,0,0.22,4.7,1,0.0,0.0,336,0.0,0.0,0.0,0.0,0,0.0,0.0,0.0,0.0,0.0,0.0,0.0,0.0,0.0,0.0,0.0,0.0
C102552,Company_2552,Spain,Europe,1,Unknown,10-Jan,2283.78,Starter,SMB_Inside,SelfServe,2024-01-13,2024-07-14,0,0.35,5.2,0,196.0,0.5833333333333334,336,80.0,0.238095238095238,2491.506701601135,7.415198516670044,185,2315.81,11.0,175.69670160113486,0.0,0.0,0.0,0.0,0.0,0.0,0.0,0.0,0.0
C102553,Company_2553,Canada,North America,0,Unknown,51-200,18309.31,Enterprise,MidMarket,Inbound,2023-05-27,,1,0.42,5.7,0,3781.0,10.330601092896174,366,1285.0,3.510928961748634,11144.57797603558,30.44966660119011,1901,5478.02,1880.0,5666.55797603558,0.0,0.0,0.0,1.0,1.0,-0.28,2.06,4.14,0.0
C102554,Company_2554,US,North America,0,Wholesale,51-200,25864.41,Enterprise,MidMarket,Outbound,2023-08-15,2024-08-15,0,0.29,4.5,0,2325.0,6.352459016393443,366,812.0,2.2185792349726774,6927.447292111472,18.927451617790908,1839,5516.4,486.0,1411.0472921114722,0.0,0.0,1.0,0.0,1.0,0.21,3.52,14.45,1.0
C102555,Company_2555,Netherlands,Europe,1,Hospitality,10-Jan,1357.85,Starter,SMB_Inside,SelfServe,2024-01-12,2025-01-12,0,0.53,4.2,0,310.0,0.9226190476190476,336,98.0,0.2916666666666667,4402.784484444273,13.103525251322242,166,2317.54,144.0,2085.2444844442734,0.0,0.0,0.0,0.0,0.0,0.0,0.0,0.0,0.0
C102556,Company_2556,UK,Europe,1,Manufacturing,201-1000,112397.18,Growth,Enterprise,Inbound,2023-08-19,2024-08-19,0,0.11,6.1,0,887.0,2.639880952380953,336,334.0,0.9940476190476192,6236.926857878376,18.562282315114217,708,4942.43,179.0,1294.4968578783755,1.0,1.0,1.0,0.0,3.0,-0.3899999999999999,3.6633333333333327,21.656666666666663,3.0
C102557,Company_2557,US,North America,0,Professional Services,51-200,17331.87,Growth,MidMarket,Inbound,2023-05-18,,1,0.03,6.7,0,1413.0,3.860655737704918,366,500.0,1.366120218579235,9761.745130168754,26.67143478188184,701,4892.23,712.0,4869.515130168755,0.0,0.0,0.0,0.0,0.0,0.0,0.0,0.0,0.0
C102558,Company_2558,Canada,North America,0,Retail,10-Jan,2249.09,Starter,SMB_Field,SelfServe,2023-07-07,2024-07-07,0,0.04,6.8,0,189.0,0.5163934426229508,366,67.0,0.1830601092896175,2677.1863408131185,7.314716778177919,179,2559.46,10.0,117.72634081311853,0.0,1.0,1.0,0.0,2.0,-0.1599999999999999,7.13,17.91,2.0
C102559,Company_2559,Australia,North America,0,Unknown,10-Jan,2267.46,Starter,SMB_Inside,Partner,2023-04-22,,1,0.42,8.5,0,360.0,0.9836065573770492,366,112.0,0.3060109289617486,4883.513261609641,13.34293240876951,193,2478.2,167.0,2405.3132616096404,2.0,0.0,0.0,1.0,3.0,-0.4466666666666667,2.9866666666666664,10.026666666666666,3.0
C102560,Company_2560,Netherlands,Europe,1,Unknown,201-1000,47565.13,Growth,Enterprise,Outbound,2023-11-11,2024-11-11,0,0.4,4.5,0,1137.0,3.3839285714285716,336,401.0,1.193452380952381,8028.348591508191,23.893894617583904,718,5088.74,419.0,2939.6085915081912,0.0,1.0,0.0,1.0,2.0,0.16,6.195,10.8,2.0
C102561,Company_2561,UK,Europe,1,Unknown,10-Jan,2215.69,Starter,SMB_Field,Outbound,2023-11-02,,1,0.18,5.4,0,331.0,0.9851190476190476,336,109.0,0.3244047619047619,4439.113981533582,13.211648754564232,162,2308.93,169.0,2130.1839815335816,0.0,0.0,0.0,1.0,1.0,0.21,4.61,7.05,1.0
C102562,Company_2562,US,North America,0,Unknown,201-1000,122531.6,Enterprise,Enterprise,SelfServe,2023-07-14,2024-07-14,0,0.2,8.0,0,1974.0,5.39344262295082,366,672.0,1.836065573770492,5709.847073646662,15.600675064608366,1836,5340.6,138.0,369.24707364666176,0.0,2.0,1.0,2.0,5.0,0.0459999999999999,1.462,7.848000000000001,4.0
C102563,Company_2563,Australia,North America,0,Hospitality,10-Jan,1308.35,Starter,SMB_Field,Inbound,2023-06-04,,1,0.29,6.3,0,361.0,0.9863387978142076,366,109.0,0.2978142076502732,4995.842307895741,13.64984237129984,163,2399.88,198.0,2595.9623078957407,1.0,0.0,1.0,0.0,2.0,-0.04,3.1,8.1,2.0
C102564,Company_2564,Netherlands,Europe,1,Healthcare,10-Jan,2147.07,Starter,SMB_Inside,Outbound,2023-06-08,,1,0.02,7.4,0,380.0,1.130952380952381,336,149.0,0.4434523809523809,4995.948979765869,14.868895773112705,207,2571.09,173.0,2424.858979765869,0.0,0.0,1.0,0.0,1.0,-0.45,0.43,1.88,1.0
C102565,Company_2565,Spain,Europe,1,Retail,10-Jan,2885.88,Starter,SMB_Inside,Outbound,2023-10-25,2024-04-25,0,0.13,5.5,1,125.0,0.3720238095238095,336,41.0,0.1220238095238095,1586.57,4.721934523809524,125,1586.57,0.0,0.0,2.0,0.0,1.0,0.0,3.0,-0.2966666666666667,2.9,9.786666666666669,3.0
C102566,Company_2566,Spain,Europe,1,Wholesale,51-200,29437.53,Enterprise,MidMarket,Partner,2024-01-29,2024-07-30,0,0.19,9.1,0,1810.0,5.386904761904762,336,615.0,1.8303571428571428,5505.783987773522,16.386261868373577,1501,4681.08,309.0,824.7039877735227,0.0,0.0,1.0,2.0,3.0,0.18,1.9266666666666667,2.8000000000000003,3.0
C102567,Company_2567,Australia,North America,0,Logistics,51-200,34780.34,Growth,MidMarket,Inbound,2023-01-13,,1,0.28,4.8,0,1451.0,3.96448087431694,366,495.0,1.352459016393443,9967.784917521343,27.234385020550125,688,4785.11,763.0,5182.6749175213445,0.0,1.0,0.0,0.0,1.0,0.2,9.38,13.21,1.0
C102568,Company_2568,Netherlands,Europe,1,Wholesale,Nov-50,8120.28,Growth,SMB_Inside,SelfServe,2023-10-31,2024-10-31,0,0.34,4.5,0,1086.0,3.232142857142857,336,373.0,1.1101190476190477,7134.684341905757,21.23417958900523,717,4808.49,369.0,2326.1943419057566,0.0,0.0,1.0,1.0,2.0,-0.1,13.535,16.509999999999998,2.0
C102569,Company_2569,Spain,Europe,1,Manufacturing,51-200,17820.92,Growth,MidMarket,Outbound,2023-02-08,,1,0.35,8.6,0,1379.0,4.104166666666667,336,463.0,1.3779761904761905,9299.789952254434,27.67794628647153,759,5011.68,620.0,4288.109952254434,1.0,1.0,0.0,0.0,2.0,-0.225,4.09,10.255,1.0
C102570,Company_2570,Australia,North America,0,Healthcare,Nov-50,7748.57,Starter,SMB_Field,Outbound,2024-03-05,2025-03-06,0,0.3,8.1,0,293.0,0.8005464480874317,366,91.0,0.2486338797814207,3809.073598918245,10.407304915077171,123,1478.99,170.0,2330.083598918244,0.0,1.0,0.0,0.0,1.0,0.5,13.16,15.22,1.0
C102571,Company_2571,Germany,Europe,1,Healthcare,10-Jan,2593.29,Starter,SMB_Inside,SelfServe,2023-03-26,,1,0.16,4.6,0,357.0,1.0625,336,110.0,0.3273809523809524,4842.994602301049,14.413674411610264,178,2575.67,179.0,2267.324602301049,0.0,1.0,1.0,0.0,2.0,-0.16,3.1799999999999997,6.145,2.0
C102572,Company_2572,Germany,Europe,1,Ecommerce,10-Jan,1504.12,Growth,SMB_Inside,Partner,2023-08-06,,1,0.22,9.0,0,1344.0,4.0,336,466.0,1.386904761904762,8915.49453167134,26.53420991568851,762,4802.26,582.0,4113.234531671341,0.0,0.0,1.0,0.0,1.0,-0.57,0.1,10.79,1.0
C102573,Company_2573,US,North America,0,Retail,Nov-50,7896.43,Growth,SMB_Field,Partner,2023-12-22,2024-12-22,0,0.22,8.4,0,1448.0,3.956284153005464,366,478.0,1.3060109289617483,9518.911075129558,26.007953757184584,752,4707.82,696.0,4811.091075129558,0.0,0.0,0.0,0.0,0.0,0.0,0.0,0.0,0.0
C102574,Company_2574,UK,Europe,1,Wholesale,Nov-50,5813.34,Growth,SMB_Inside,SelfServe,2023-02-12,,1,0.24,10.0,0,1355.0,4.032738095238095,336,471.0,1.4017857142857142,9008.162474728912,26.810007365264624,726,4729.92,629.0,4278.242474728912,0.0,2.0,0.0,0.0,2.0,0.1699999999999999,0.845,13.465,2.0
C102575,Company_2575,Canada,North America,0,Unknown,10-Jan,2464.52,Starter,SMB_Inside,Inbound,2023-10-15,,1,0.15,7.1,0,342.0,0.9344262295081968,366,115.0,0.314207650273224,4831.51513744597,13.200861031273142,183,2484.57,159.0,2346.9451374459704,0.0,0.0,0.0,0.0,0.0,0.0,0.0,0.0,0.0
C102576,Company_2576,Germany,Europe,1,Wholesale,Nov-50,5804.38,Starter,SMB_Inside,Inbound,2023-02-11,,1,0.15,8.4,0,314.0,0.9345238095238096,336,94.0,0.2797619047619047,4532.552336273719,13.489739096052736,175,2375.22,139.0,2157.3323362737196,0.0,0.0,0.0,0.0,0.0,0.0,0.0,0.0,0.0
C102577,Company_2577,UK,Europe,1,Wholesale,Nov-50,4760.74,Growth,SMB_Field,Partner,2023-12-08,2024-12-08,0,0.07,7.7,0,1210.0,3.6011904761904763,336,401.0,1.193452380952381,8352.753528281988,24.85938550083925,692,4905.59,518.0,3447.1635282819875,0.0,1.0,0.0,0.0,1.0,0.26,10.53,17.07,1.0
C102578,Company_2578,Spain,Europe,1,Wholesale,51-200,23831.03,Enterprise,MidMarket,Partner,2023-03-12,,1,0.15,3.7,0,3356.0,9.988095238095235,336,1157.0,3.443452380952381,9867.359862337797,29.367142447433913,1823,5363.7,1533.0,4503.659862337795,1.0,3.0,1.0,2.0,7.0,-0.0314285714285714,1.1314285714285717,12.570000000000002,5.0
C102579,Company_2579,Canada,North America,0,Manufacturing,10-Jan,2457.78,Growth,SMB_Inside,Inbound,2023-06-03,,1,0.1,3.9,0,1504.0,4.109289617486339,366,537.0,1.4672131147540983,9794.505476827451,26.760943925758063,733,4738.12,771.0,5056.3854768274505,0.0,2.0,0.0,0.0,2.0,-0.19,8.01,19.25,2.0
C102580,Company_2580,UK,Europe,1,Professional Services,10-Jan,2901.25,Growth,SMB_Field,Inbound,2023-09-19,,1,0.13,5.3,0,1337.0,3.9791666666666665,336,488.0,1.4523809523809523,8661.031307489015,25.776878891336352,711,4612.48,626.0,4048.5513074890137,1.0,0.0,0.0,0.0,1.0,0.17,6.46,11.02,1.0
C102581,Company_2581,UK,Europe,1,Unknown,Nov-50,3576.47,Starter,SMB_Field,Inbound,2023-09-29,,1,0.35,7.3,0,342.0,1.0178571428571428,336,110.0,0.3273809523809524,4558.041117754264,13.565598564744832,190,2419.7,152.0,2138.341117754264,0.0,0.0,1.0,0.0,1.0,-0.27,0.58,11.79,1.0
C102582,Company_2582,Netherlands,Europe,1,Wholesale,10-Jan,2184.39,Starter,SMB_Field,Outbound,2024-03-18,,1,0.07,6.7,0,275.0,0.8184523809523809,336,82.0,0.244047619047619,3838.0808957035415,11.422859808641492,115,1619.13,160.0,2218.9508957035414,0.0,0.0,1.0,0.0,1.0,0.12,4.94,7.59,1.0
C102583,Company_2583,Australia,North America,0,Professional Services,10-Jan,1975.92,Growth,SMB_Field,Inbound,2023-11-14,,1,0.14,6.1,0,1403.0,3.8333333333333335,366,493.0,1.3469945355191255,9474.903504731954,25.887714493803152,701,4667.97,702.0,4806.933504731954,0.0,0.0,0.0,1.0,1.0,-0.01,12.59,21.96,1.0
C102584,Company_2584,Canada,North America,0,Unknown,Nov-50,3022.47,Growth,SMB_Field,SelfServe,2023-05-20,,1,0.12,7.9,0,1482.0,4.049180327868853,366,528.0,1.4426229508196722,9950.836869514402,27.18807887845465,724,4795.89,758.0,5154.946869514402,1.0,1.0,1.0,0.0,3.0,0.1133333333333333,2.48,8.93,2.0
C102585,Company_2585,US,North America,0,Retail,201-1000,105575.03,Growth,Enterprise,Partner,2023-04-03,,1,0.21,6.2,0,1525.0,4.166666666666667,366,530.0,1.4480874316939891,9898.521889995403,27.045141775943726,739,4710.39,786.0,5188.131889995404,0.0,1.0,1.0,0.0,2.0,0.0649999999999999,1.645,30.91,2.0
C102586,Company_2586,Germany,Europe,1,Retail,10-Jan,1801.83,Starter,SMB_Inside,Inbound,2023-02-11,,1,0.23,5.6,0,343.0,1.0208333333333333,336,125.0,0.3720238095238095,4581.571051164387,13.635628128465438,191,2473.28,152.0,2108.291051164387,0.0,0.0,0.0,0.0,0.0,0.0,0.0,0.0,0.0
C102587,Company_2587,Australia,North America,0,Manufacturing,Nov-50,4154.06,Growth,SMB_Inside,SelfServe,2023-04-27,,1,0.27,5.8,0,1400.0,3.8251366120218577,366,483.0,1.319672131147541,9514.330964569835,25.995439793906655,710,4748.08,690.0,4766.250964569835,0.0,0.0,0.0,0.0,0.0,0.0,0.0,0.0,0.0
C102588,Company_2588,Spain,Europe,1,Manufacturing,1000+,400196.83,Enterprise,Enterprise,SelfServe,2023-11-05,2024-11-05,0,0.06,5.6,0,2792.0,8.30952380952381,336,983.0,2.925595238095238,8311.63723233271,24.73701557241878,1844,5491.02,948.0,2820.617232332711,1.0,0.0,0.0,1.0,2.0,-0.065,0.925,1.285,2.0
C102589,Company_2589,Canada,North America,0,Unknown,10-Jan,2536.39,Growth,SMB_Inside,Outbound,2023-12-27,,1,0.19,4.1,0,1451.0,3.96448087431694,366,497.0,1.3579234972677596,10058.101934425187,27.481152826298327,673,4819.7,778.0,5238.401934425187,0.0,2.0,0.0,0.0,2.0,0.44,7.989999999999999,11.765,1.0
C102590,Company_2590,Australia,North America,0,Manufacturing,201-1000,79015.71,Enterprise,Enterprise,Outbound,2023-11-29,,1,0.12,6.1,0,3619.0,9.887978142076502,366,1237.0,3.379781420765027,10767.274976747069,29.41878408947286,1845,5403.12,1774.0,5364.154976747068,1.0,1.0,1.0,2.0,5.0,-0.096,1.13,14.406,4.0
C102591,Company_2591,Germany,Europe,1,Unknown,201-1000,115531.37,Starter,Enterprise,SelfServe,2023-12-23,,1,0.53,7.6,0,320.0,0.9523809523809524,336,101.0,0.3005952380952381,4377.58653811276,13.028531363430831,164,2313.58,156.0,2064.00653811276,0.0,0.0,0.0,0.0,0.0,0.0,0.0,0.0,0.0
C102592,Company_2592,US,North America,0,Professional Services,Nov-50,4515.3,Growth,SMB_Inside,Partner,2023-03-08,,1,0.24,4.1,0,1474.0,4.027322404371585,366,526.0,1.4371584699453552,10035.597351626437,27.419664895154195,735,5036.72,739.0,4998.877351626435,0.0,0.0,0.0,1.0,1.0,-0.35,7.28,7.32,1.0
C102593,Company_2593,Germany,Europe,1,Ecommerce,1000+,402536.01,Enterprise,Enterprise,SelfServe,2023-07-04,2024-07-04,0,0.28,7.5,0,1870.0,5.565476190476191,336,659.0,1.9613095238095235,5637.731335148321,16.77896230698905,1832,5514.87,38.0,122.861335148321,1.0,0.0,2.0,0.0,3.0,0.0466666666666666,5.5,18.596666666666668,3.0
C102594,Company_2594,Spain,Europe,1,Healthcare,Nov-50,3396.08,Starter,SMB_Inside,Inbound,2023-08-12,2024-08-12,0,0.45,4.4,0,225.0,0.6696428571428571,336,70.0,0.2083333333333333,2843.875990250853,8.463916637651348,174,2301.32,51.0,542.5559902508531,0.0,0.0,0.0,1.0,1.0,-0.37,4.53,14.73,1.0
C102595,Company_2595,US,North America,0,Manufacturing,10-Jan,2486.73,Starter,SMB_Inside,Inbound,2024-02-04,,1,0.19,7.3,0,341.0,0.9316939890710384,366,131.0,0.3579234972677595,4388.849291931468,11.991391508009476,147,1935.81,194.0,2453.039291931468,0.0,0.0,0.0,0.0,0.0,0.0,0.0,0.0,0.0
C102596,Company_2596,Australia,North America,0,Manufacturing,10-Jan,2984.7,Starter,SMB_Field,Inbound,2024-01-22,2025-01-22,0,0.53,5.5,0,355.0,0.9699453551912568,366,121.0,0.3306010928961748,4898.669848347527,13.38434384794406,161,2257.94,194.0,2640.7298483475265,0.0,0.0,0.0,1.0,1.0,0.3,0.19,1.2,1.0
C102597,Company_2597,US,North America,0,Healthcare,10-Jan,2460.96,Starter,SMB_Inside,Partner,2023-05-29,,1,0.24,4.4,0,399.0,1.0901639344262295,366,125.0,0.3415300546448087,5152.668269313297,14.07832860468114,185,2457.2,214.0,2695.468269313297,0.0,0.0,0.0,1.0,1.0,-0.65,1.22,3.48,1.0
C102598,Company_2598,Germany,Europe,1,Professional Services,10-Jan,1710.15,Starter,SMB_Field,Inbound,2023-04-19,,1,0.24,5.6,0,350.0,1.0416666666666667,336,136.0,0.4047619047619047,4788.809799804564,14.252410118465964,176,2489.68,174.0,2299.129799804564,1.0,0.0,0.0,0.0,1.0,-0.27,0.61,27.82,1.0
C102599,Company_2599,Canada,North America,0,Wholesale,1000+,165912.82,Enterprise,Enterprise,Outbound,2023-12-19,2024-12-19,0,0.31,5.1,0,3575.0,9.76775956284153,366,1291.0,3.5273224043715845,10902.227613010657,29.787507139373375,1860,5566.5,1715.0,5335.727613010654,0.0,2.0,0.0,1.0,3.0,-0.1566666666666666,2.4499999999999997,11.683333333333332,3.0
C102600,Company_2600,UK,Europe,1,Hospitality,51-200,26184.8,Growth,MidMarket,Partner,2024-03-25,2025-03-26,0,0.38,3.0,0,1001.0,2.9791666666666665,336,356.0,1.0595238095238095,6830.263480003518,20.32816511905809,383,2648.52,618.0,4181.743480003519,1.0,0.0,0.0,0.0,1.0,-0.29,0.93,11.38,1.0
C102601,Company_2601,Canada,North America,0,Professional Services,Nov-50,3224.68,Growth,SMB_Field,Inbound,2023-06-30,2024-06-30,0,0.16,3.5,1,706.0,1.9289617486338797,366,253.0,0.6912568306010929,4678.59,12.783032786885247,706,4678.59,0.0,0.0,0.0,0.0,0.0,2.0,2.0,-0.135,1.83,4.95,2.0
C102602,Company_2602,France,Europe,1,Professional Services,10-Jan,1145.85,Starter,SMB_Field,Inbound,2023-07-02,,1,0.04,6.4,0,322.0,0.9583333333333334,336,116.0,0.3452380952380952,4520.740305772196,13.45458424336963,182,2482.01,140.0,2038.7303057721956,0.0,0.0,0.0,0.0,0.0,0.0,0.0,0.0,0.0
C102603,Company_2603,Canada,North America,0,Logistics,201-1000,79828.65,Growth,Enterprise,SelfServe,2023-11-03,2024-11-03,0,0.09,6.6,0,1266.0,3.459016393442623,366,462.0,1.2622950819672132,8569.667511340545,23.414392107487828,746,5025.64,520.0,3544.027511340546,1.0,1.0,1.0,0.0,3.0,-0.1533333333333333,1.98,14.85,3.0
C102604,Company_2604,Australia,North America,0,Unknown,1000+,154887.35,Growth,Enterprise,Partner,2023-10-27,2024-10-27,0,0.19,4.5,0,1163.0,3.1775956284153004,366,433.0,1.1830601092896176,8030.757568238081,21.941960568956507,699,4839.95,464.0,3190.807568238081,1.0,0.0,0.0,0.0,1.0,0.41,0.24,3.49,1.0
C102605,Company_2605,UK,Europe,1,Ecommerce,Nov-50,8273.54,Starter,SMB_Inside,Inbound,2023-12-29,2024-12-29,0,0.37,6.5,0,331.0,0.9851190476190476,336,101.0,0.3005952380952381,4420.832242003277,13.157238815485943,189,2368.25,142.0,2052.5822420032773,0.0,0.0,0.0,0.0,0.0,0.0,0.0,0.0,0.0
C102606,Company_2606,UK,Europe,1,Unknown,Nov-50,4754.14,Starter,SMB_Field,SelfServe,2023-03-01,,1,0.03,9.4,0,332.0,0.988095238095238,336,118.0,0.3511904761904761,4356.804374246863,12.96667968525852,166,2144.46,166.0,2212.3443742468626,0.0,0.0,0.0,1.0,1.0,0.44,3.38,7.65,1.0
C102607,Company_2607,Germany,Europe,1,Manufacturing,1000+,276963.62,Enterprise,Enterprise,Outbound,2023-12-23,,1,0.32,9.2,0,3288.0,9.785714285714286,336,1161.0,3.455357142857143,9985.31463549644,29.71819831992988,1762,5325.75,1526.0,4659.564635496439,1.0,2.0,0.0,1.0,4.0,-0.2724999999999999,2.2925,15.895,4.0
C102608,Company_2608,Spain,Europe,1,Professional Services,Nov-50,9340.24,Growth,SMB_Inside,Inbound,2023-12-15,,1,0.17,7.3,0,1349.0,4.0148809523809526,336,463.0,1.3779761904761905,9310.139733718326,27.708749207495018,733,4929.25,616.0,4380.889733718326,0.0,2.0,1.0,0.0,3.0,0.15,5.763333333333333,20.87333333333333,2.0
C102609,Company_2609,France,Europe,1,Wholesale,Nov-50,4904.07,Growth,SMB_Inside,SelfServe,2023-04-14,,1,0.08,5.7,0,1305.0,3.883928571428571,336,457.0,1.3601190476190477,9086.928075113272,27.044428794979975,744,5127.7,561.0,3959.228075113271,0.0,1.0,0.0,0.0,1.0,0.03,3.69,19.19,1.0
C102610,Company_2610,Spain,Europe,1,Unknown,201-1000,51430.81,Growth,Enterprise,SelfServe,2023-11-05,2024-11-05,0,0.14,6.2,0,1133.0,3.3720238095238093,336,380.0,1.130952380952381,7530.481915675396,22.412148558557725,739,4937.42,394.0,2593.0619156753955,0.0,0.0,0.0,0.0,0.0,0.0,0.0,0.0,0.0
C102611,Company_2611,Germany,Europe,1,Unknown,201-1000,124963.07,Growth,Enterprise,Outbound,2023-10-22,,1,0.3,8.9,0,1402.0,4.1726190476190474,336,488.0,1.4523809523809523,9504.501046392676,28.287205495216295,736,5123.72,666.0,4380.781046392676,1.0,1.0,1.0,0.0,3.0,-0.3,7.46,12.516666666666666,3.0
C102612,Company_2612,Netherlands,Europe,1,Wholesale,10-Jan,1731.61,Growth,SMB_Inside,Outbound,2023-04-16,,1,0.03,6.6,0,1388.0,4.130952380952381,336,458.0,1.363095238095238,8811.478947393512,26.224639724385455,766,4834.16,622.0,3977.3189473935126,0.0,2.0,0.0,1.0,3.0,0.0233333333333333,8.29,23.52,3.0
C102613,Company_2613,Germany,Europe,1,Unknown,51-200,28959.93,Enterprise,MidMarket,Outbound,2023-05-22,,1,0.35,6.3,0,3407.0,10.139880952380953,336,1167.0,3.4732142857142856,10040.116481956886,29.88129905344311,1857,5456.37,1550.0,4583.746481956886,1.0,1.0,2.0,1.0,5.0,-0.2,1.936,12.848,5.0
C102614,Company_2614,Germany,Europe,1,Healthcare,10-Jan,2204.76,Starter,SMB_Inside,Partner,2024-01-03,2024-07-04,0,0.05,3.9,0,200.0,0.5952380952380952,336,90.0,0.2678571428571428,2676.250539801633,7.96503136845724,195,2617.42,5.0,58.83053980163264,1.0,2.0,0.0,0.0,3.0,0.2033333333333333,1.1833333333333331,6.753333333333334,3.0
C102615,Company_2615,France,Europe,1,Unknown,10-Jan,2099.31,Starter,SMB_Field,SelfServe,2023-10-17,2024-10-17,0,0.15,5.7,0,256.0,0.7619047619047619,336,105.0,0.3125,3469.503853392363,10.325904325572507,177,2454.57,79.0,1014.9338533923632,0.0,0.0,0.0,0.0,0.0,0.0,0.0,0.0,0.0
C102616,Company_2616,UK,Europe,1,Unknown,1000+,274428.05,Growth,Enterprise,SelfServe,2023-08-22,2024-08-22,0,0.23,5.4,0,932.0,2.7738095238095237,336,297.0,0.8839285714285714,6508.740755805387,19.371252249420795,738,5056.48,194.0,1452.260755805387,1.0,0.0,0.0,0.0,1.0,0.14,12.42,26.05,1.0
C102617,Company_2617,UK,Europe,1,Hospitality,51-200,12113.71,Enterprise,MidMarket,Inbound,2023-03-20,,1,0.11,8.8,0,3324.0,9.892857142857142,336,1162.0,3.4583333333333335,10053.395759233546,29.9208207120046,1813,5304.71,1511.0,4748.685759233547,3.0,4.0,1.0,1.0,9.0,-0.2366666666666666,1.8833333333333333,4.667777777777777,9.0
C102618,Company_2618,Canada,North America,0,Hospitality,10-Jan,1175.32,Growth,SMB_Inside,Outbound,2023-04-13,2023-07-13,0,0.07,7.3,1,0.0,0.0,366,0.0,0.0,0.0,0.0,0,0.0,0.0,0.0,1.0,0.0,0.0,0.0,1.0,0.43,1.65,5.9,0.0
C102619,Company_2619,Spain,Europe,1,Logistics,10-Jan,2193.55,Starter,SMB_Field,Outbound,2023-07-08,2024-01-07,0,0.1,5.7,1,9.0,0.0267857142857142,336,4.0,0.0119047619047619,60.54,0.1801785714285714,9,60.54,0.0,0.0,0.0,0.0,0.0,0.0,0.0,0.0,0.0,0.0,0.0
C102620,Company_2620,Australia,North America,0,Hospitality,10-Jan,2032.95,Starter,SMB_Inside,SelfServe,2024-03-05,2024-09-04,0,0.3,6.1,0,189.0,0.5163934426229508,366,71.0,0.1939890710382513,2461.2655428085473,6.724769242646304,114,1571.22,75.0,890.0455428085471,0.0,0.0,0.0,0.0,0.0,0.0,0.0,0.0,0.0
C102621,Company_2621,Netherlands,Europe,1,Professional Services,10-Jan,1756.5,Starter,SMB_Inside,SelfServe,2023-05-28,2023-08-27,0,0.34,7.1,1,0.0,0.0,336,0.0,0.0,0.0,0.0,0,0.0,0.0,0.0,0.0,1.0,0.0,0.0,1.0,0.75,0.55,5.73,1.0
C102622,Company_2622,Netherlands,Europe,1,Professional Services,Nov-50,8686.84,Growth,SMB_Inside,Outbound,2023-07-08,,1,0.21,9.1,0,1308.0,3.892857142857143,336,442.0,1.3154761904761905,8764.406161402254,26.08454214703052,713,4726.27,595.0,4038.136161402253,1.0,0.0,1.0,0.0,2.0,-0.04,4.265,9.28,2.0
C102623,Company_2623,Germany,Europe,1,Unknown,201-1000,83224.18,Enterprise,Enterprise,Partner,2023-11-23,,1,0.05,5.5,0,3414.0,10.160714285714286,336,1201.0,3.574404761904762,10067.552314323302,29.9629533164384,1828,5460.9,1586.0,4606.652314323303,0.0,2.0,2.0,0.0,4.0,-0.175,2.8925,6.13,4.0
C102624,Company_2624,Netherlands,Europe,1,Manufacturing,10-Jan,1111.11,Growth,SMB_Inside,Inbound,2023-05-25,2023-08-24,0,0.06,3.2,1,0.0,0.0,336,0.0,0.0,0.0,0.0,0,0.0,0.0,0.0,1.0,1.0,0.0,1.0,3.0,-0.3133333333333333,6.66,18.77,3.0
C102625,Company_2625,UK,Europe,1,Unknown,201-1000,118549.86,Enterprise,Enterprise,Inbound,2023-01-24,,1,0.17,6.6,0,3393.0,10.098214285714286,336,1202.0,3.577380952380953,10213.328754601423,30.396811769647098,1826,5599.14,1567.0,4614.188754601423,2.0,2.0,2.0,4.0,10.0,-0.19,1.357,11.268,9.0
C102626,Company_2626,Spain,Europe,1,Manufacturing,10-Jan,1675.13,Growth,SMB_Inside,Partner,2024-02-12,2024-08-13,0,0.47,6.7,0,735.0,2.1875,336,242.0,0.7202380952380952,5036.549133516745,14.989729564037932,567,3970.15,168.0,1066.3991335167457,0.0,1.0,0.0,0.0,1.0,-0.13,7.91,12.38,0.0
C102627,Company_2627,US,North America,0,Hospitality,51-200,36348.77,Growth,MidMarket,Inbound,2023-08-12,2024-08-12,0,0.49,6.9,0,881.0,2.407103825136612,366,287.0,0.7841530054644809,5785.636603180538,15.80775028191404,721,4657.81,160.0,1127.8266031805383,0.0,1.0,0.0,0.0,1.0,-0.55,1.16,4.9,1.0
C102628,Company_2628,Australia,North America,0,Manufacturing,51-200,33860.97,Enterprise,MidMarket,Inbound,2023-02-05,,1,0.14,9.0,0,3602.0,9.841530054644808,366,1265.0,3.4562841530054644,10944.410470923309,29.902760849517236,1819,5411.01,1783.0,5533.4004709233095,0.0,2.0,1.0,1.0,4.0,-0.02,2.22,8.66,3.0
C102629,Company_2629,Germany,Europe,1,Professional Services,51-200,39848.68,Enterprise,MidMarket,Partner,2023-07-15,2024-07-15,0,0.34,6.8,0,1939.0,5.770833333333333,336,734.0,2.1845238095238093,5856.195732710645,17.42915396640073,1782,5419.7,157.0,436.49573271064446,1.0,1.0,1.0,1.0,4.0,0.1675,0.77,19.4475,3.0
C102630,Company_2630,Spain,Europe,1,Manufacturing,10-Jan,2381.18,Starter,SMB_Inside,Outbound,2023-03-26,,1,0.19,5.1,0,326.0,0.9702380952380952,336,116.0,0.3452380952380952,4528.229555927677,13.47687367835618,174,2379.92,152.0,2148.3095559276776,0.0,1.0,0.0,1.0,2.0,-0.1149999999999999,1.935,15.035,2.0
C102631,Company_2631,Australia,North America,0,Retail,Nov-50,9752.86,Growth,SMB_Inside,Inbound,2023-09-26,2024-09-26,0,0.04,6.1,0,1103.0,3.0136612021857925,366,384.0,1.0491803278688523,6892.928069918141,18.83313680305503,754,4655.56,349.0,2237.368069918141,0.0,0.0,0.0,0.0,0.0,0.0,0.0,0.0,0.0
C102632,Company_2632,US,North America,0,Logistics,Nov-50,5289.33,Growth,SMB_Inside,Partner,2023-12-03,,1,0.27,6.8,0,1536.0,4.19672131147541,366,554.0,1.5136612021857925,9975.781728942402,27.256234232083067,790,5088.58,746.0,4887.201728942402,1.0,1.0,0.0,0.0,2.0,-0.155,4.165,12.935,2.0
C102633,Company_2633,US,North America,0,Wholesale,51-200,39507.16,Growth,MidMarket,Partner,2023-01-25,,1,0.26,5.6,0,1449.0,3.959016393442623,366,519.0,1.4180327868852458,9837.870719549355,26.879428195490046,746,4952.17,703.0,4885.700719549358,0.0,0.0,1.0,0.0,1.0,0.01,3.67,4.12,1.0
C102634,Company_2634,Spain,Europe,1,Healthcare,Nov-50,5774.13,Starter,SMB_Inside,SelfServe,2023-12-23,,1,0.14,3.5,0,348.0,1.0357142857142858,336,130.0,0.3869047619047619,4798.256946704248,14.280526627095975,201,2631.85,147.0,2166.4069467042473,0.0,0.0,0.0,0.0,0.0,0.0,0.0,0.0,0.0
C102635,Company_2635,Germany,Europe,1,Unknown,Nov-50,7969.99,Starter,SMB_Inside,Inbound,2023-04-05,,1,0.15,6.1,0,339.0,1.0089285714285714,336,134.0,0.3988095238095238,4595.801036042382,13.677979273935662,183,2454.09,156.0,2141.7110360423826,0.0,0.0,0.0,0.0,0.0,0.0,0.0,0.0,0.0
C102636,Company_2636,France,Europe,1,Unknown,51-200,13272.31,Growth,MidMarket,Partner,2024-02-08,2025-02-08,0,0.32,4.4,0,1219.0,3.6279761904761902,336,427.0,1.2708333333333333,7711.694925693044,22.951472993134058,573,3830.67,646.0,3881.024925693044,1.0,1.0,0.0,0.0,2.0,-0.125,5.505000000000001,24.465,2.0
C102637,Company_2637,US,North America,0,Unknown,Nov-50,5354.12,Starter,SMB_Inside,Outbound,2023-08-22,,1,0.38,6.8,0,374.0,1.0218579234972678,366,138.0,0.3770491803278688,5103.342427988841,13.9435585464176,191,2599.66,183.0,2503.6824279888415,0.0,0.0,0.0,0.0,0.0,0.0,0.0,0.0,0.0
C102638,Company_2638,UK,Europe,1,Wholesale,51-200,30429.15,Enterprise,MidMarket,Partner,2023-07-30,2024-07-30,0,0.1,6.1,0,2162.0,6.434523809523809,336,811.0,2.4136904761904763,6373.14902908124,18.967705443694165,1864,5422.99,298.0,950.1590290812394,4.0,0.0,2.0,1.0,7.0,-0.1357142857142857,1.5685714285714287,8.634285714285713,6.0
C102639,Company_2639,UK,Europe,1,Ecommerce,51-200,14382.45,Growth,MidMarket,Inbound,2024-03-01,2025-03-02,0,0.05,5.2,0,1124.0,3.3452380952380953,336,377.0,1.1220238095238095,7522.042192903431,22.38703033602211,501,3382.22,623.0,4139.822192903431,1.0,0.0,1.0,4.0,6.0,0.1183333333333333,5.225,7.1499999999999995,5.0
C102640,Company_2640,US,North America,0,Professional Services,Nov-50,3097.9,Starter,SMB_Inside,SelfServe,2023-09-07,,1,0.25,7.8,0,368.0,1.005464480874317,366,133.0,0.3633879781420765,5078.101693525613,13.874594791053587,181,2537.49,187.0,2540.6116935256127,0.0,0.0,1.0,1.0,2.0,-0.15,6.550000000000001,13.645,2.0
C102641,Company_2641,UK,Europe,1,Unknown,51-200,12174.4,Growth,MidMarket,SelfServe,2023-10-14,2024-10-14,0,0.21,6.7,0,1044.0,3.107142857142857,336,360.0,1.0714285714285714,6976.495078358254,20.76337820939957,729,4877.48,315.0,2099.015078358255,2.0,0.0,0.0,0.0,2.0,0.435,7.359999999999999,14.79,2.0
C102642,Company_2642,US,North America,0,Ecommerce,Nov-50,3571.77,Growth,SMB_Inside,SelfServe,2023-05-30,,1,0.24,6.6,0,1484.0,4.054644808743169,366,522.0,1.4262295081967211,9550.615420895008,26.0945776527186,756,4759.19,728.0,4791.425420895009,0.0,0.0,0.0,0.0,0.0,0.0,0.0,0.0,0.0
C102643,Company_2643,UK,Europe,1,Unknown,201-1000,57474.66,Starter,Enterprise,Outbound,2023-10-20,2024-10-20,0,0.6,4.9,0,249.0,0.7410714285714286,336,91.0,0.2708333333333333,3530.945381366243,10.50876601597096,172,2407.06,77.0,1123.8853813662429,0.0,0.0,4.0,0.0,4.0,0.0649999999999999,2.9975,10.3,3.0
C102644,Company_2644,UK,Europe,1,Logistics,10-Jan,2805.3,Starter,SMB_Field,Partner,2023-01-08,,1,0.3,5.1,0,350.0,1.0416666666666667,336,115.0,0.3422619047619047,4636.17736187242,13.798146910334584,215,2621.82,135.0,2014.35736187242,0.0,1.0,0.0,0.0,1.0,0.23,4.58,7.26,1.0
C102645,Company_2645,Netherlands,Europe,1,Retail,Nov-50,6922.88,Growth,SMB_Field,Outbound,2023-06-25,,1,0.19,5.0,0,1343.0,3.9970238095238098,336,441.0,1.3125,9157.189225010849,27.25353936015133,738,4903.28,605.0,4253.909225010846,0.0,0.0,1.0,0.0,1.0,0.22,3.79,16.22,1.0
C102646,Company_2646,Germany,Europe,1,Healthcare,Nov-50,7917.55,Starter,SMB_Field,SelfServe,2024-03-15,2025-03-16,0,0.04,6.6,0,285.0,0.8482142857142857,336,93.0,0.2767857142857143,3546.6199412625483,10.555416491852824,125,1571.8,160.0,1974.8199412625488,1.0,0.0,0.0,0.0,1.0,-0.23,1.43,13.53,0.0
C102647,Company_2647,UK,Europe,1,Logistics,1000+,191722.22,Growth,Enterprise,Inbound,2023-03-01,,1,0.14,5.9,0,1254.0,3.732142857142857,336,418.0,1.244047619047619,9010.748781142196,26.817704705780347,702,4870.28,552.0,4140.468781142195,0.0,0.0,0.0,0.0,0.0,0.0,0.0,0.0,0.0
C102648,Company_2648,Australia,North America,0,Hospitality,1000+,340582.92,Growth,Enterprise,Outbound,2023-01-15,,1,0.2,4.7,0,1479.0,4.040983606557377,366,477.0,1.3032786885245902,9665.668801965878,26.408931152912235,726,4786.72,753.0,4878.948801965878,1.0,1.0,0.0,0.0,2.0,-0.045,2.985,6.665,2.0
C102649,Company_2649,Spain,Europe,1,Healthcare,51-200,32720.97,Growth,MidMarket,Partner,2023-01-05,,1,0.57,5.7,0,1304.0,3.880952380952381,336,456.0,1.3571428571428572,9049.060128858157,26.93172657398261,737,4950.56,567.0,4098.500128858157,1.0,0.0,2.0,1.0,4.0,-0.0574999999999999,2.5,9.0325,4.0
C102650,Company_2650,France,Europe,1,Unknown,10-Jan,2059.7,Growth,SMB_Field,SelfServe,2023-02-17,,1,0.26,6.0,0,1311.0,3.9017857142857144,336,477.0,1.4196428571428572,8941.387084465243,26.611271084717984,728,4723.88,583.0,4217.507084465244,2.0,0.0,0.0,0.0,2.0,0.075,4.465000000000001,15.515,2.0
C102651,Company_2651,Netherlands,Europe,1,Manufacturing,10-Jan,1811.52,Starter,SMB_Inside,Partner,2024-02-17,,1,0.22,3.3,0,291.0,0.8660714285714286,336,96.0,0.2857142857142857,3886.223714043856,11.566142006082904,137,1807.06,154.0,2079.163714043856,0.0,3.0,1.0,0.0,4.0,0.2225,3.6475,21.575,3.0
C102652,Company_2652,Australia,North America,0,Manufacturing,51-200,38330.94,Growth,MidMarket,Inbound,2023-08-21,2024-08-21,0,0.19,8.7,0,964.0,2.633879781420765,366,350.0,0.9562841530054644,6368.174918198629,17.399385022400626,752,4895.27,212.0,1472.9049181986293,0.0,0.0,1.0,1.0,2.0,0.035,3.495,10.49,2.0
C102653,Company_2653,US,North America,0,Logistics,Nov-50,7613.75,Growth,SMB_Inside,Partner,2023-11-02,,1,0.15,5.5,0,1472.0,4.021857923497268,366,496.0,1.355191256830601,9714.33550380466,26.54190028361929,712,4794.03,760.0,4920.305503804661,0.0,2.0,0.0,1.0,3.0,0.0999999999999999,2.45,11.72,3.0
C102654,Company_2654,Germany,Europe,1,Hospitality,10-Jan,2356.15,Starter,SMB_Inside,Inbound,2023-06-30,2024-06-30,0,0.12,5.8,1,192.0,0.5714285714285714,336,72.0,0.2142857142857142,2576.47,7.668065476190476,192,2576.47,0.0,0.0,0.0,0.0,1.0,0.0,1.0,0.06,3.83,21.14,1.0
C102655,Company_2655,Germany,Europe,1,Healthcare,Nov-50,7990.79,Growth,SMB_Field,Outbound,2023-04-30,,1,0.33,8.7,0,1296.0,3.857142857142857,336,472.0,1.4047619047619049,9089.631686851912,27.05247525848784,683,4810.88,613.0,4278.751686851914,0.0,1.0,2.0,0.0,3.0,0.0633333333333333,4.026666666666666,8.046666666666667,1.0
C102656,Company_2656,Spain,Europe,1,Logistics,51-200,16163.02,Growth,MidMarket,Inbound,2023-02-27,,1,0.22,6.7,0,1357.0,4.038690476190476,336,480.0,1.4285714285714286,9306.987659485952,27.69936803418438,747,5129.81,610.0,4177.177659485953,1.0,1.0,0.0,1.0,3.0,0.3166666666666666,3.24,10.12,3.0
C102657,Company_2657,France,Europe,1,Wholesale,10-Jan,2409.55,Starter,SMB_Inside,SelfServe,2023-11-30,2024-02-29,0,0.36,6.2,1,69.0,0.2053571428571428,336,19.0,0.056547619047619,877.66,2.612083333333333,69,877.66,0.0,0.0,0.0,0.0,0.0,0.0,0.0,0.0,0.0,0.0,0.0
C102658,Company_2658,France,Europe,1,Unknown,Nov-50,8103.49,Starter,SMB_Inside,Inbound,2023-08-12,,1,0.09,6.7,0,361.0,1.074404761904762,336,131.0,0.3898809523809524,4581.742515800745,13.63613843988317,194,2395.97,167.0,2185.7725158007456,1.0,0.0,0.0,0.0,1.0,-0.22,8.21,12.53,1.0
C102659,Company_2659,Germany,Europe,1,Hospitality,10-Jan,1920.55,Starter,SMB_Inside,SelfServe,2023-10-15,2024-10-15,0,0.19,4.4,0,237.0,0.7053571428571429,336,88.0,0.2619047619047619,3463.5565314335754,10.308203962599928,164,2466.98,73.0,996.5765314335754,0.0,0.0,0.0,0.0,0.0,0.0,0.0,0.0,0.0
C102660,Company_2660,France,Europe,1,Professional Services,10-Jan,2026.19,Growth,SMB_Inside,Outbound,2023-08-23,,1,0.18,5.9,0,1342.0,3.994047619047619,336,480.0,1.4285714285714286,9015.827811675928,26.832820868083115,734,5008.05,608.0,4007.7778116759264,0.0,1.0,0.0,0.0,1.0,0.17,0.74,8.63,1.0
C102661,Company_2661,UK,Europe,1,Unknown,51-200,36082.35,Enterprise,MidMarket,Outbound,2023-10-06,2024-10-06,0,0.27,8.1,0,2469.0,7.348214285714286,336,874.0,2.6011904761904763,7549.458495376736,22.46862647433553,1767,5442.29,702.0,2107.168495376736,0.0,1.0,0.0,1.0,2.0,0.56,3.21,5.455,2.0
C102662,Company_2662,Australia,North America,0,Unknown,201-1000,137829.0,Growth,Enterprise,Outbound,2023-01-17,,1,0.05,7.4,0,1425.0,3.89344262295082,366,521.0,1.4234972677595628,9935.701523164887,27.146725473128107,738,4928.95,687.0,5006.751523164889,0.0,3.0,0.0,0.0,3.0,-0.03,4.6933333333333325,7.863333333333333,2.0
C102663,Company_2663,US,North America,0,Unknown,10-Jan,2563.16,Starter,SMB_Inside,Inbound,2024-02-21,,1,0.07,6.0,0,317.0,0.8661202185792349,366,98.0,0.2677595628415301,4168.42228808966,11.389131934671202,140,1851.37,177.0,2317.0522880896597,0.0,0.0,0.0,0.0,0.0,0.0,0.0,0.0,0.0
C102664,Company_2664,US,North America,0,Unknown,Nov-50,4787.08,Enterprise,SMB_Inside,SelfServe,2023-06-28,,1,0.1,6.5,0,3634.0,9.92896174863388,366,1246.0,3.4043715846994536,11011.158283994768,30.085131923482972,1771,5557.92,1863.0,5453.238283994769,1.0,0.0,0.0,1.0,2.0,-0.085,1.375,9.38,2.0
C102665,Company_2665,UK,Europe,1,Wholesale,201-1000,75967.15,Starter,Enterprise,Partner,2023-09-17,2024-09-17,0,0.08,5.5,0,233.0,0.6934523809523809,336,88.0,0.2619047619047619,3431.0043698707264,10.211322529377162,166,2462.48,67.0,968.5243698707266,0.0,0.0,0.0,0.0,0.0,0.0,0.0,0.0,0.0
C102666,Company_2666,UK,Europe,1,Hospitality,51-200,14047.17,Growth,MidMarket,Partner,2023-10-28,2024-10-28,0,0.46,5.1,0,1095.0,3.2589285714285716,336,375.0,1.1160714285714286,7236.37432557961,21.536828349939316,718,4890.68,377.0,2345.69432557961,0.0,2.0,2.0,1.0,5.0,0.0039999999999999,4.962,16.041999999999998,5.0
C102667,Company_2667,US,North America,0,Logistics,201-1000,76383.9,Growth,Enterprise,SelfServe,2023-11-16,2024-11-16,0,0.09,8.1,0,1319.0,3.6038251366120218,366,451.0,1.23224043715847,8800.084163985412,24.04394580323883,777,4974.71,542.0,3825.374163985411,0.0,1.0,0.0,0.0,1.0,-0.06,5.55,6.36,1.0
C102668,Company_2668,Canada,North America,0,Ecommerce,10-Jan,1550.05,Starter,SMB_Field,Inbound,2024-03-14,2024-09-13,0,0.14,4.9,0,167.0,0.4562841530054645,366,68.0,0.1857923497267759,2584.814615182594,7.062335014160093,103,1591.62,64.0,993.194615182594,0.0,0.0,0.0,0.0,0.0,0.0,0.0,0.0,0.0
C102669,Company_2669,France,Europe,1,Hospitality,51-200,16114.97,Growth,MidMarket,Inbound,2023-04-22,2024-04-22,0,0.3,7.0,1,423.0,1.2589285714285714,336,160.0,0.4761904761904761,2953.89,8.791339285714285,423,2953.89,0.0,0.0,0.0,3.0,1.0,1.0,5.0,0.0799999999999999,4.038,13.62,5.0
C102670,Company_2670,France,Europe,1,Logistics,10-Jan,1453.02,Starter,SMB_Field,Inbound,2023-12-04,,1,0.27,5.8,0,354.0,1.0535714285714286,336,139.0,0.4136904761904761,4613.844590906001,13.731680330077385,178,2493.45,176.0,2120.3945909060008,2.0,0.0,1.0,0.0,3.0,-0.0133333333333333,4.46,10.52,3.0
C102671,Company_2671,UK,Europe,1,Unknown,10-Jan,1636.5,Growth,SMB_Field,SelfServe,2023-04-10,,1,0.35,4.5,0,1368.0,4.071428571428571,336,498.0,1.4821428571428572,9010.203141462054,26.81608077816087,717,4830.96,651.0,4179.243141462055,1.0,0.0,2.0,1.0,4.0,-0.0199999999999999,5.535,11.4525,4.0
C102672,Company_2672,US,North America,0,Wholesale,201-1000,60497.91,Growth,Enterprise,Partner,2023-09-13,2024-09-13,0,0.09,7.2,0,987.0,2.69672131147541,366,342.0,0.9344262295081968,6752.561461547711,18.449621479638555,703,4873.17,284.0,1879.3914615477104,0.0,1.0,2.0,3.0,6.0,-0.155,5.478333333333333,8.916666666666666,6.0
C102673,Company_2673,Canada,North America,0,Unknown,Nov-50,3922.96,Starter,SMB_Inside,Outbound,2023-04-16,2024-04-16,0,0.19,5.5,1,104.0,0.2841530054644808,366,33.0,0.0901639344262295,1355.13,3.7025409836065575,104,1355.13,0.0,0.0,0.0,0.0,0.0,0.0,0.0,0.0,0.0,0.0,0.0
C102674,Company_2674,Netherlands,Europe,1,Hospitality,Nov-50,6253.4,Enterprise,SMB_Inside,Outbound,2023-05-24,,1,0.16,9.9,0,3387.0,10.080357142857142,336,1167.0,3.4732142857142856,9887.064439565222,29.42578702251554,1811,5344.91,1576.0,4542.154439565221,0.0,2.0,1.0,0.0,3.0,-0.24,4.1066666666666665,32.81333333333333,2.0
C102675,Company_2675,Netherlands,Europe,1,Healthcare,51-200,34333.22,Growth,MidMarket,Inbound,2024-03-12,2025-03-13,0,0.31,7.4,0,1103.0,3.2827380952380953,336,388.0,1.1547619047619049,6830.839349671844,20.329879016880486,469,2899.64,634.0,3931.199349671844,0.0,1.0,1.0,0.0,2.0,-0.015,8.32,12.740000000000002,2.0
C102676,Company_2676,Spain,Europe,1,Ecommerce,51-200,22704.26,Enterprise,MidMarket,Outbound,2023-07-22,2024-07-22,0,0.08,6.8,0,2016.0,6.0,336,705.0,2.0982142857142856,6027.6207749582145,17.939347544518494,1805,5404.99,211.0,622.6307749582143,2.0,0.0,1.0,1.0,4.0,-0.055,0.58,12.175,4.0
C102677,Company_2677,France,Europe,1,Logistics,51-200,39120.08,Growth,MidMarket,Inbound,2023-04-17,,1,0.13,6.1,0,1379.0,4.104166666666667,336,502.0,1.494047619047619,9169.976254279803,27.291595994880367,758,4975.79,621.0,4194.186254279804,0.0,0.0,0.0,1.0,1.0,0.47,6.75,11.88,1.0
C102678,Company_2678,UK,Europe,1,Ecommerce,51-200,31261.64,Growth,MidMarket,Inbound,2023-09-17,2024-09-17,0,0.33,4.5,0,973.0,2.8958333333333335,336,341.0,1.0148809523809523,6404.154451171702,19.059983485630067,736,4876.43,237.0,1527.7244511717015,0.0,0.0,1.0,0.0,1.0,-0.15,8.77,14.95,1.0
C102679,Company_2679,France,Europe,1,Healthcare,10-Jan,2204.17,Enterprise,SMB_Inside,SelfServe,2023-04-21,,1,0.43,4.9,0,3481.0,10.360119047619047,336,1229.0,3.6577380952380953,9916.133397295358,29.512301777664756,1863,5328.5599999999995,1618.0,4587.573397295358,2.0,0.0,4.0,1.0,7.0,-0.0542857142857142,0.9585714285714284,17.95714285714286,7.0
C102680,Company_2680,Spain,Europe,1,Unknown,Nov-50,8157.02,Growth,SMB_Field,Inbound,2024-03-24,2024-09-23,0,0.34,6.1,0,620.0,1.8452380952380951,336,199.0,0.5922619047619048,4241.925524264646,12.624778346025732,381,2582.17,239.0,1659.755524264646,0.0,1.0,1.0,1.0,3.0,0.0833333333333333,4.333333333333333,7.846666666666667,3.0
C102681,Company_2681,Canada,North America,0,Professional Services,Nov-50,6626.69,Growth,SMB_Field,Inbound,2023-02-27,2023-08-29,0,0.24,6.6,1,0.0,0.0,366,0.0,0.0,0.0,0.0,0,0.0,0.0,0.0,0.0,0.0,1.0,0.0,1.0,0.05,5.82,10.2,1.0
C102682,Company_2682,Spain,Europe,1,Unknown,201-1000,85228.48,Growth,Enterprise,Inbound,2023-08-09,,1,0.34,6.2,0,1380.0,4.107142857142857,336,501.0,1.4910714285714286,8949.483055045273,26.63536623525379,698,4746.7,682.0,4202.783055045273,0.0,1.0,0.0,1.0,2.0,-0.365,8.785,10.94,1.0
C102683,Company_2683,UK,Europe,1,Retail,Nov-50,6623.58,Growth,SMB_Inside,Inbound,2023-07-20,2024-07-20,0,0.07,8.5,0,831.0,2.4732142857142856,336,290.0,0.8630952380952381,5664.635205557265,16.859033349872814,762,5147.34,69.0,517.2952055572654,2.0,0.0,1.0,1.0,4.0,-0.2125,6.4375,13.2875,4.0
C102684,Company_2684,UK,Europe,1,Unknown,51-200,39388.95,Enterprise,MidMarket,Partner,2023-05-26,,1,0.06,6.9,0,3345.0,9.955357142857142,336,1187.0,3.5327380952380953,10159.499850575416,30.236606698141117,1791,5483.89,1554.0,4675.609850575415,2.0,1.0,2.0,2.0,7.0,-0.0342857142857142,2.664285714285714,12.471428571428572,7.0
C102685,Company_2685,US,North America,0,Retail,10-Jan,2112.24,Starter,SMB_Field,Outbound,2023-04-23,2023-10-23,0,0.09,3.8,1,0.0,0.0,366,0.0,0.0,0.0,0.0,0,0.0,0.0,0.0,0.0,0.0,0.0,0.0,0.0,0.0,0.0,0.0,0.0
C102686,Company_2686,Spain,Europe,1,Healthcare,51-200,19576.87,Enterprise,MidMarket,Outbound,2023-03-19,,1,0.12,6.9,0,3427.0,10.199404761904765,336,1209.0,3.5982142857142856,9737.650640557958,28.98110309689869,1912,5265.68,1515.0,4471.970640557958,2.0,0.0,5.0,1.0,8.0,-0.0125,2.025,8.925,7.0
C102687,Company_2687,Germany,Europe,1,Professional Services,10-Jan,2161.29,Enterprise,SMB_Field,SelfServe,2024-02-17,2024-08-18,0,0.21,6.0,0,1836.0,5.464285714285714,336,628.0,1.869047619047619,5627.87361435114,16.749623852235533,1332,4171.85,504.0,1456.0236143511397,4.0,1.0,2.0,2.0,9.0,0.1688888888888889,2.4744444444444444,12.873333333333331,9.0
C102688,Company_2688,Canada,North America,0,Unknown,51-200,13436.09,Growth,MidMarket,SelfServe,2023-06-05,,1,0.09,8.9,0,1531.0,4.183060109289618,366,541.0,1.4781420765027322,9877.669512224877,26.988168066188187,775,4961.57,756.0,4916.099512224877,0.0,1.0,1.0,0.0,2.0,-0.015,3.3600000000000003,13.43,2.0
C102689,Company_2689,Spain,Europe,1,Unknown,10-Jan,2987.65,Growth,SMB_Inside,Outbound,2023-04-15,,1,0.37,5.4,0,1331.0,3.961309523809524,336,447.0,1.3303571428571428,9097.415119595447,27.07564023689121,715,4930.29,616.0,4167.125119595448,2.0,1.0,0.0,0.0,3.0,-0.12,5.123333333333334,14.4,1.0
C102690,Company_2690,UK,Europe,1,Retail,Nov-50,5211.57,Starter,SMB_Inside,Partner,2023-11-30,,1,0.26,6.1,0,337.0,1.0029761904761905,336,121.0,0.3601190476190476,4728.21640531592,14.07207263486881,194,2659.79,143.0,2068.4264053159204,0.0,0.0,1.0,0.0,1.0,-0.32,4.51,12.7,1.0
C102691,Company_2691,Spain,Europe,1,Manufacturing,51-200,30670.44,Growth,MidMarket,SelfServe,2024-01-02,2025-01-02,0,0.34,5.1,0,1359.0,4.044642857142857,336,499.0,1.4851190476190477,8887.528541159028,26.450977801068536,707,4683.34,652.0,4204.188541159028,2.0,0.0,1.0,1.0,4.0,0.055,4.1425,9.9075,4.0
C102692,Company_2692,Netherlands,Europe,1,Unknown,Nov-50,6707.72,Starter,SMB_Field,Outbound,2024-03-16,2024-09-15,0,0.07,10.0,0,174.0,0.5178571428571429,336,61.0,0.181547619047619,2282.9781522036706,6.7945778339394955,109,1416.83,65.0,866.1481522036705,0.0,0.0,0.0,0.0,0.0,0.0,0.0,0.0,0.0
C102693,Company_2693,France,Europe,1,Unknown,51-200,18405.65,Enterprise,MidMarket,SelfServe,2023-09-08,2024-09-08,0,0.36,6.9,0,2411.0,7.175595238095238,336,796.0,2.369047619047619,7377.292570242651,21.956227887626937,1772,5516.83,639.0,1860.4625702426504,3.0,1.0,0.0,0.0,4.0,-0.2,5.7525,10.7625,4.0
C102694,Company_2694,Germany,Europe,1,Wholesale,Nov-50,7452.38,Enterprise,SMB_Inside,SelfServe,2024-03-03,2025-03-04,0,0.22,6.3,0,2813.0,8.37202380952381,336,1002.0,2.982142857142857,8284.460189132828,24.65613151527627,1265,3551.07,1548.0,4733.390189132829,1.0,1.0,1.0,4.0,7.0,-0.0685714285714285,1.262857142857143,7.43,7.0
C102695,Company_2695,UK,Europe,1,Ecommerce,51-200,11488.41,Growth,MidMarket,Inbound,2024-02-26,2024-08-27,0,0.1,7.1,0,709.0,2.110119047619047,336,256.0,0.7619047619047619,5175.551847794704,15.40342811843662,471,3401.06,238.0,1774.4918477947049,0.0,0.0,0.0,3.0,3.0,-0.16,8.106666666666667,13.68,3.0
C102696,Company_2696,US,North America,0,Ecommerce,Nov-50,5212.47,Growth,SMB_Inside,Inbound,2023-03-05,,1,0.07,4.2,0,1476.0,4.032786885245901,366,530.0,1.4480874316939891,9669.20347893576,26.41858874026164,736,4848.6,740.0,4820.60347893576,1.0,1.0,2.0,0.0,4.0,-0.0374999999999999,4.3375,6.355,4.0
C102697,Company_2697,Australia,North America,0,Wholesale,10-Jan,2759.91,Starter,SMB_Inside,Outbound,2023-07-04,,1,0.06,5.8,0,361.0,0.9863387978142076,366,129.0,0.3524590163934426,5001.62376069218,13.665638690415792,177,2617.42,184.0,2384.203760692181,0.0,0.0,0.0,0.0,0.0,0.0,0.0,0.0,0.0
C102698,Company_2698,Netherlands,Europe,1,Hospitality,10-Jan,2367.53,Growth,SMB_Field,SelfServe,2024-02-29,2024-08-30,0,0.28,5.2,0,741.0,2.205357142857143,336,245.0,0.7291666666666666,5136.888821543161,15.288359587926074,485,3467.66,256.0,1669.2288215431606,1.0,0.0,1.0,0.0,2.0,0.195,2.635,11.185,2.0
C102699,Company_2699,Netherlands,Europe,1,Unknown,51-200,19974.32,Enterprise,MidMarket,Inbound,2023-03-29,,1,0.09,8.8,0,3382.0,10.06547619047619,336,1175.0,3.4970238095238093,9959.95987719716,29.642737729753456,1814,5481.69,1568.0,4478.269877197162,0.0,1.0,0.0,2.0,3.0,-0.1466666666666666,4.13,7.236666666666667,3.0
C102700,Company_2700,UK,Europe,1,Manufacturing,51-200,18369.25,Enterprise,MidMarket,Outbound,2023-10-18,2024-10-18,0,0.09,6.9,0,2613.0,7.776785714285714,336,867.0,2.580357142857143,7703.840864939044,22.928097812318583,1780,5258.34,833.0,2445.5008649390443,3.0,0.0,0.0,0.0,3.0,0.0666666666666666,1.0266666666666666,19.203333333333333,2.0
C102701,Company_2701,Germany,Europe,1,Healthcare,Nov-50,3325.26,Growth,SMB_Inside,Outbound,2024-03-12,2025-03-13,0,0.28,5.5,0,1006.0,2.994047619047619,336,345.0,1.0267857142857142,6743.871281681858,20.07104548119601,399,2790.09,607.0,3953.781281681858,1.0,2.0,0.0,0.0,3.0,-0.03,6.1433333333333335,22.963333333333335,1.0
C102702,Company_2702,Germany,Europe,1,Professional Services,10-Jan,2481.1,Enterprise,SMB_Field,SelfServe,2024-01-07,2025-01-07,0,0.12,9.1,0,3318.0,9.875,336,1200.0,3.5714285714285716,10299.910338175676,30.654495054094273,1794,5480.72,1524.0,4819.190338175676,2.0,1.0,2.0,3.0,8.0,-0.08625,1.33375,7.9925,8.0
C102703,Company_2703,US,North America,0,Hospitality,201-1000,144692.56,Growth,Enterprise,Outbound,2024-01-25,2024-07-26,0,0.07,5.7,0,779.0,2.128415300546448,366,268.0,0.73224043715847,5117.5486588139365,13.982373384737532,667,4327.2,112.0,790.3486588139363,0.0,0.0,2.0,0.0,2.0,0.315,0.385,3.78,2.0
C102704,Company_2704,Netherlands,Europe,1,Hospitality,51-200,10796.47,Starter,MidMarket,Partner,2023-11-01,,1,0.03,5.3,0,375.0,1.1160714285714286,336,142.0,0.4226190476190476,4996.759123276394,14.87130691451308,207,2883.06,168.0,2113.6991232763944,0.0,0.0,2.0,0.0,2.0,-0.04,2.37,6.140000000000001,2.0
C102705,Company_2705,Spain,Europe,1,Professional Services,Nov-50,6315.68,Starter,SMB_Inside,Inbound,2023-08-31,2024-08-31,0,0.16,8.9,0,218.0,0.6488095238095238,336,69.0,0.2053571428571428,3254.854437646623,9.687066778710188,163,2463.65,55.0,791.2044376466231,0.0,0.0,1.0,0.0,1.0,-0.28,1.6,2.0,1.0
C102706,Company_2706,US,North America,0,Unknown,Nov-50,8391.01,Starter,SMB_Inside,Outbound,2023-01-14,,1,0.08,7.5,0,385.0,1.0519125683060109,366,131.0,0.3579234972677595,4919.090374791679,13.44013763604284,191,2484.07,194.0,2435.0203747916794,0.0,0.0,0.0,0.0,0.0,0.0,0.0,0.0,0.0
C102707,Company_2707,Canada,North America,0,Hospitality,51-200,25864.22,Growth,MidMarket,Partner,2023-06-25,,1,0.23,7.7,0,1423.0,3.887978142076503,366,505.0,1.3797814207650274,9769.101387268527,26.691533844995977,705,4708.57,718.0,5060.5313872685265,0.0,2.0,1.0,0.0,3.0,-0.0233333333333333,3.93,19.746666666666663,3.0
C102708,Company_2708,Germany,Europe,1,Unknown,10-Jan,1565.18,Starter,SMB_Inside,Partner,2023-09-24,2024-09-24,0,0.34,8.5,0,204.0,0.6071428571428571,336,71.0,0.2113095238095238,3300.629525649787,9.823302159671986,142,2401.99,62.0,898.6395256497868,0.0,1.0,0.0,0.0,1.0,-0.02,10.06,16.85,1.0
C102709,Company_2709,Netherlands,Europe,1,Unknown,10-Jan,1669.65,Growth,SMB_Field,SelfServe,2023-09-04,2024-03-05,0,0.1,8.3,1,276.0,0.8214285714285714,336,92.0,0.2738095238095238,1897.53,5.647410714285714,276,1897.53,0.0,0.0,0.0,0.0,1.0,0.0,1.0,0.05,11.86,24.81,1.0
C102710,Company_2710,Spain,Europe,1,Unknown,Nov-50,5984.36,Starter,SMB_Inside,Outbound,2023-08-07,2024-08-07,0,0.24,9.4,0,212.0,0.6309523809523809,336,75.0,0.2232142857142857,2983.069475515467,8.87818296284365,175,2484.21,37.0,498.8594755154666,0.0,2.0,0.0,0.0,2.0,-0.185,2.465,10.695,1.0
C102711,Company_2711,France,Europe,1,Unknown,51-200,10302.16,Enterprise,MidMarket,Partner,2023-09-22,2024-09-22,0,0.2,6.5,0,2444.0,7.273809523809524,336,838.0,2.494047619047619,7360.02356673193,21.90483204384503,1810,5542.36,634.0,1817.66356673193,1.0,3.0,1.0,3.0,8.0,0.0275,2.42125,6.71,8.0
C102712,Company_2712,Spain,Europe,1,Unknown,Nov-50,3495.76,Growth,SMB_Inside,Partner,2023-01-07,,1,0.35,4.6,0,1272.0,3.7857142857142856,336,473.0,1.4077380952380951,8762.182094186497,26.077922899364573,687,4728.79,585.0,4033.3920941864976,0.0,2.0,4.0,0.0,6.0,-0.0916666666666666,2.9066666666666667,4.808333333333334,6.0
C102713,Company_2713,Australia,North America,0,Ecommerce,51-200,35445.22,Growth,MidMarket,Inbound,2023-07-18,2024-07-18,0,0.18,6.1,0,882.0,2.4098360655737703,366,334.0,0.912568306010929,5408.789183926862,14.778112524390334,807,4887.48,75.0,521.3091839268623,1.0,2.0,0.0,0.0,3.0,-0.05,0.91,3.4800000000000004,3.0
C102714,Company_2714,Germany,Europe,1,Unknown,10-Jan,1636.3,Starter,SMB_Inside,Partner,2023-11-26,2024-02-25,0,0.12,5.1,1,49.0,0.1458333333333333,336,21.0,0.0625,683.67,2.0347321428571425,49,683.67,0.0,0.0,0.0,0.0,1.0,0.0,1.0,0.07,11.01,15.9,1.0
C102715,Company_2715,Canada,North America,0,Professional Services,Nov-50,7853.07,Starter,SMB_Inside,Inbound,2023-08-22,2024-08-22,0,0.06,6.3,0,209.0,0.5710382513661202,366,79.0,0.2158469945355191,3106.925892343767,8.488868558316303,166,2446.81,43.0,660.1158923437669,0.0,0.0,0.0,0.0,0.0,0.0,0.0,0.0,0.0
C102716,Company_2716,Spain,Europe,1,Hospitality,Nov-50,8573.17,Growth,SMB_Inside,SelfServe,2023-08-10,2024-08-10,0,0.25,7.0,0,912.0,2.7142857142857144,336,320.0,0.9523809523809524,5944.761639186289,17.69274297376872,758,4922.31,154.0,1022.4516391862896,1.0,0.0,2.0,1.0,4.0,-0.2875,4.3425,15.9625,4.0
C102717,Company_2717,Spain,Europe,1,Logistics,201-1000,81701.21,Enterprise,Enterprise,SelfServe,2023-11-20,2024-11-20,0,0.14,6.3,0,2972.0,8.845238095238095,336,1098.0,3.267857142857143,8708.100998634958,25.91696725784214,1852,5402.61,1120.0,3305.490998634959,0.0,2.0,0.0,0.0,2.0,0.1249999999999999,0.83,3.81,2.0
C102718,Company_2718,Spain,Europe,1,Retail,Nov-50,4744.95,Growth,SMB_Inside,Outbound,2023-09-17,,1,0.13,6.4,0,1330.0,3.9583333333333335,336,440.0,1.3095238095238095,9000.497970567292,26.787196340974084,748,4896.26,582.0,4104.237970567292,0.0,1.0,0.0,1.0,2.0,-0.1999999999999999,6.09,9.27,2.0
C102719,Company_2719,US,North America,0,Logistics,51-200,38998.2,Growth,MidMarket,Partner,2023-02-12,,1,0.1,5.7,0,1490.0,4.0710382513661205,366,511.0,1.3961748633879782,9692.392703638314,26.48194727770031,748,4772.44,742.0,4919.952703638313,0.0,1.0,1.0,2.0,4.0,0.165,3.4124999999999996,9.105,4.0
C102720,Company_2720,US,North America,0,Manufacturing,Nov-50,4826.96,Growth,SMB_Inside,Outbound,2023-10-11,2024-10-11,0,0.07,8.5,0,1161.0,3.1721311475409837,366,404.0,1.1038251366120218,7679.547018985288,20.982368904331388,759,4868.85,402.0,2810.6970189852877,0.0,0.0,0.0,0.0,0.0,0.0,0.0,0.0,0.0
C102721,Company_2721,Canada,North America,0,Wholesale,201-1000,54055.63,Growth,Enterprise,Inbound,2024-01-18,2024-07-19,0,0.24,8.4,0,742.0,2.0273224043715845,366,231.0,0.6311475409836066,4940.446003525319,13.498486348429832,666,4468.85,76.0,471.59600352531834,0.0,0.0,0.0,0.0,0.0,0.0,0.0,0.0,0.0
C102722,Company_2722,US,North America,0,Hospitality,51-200,11917.42,Starter,MidMarket,Partner,2023-07-17,2024-07-17,0,0.1,7.0,0,201.0,0.5491803278688525,366,68.0,0.1857923497267759,2891.5224197202147,7.900334480109876,191,2680.95,10.0,210.5724197202145,0.0,0.0,0.0,0.0,0.0,0.0,0.0,0.0,0.0
C102723,Company_2723,US,North America,0,Healthcare,10-Jan,1047.29,Growth,SMB_Inside,Partner,2023-07-14,,1,0.14,4.6,0,1497.0,4.090163934426229,366,500.0,1.366120218579235,10039.659881486572,27.430764703515223,761,4920.85,736.0,5118.8098814865725,1.0,0.0,0.0,0.0,1.0,0.29,15.57,22.5,1.0
C102724,Company_2724,Spain,Europe,1,Hospitality,51-200,16308.2,Enterprise,MidMarket,Partner,2023-09-10,,1,0.14,6.7,0,3307.0,9.842261904761903,336,1153.0,3.431547619047619,10117.847459160166,30.112641247500495,1772,5637.87,1535.0,4479.977459160166,2.0,2.0,3.0,1.0,8.0,-0.0675,1.57375,5.23375,8.0
C102725,Company_2725,Canada,North America,0,Unknown,201-1000,148663.41,Growth,Enterprise,Inbound,2023-02-13,,1,0.1,6.9,0,1537.0,4.199453551912568,366,523.0,1.4289617486338797,9744.216733116928,26.623542986658272,744,4901.7699999999995,793.0,4842.446733116928,0.0,1.0,1.0,0.0,2.0,0.135,5.68,14.05,1.0
C102726,Company_2726,France,Europe,1,Manufacturing,51-200,36786.6,Growth,MidMarket,Outbound,2023-01-29,,1,0.4,8.2,0,1397.0,4.157738095238095,336,508.0,1.511904761904762,9089.700683707462,27.052680606272208,744,5017.81,653.0,4071.8906837074614,0.0,0.0,0.0,1.0,1.0,-0.05,4.64,5.92,1.0
C102727,Company_2727,Australia,North America,0,Retail,Nov-50,4842.75,Starter,SMB_Inside,Inbound,2023-10-12,2024-10-12,0,0.19,6.6,0,296.0,0.8087431693989071,366,107.0,0.2923497267759563,4144.869300968996,11.324779510844252,195,2682.11,101.0,1462.7593009689965,0.0,0.0,0.0,0.0,0.0,0.0,0.0,0.0,0.0
C102728,Company_2728,Australia,North America,0,Ecommerce,201-1000,127115.94,Enterprise,Enterprise,Outbound,2023-12-28,,1,0.18,7.7,0,3676.0,10.043715846994536,366,1280.0,3.4972677595628414,10842.129011199124,29.623303309287223,1864,5427.79,1812.0,5414.339011199124,0.0,1.0,2.0,0.0,3.0,0.4066666666666667,3.6033333333333335,8.983333333333333,3.0
C102729,Company_2729,US,North America,0,Manufacturing,1000+,202547.6,Growth,Enterprise,Partner,2023-08-18,2024-08-18,0,0.15,8.1,0,850.0,2.3224043715846996,366,312.0,0.8524590163934426,5965.229974393081,16.29844255298656,666,4725.83,184.0,1239.3999743930813,2.0,0.0,0.0,0.0,2.0,-0.045,4.05,22.085,2.0
C102730,Company_2730,Canada,North America,0,Hospitality,1000+,235121.78,Starter,Enterprise,Inbound,2023-09-25,2024-09-25,0,0.22,5.8,0,274.0,0.7486338797814208,366,96.0,0.2622950819672131,3819.689373168773,10.436309762756208,184,2677.46,90.0,1142.2293731687726,0.0,0.0,0.0,1.0,1.0,0.12,7.62,9.3,1.0
C102731,Company_2731,Canada,North America,0,Ecommerce,10-Jan,1625.46,Starter,SMB_Inside,Inbound,2023-12-17,2024-06-17,0,0.28,5.5,1,198.0,0.5409836065573771,366,76.0,0.2076502732240437,2478.36,6.771475409836066,198,2478.36,0.0,0.0,0.0,0.0,0.0,0.0,0.0,0.0,0.0,0.0,0.0
C102732,Company_2732,US,North America,0,Unknown,10-Jan,2587.83,Starter,SMB_Inside,Partner,2024-03-27,,1,0.1,8.4,0,284.0,0.7759562841530054,366,94.0,0.2568306010928962,3588.12685615755,9.80362529004795,106,1288.29,178.0,2299.83685615755,1.0,0.0,1.0,0.0,2.0,-0.18,3.025,7.42,2.0
C102733,Company_2733,US,North America,0,Unknown,Nov-50,3185.82,Growth,SMB_Inside,Outbound,2023-11-29,2024-11-29,0,0.31,5.7,0,1331.0,3.636612021857923,366,469.0,1.2814207650273224,9078.08127315328,24.80350074632043,718,4814.0,613.0,4264.081273153279,1.0,0.0,0.0,0.0,1.0,-0.28,4.74,7.25,1.0
C102734,Company_2734,France,Europe,1,Unknown,Nov-50,8156.35,Growth,SMB_Inside,Partner,2023-01-24,,1,0.56,5.7,0,1303.0,3.8779761904761902,336,489.0,1.4553571428571428,8755.72470145619,26.058704468619617,721,4724.82,582.0,4030.904701456191,1.0,0.0,1.0,0.0,2.0,-0.235,2.6500000000000004,13.32,2.0
C102735,Company_2735,Netherlands,Europe,1,Unknown,201-1000,114466.28,Enterprise,Enterprise,Outbound,2023-10-26,2024-10-26,0,0.31,5.3,0,2713.0,8.074404761904763,336,943.0,2.806547619047619,7931.291372081874,23.605033845481767,1847,5301.08,866.0,2630.2113720818743,3.0,0.0,4.0,0.0,7.0,-0.0757142857142857,2.182857142857143,15.464285714285714,6.0
C102736,Company_2736,France,Europe,1,Logistics,51-200,27870.55,Growth,MidMarket,Outbound,2024-01-17,2024-07-18,0,0.1,5.2,0,792.0,2.357142857142857,336,273.0,0.8125,4911.68901651554,14.618122072962915,713,4454.48,79.0,457.20901651554,0.0,0.0,0.0,0.0,0.0,0.0,0.0,0.0,0.0
C102737,Company_2737,France,Europe,1,Unknown,Nov-50,5646.4,Growth,SMB_Inside,Inbound,2023-03-08,,1,0.25,6.6,0,1281.0,3.8125,336,480.0,1.4285714285714286,8949.367342241827,26.6350218519102,714,4869.2,567.0,4080.167342241827,0.0,1.0,0.0,0.0,1.0,-0.35,0.64,15.37,1.0
C102738,Company_2738,Spain,Europe,1,Logistics,1000+,430792.17,Growth,Enterprise,SelfServe,2023-05-04,,1,0.08,8.2,0,1310.0,3.898809523809524,336,493.0,1.4672619047619049,9103.56601847241,27.093946483548837,715,5063.46,595.0,4040.106018472409,0.0,0.0,2.0,0.0,2.0,0.175,11.63,15.455,2.0
C102739,Company_2739,Canada,North America,0,Logistics,Nov-50,9448.92,Starter,SMB_Inside,Inbound,2023-10-31,2024-10-31,0,0.09,4.5,0,301.0,0.8224043715846995,366,105.0,0.2868852459016393,4191.798985046701,11.453002691384429,170,2466.44,131.0,1725.3589850467008,0.0,0.0,2.0,0.0,2.0,-0.09,2.47,5.015000000000001,2.0
C102740,Company_2740,US,North America,0,Logistics,Nov-50,5929.7,Starter,SMB_Field,Inbound,2023-05-12,,1,0.32,6.0,0,360.0,0.9836065573770492,366,127.0,0.3469945355191257,5043.000439339251,13.778689724970633,162,2453.94,198.0,2589.0604393392514,0.0,0.0,1.0,0.0,1.0,-0.48,12.31,48.8,1.0
C102741,Company_2741,Australia,North America,0,Hospitality,1000+,427841.75,Growth,Enterprise,Inbound,2023-04-20,,1,0.24,4.3,0,1501.0,4.101092896174864,366,529.0,1.4453551912568303,10056.591705351311,27.477026517353316,744,5079.42,757.0,4977.171705351313,0.0,0.0,0.0,0.0,0.0,0.0,0.0,0.0,0.0
C102742,Company_2742,Netherlands,Europe,1,Healthcare,51-200,24168.05,Enterprise,MidMarket,Inbound,2023-08-13,2024-08-13,0,0.09,8.1,0,2239.0,6.663690476190476,336,782.0,2.327380952380953,6827.30160611205,20.319350018190622,1765,5407.74,474.0,1419.56160611205,1.0,1.0,2.0,1.0,5.0,0.172,0.784,7.686,4.0
C102743,Company_2743,UK,Europe,1,Retail,10-Jan,2309.67,Starter,SMB_Inside,SelfServe,2023-01-10,2023-04-11,0,0.19,5.9,1,0.0,0.0,336,0.0,0.0,0.0,0.0,0,0.0,0.0,0.0,0.0,0.0,1.0,2.0,3.0,-0.3333333333333333,5.6933333333333325,8.133333333333335,3.0
C102744,Company_2744,UK,Europe,1,Unknown,10-Jan,2064.26,Growth,SMB_Field,Outbound,2024-03-29,,1,0.04,4.9,0,1029.0,3.0625,336,365.0,1.0863095238095235,6495.259614573994,19.331129805279744,403,2509.83,626.0,3985.4296145739945,0.0,0.0,0.0,1.0,1.0,-0.15,5.25,8.4,1.0
C102745,Company_2745,France,Europe,1,Logistics,10-Jan,1772.89,Starter,SMB_Inside,Outbound,2023-02-05,2023-05-07,0,0.18,6.5,1,0.0,0.0,336,0.0,0.0,0.0,0.0,0,0.0,0.0,0.0,0.0,0.0,1.0,0.0,1.0,-0.09,21.45,21.7,1.0
C102746,Company_2746,Netherlands,Europe,1,Manufacturing,Nov-50,7187.35,Starter,SMB_Inside,Outbound,2023-09-16,2024-09-16,0,0.13,4.1,0,238.0,0.7083333333333334,336,81.0,0.2410714285714285,3357.379311995074,9.992200333318673,182,2564.27,56.0,793.1093119950741,0.0,0.0,0.0,1.0,1.0,-0.54,1.22,5.81,1.0
C102747,Company_2747,Germany,Europe,1,Unknown,10-Jan,1167.1,Growth,SMB_Inside,Inbound,2024-03-11,,1,0.16,2.9,0,974.0,2.8988095238095237,336,358.0,1.0654761904761905,6929.98665217473,20.624960274329553,425,2935.75,549.0,3994.23665217473,2.0,0.0,0.0,0.0,2.0,-0.1499999999999999,2.855,9.105,2.0
C102748,Company_2748,Australia,North America,0,Ecommerce,10-Jan,1962.4,Starter,SMB_Field,Inbound,2023-12-28,2024-06-28,0,0.59,3.8,1,172.0,0.4699453551912568,366,53.0,0.1448087431693989,2478.44,6.771693989071038,172,2478.44,0.0,0.0,0.0,0.0,0.0,0.0,0.0,0.0,0.0,0.0,0.0
C102749,Company_2749,France,Europe,1,Ecommerce,51-200,31700.93,Starter,MidMarket,SelfServe,2023-12-16,,1,0.01,9.3,0,333.0,0.9910714285714286,336,118.0,0.3511904761904761,4478.32536135013,13.32834928973253,181,2472.2,152.0,2006.1253613501303,1.0,0.0,0.0,0.0,1.0,-0.02,1.24,15.54,1.0
C102750,Company_2750,US,North America,0,Hospitality,10-Jan,1951.61,Starter,SMB_Inside,Inbound,2024-01-19,2024-04-19,0,0.24,5.3,1,100.0,0.273224043715847,366,41.0,0.1120218579234972,1295.65,3.540027322404372,100,1295.65,0.0,0.0,0.0,0.0,1.0,0.0,1.0,0.5,3.57,18.29,1.0
C102751,Company_2751,UK,Europe,1,Ecommerce,Nov-50,6787.2,Starter,SMB_Inside,Inbound,2023-08-07,2024-08-07,0,0.22,6.8,0,230.0,0.6845238095238095,336,80.0,0.238095238095238,2934.0570091290992,8.732312527169938,198,2430.29,32.0,503.76700912909905,0.0,1.0,0.0,2.0,3.0,0.1066666666666666,7.07,14.066666666666668,3.0
C102752,Company_2752,Spain,Europe,1,Retail,51-200,31655.79,Growth,MidMarket,Partner,2023-06-20,,1,0.25,5.2,0,1305.0,3.883928571428571,336,458.0,1.363095238095238,9020.931638959262,26.8480108302359,709,4918.48,596.0,4102.451638959262,0.0,1.0,1.0,0.0,2.0,-0.54,4.445,5.095000000000001,2.0
C102753,Company_2753,US,North America,0,Manufacturing,201-1000,133223.55,Enterprise,Enterprise,Inbound,2024-01-18,2024-07-19,0,0.5,9.2,0,1910.0,5.218579234972678,366,641.0,1.7513661202185793,5740.604748080555,15.684712426449602,1685,5165.18,225.0,575.4247480805548,0.0,0.0,0.0,1.0,1.0,0.27,0.74,7.39,1.0
C102754,Company_2754,France,Europe,1,Logistics,201-1000,132479.34,Enterprise,Enterprise,Partner,2023-04-03,,1,0.06,3.0,0,3346.0,9.958333333333334,336,1180.0,3.511904761904762,9960.139597387886,29.64327261127347,1782,5539.69,1564.0,4420.449597387887,1.0,0.0,0.0,0.0,1.0,0.15,1.38,8.41,1.0
C102755,Company_2755,Spain,Europe,1,Manufacturing,10-Jan,1295.23,Growth,SMB_Inside,Outbound,2023-10-29,,1,0.15,8.1,0,1347.0,4.008928571428571,336,461.0,1.3720238095238095,8969.90097691357,26.696133859861817,728,4794.68,619.0,4175.22097691357,0.0,0.0,1.0,0.0,1.0,0.29,3.75,6.71,1.0
C102756,Company_2756,US,North America,0,Wholesale,201-1000,84643.38,Growth,Enterprise,SelfServe,2023-08-01,2024-08-01,0,0.32,5.5,0,821.0,2.243169398907104,366,308.0,0.8415300546448088,5541.757133644723,15.141412933455529,709,4739.73,112.0,802.0271336447229,0.0,1.0,1.0,1.0,3.0,-0.1566666666666666,3.27,15.523333333333332,3.0
C102757,Company_2757,Australia,North America,0,Ecommerce,51-200,27443.99,Enterprise,MidMarket,Partner,2023-11-27,,1,0.25,6.6,0,3544.0,9.683060109289617,366,1232.0,3.366120218579235,10818.940738774449,29.559947373700673,1761,5420.97,1783.0,5397.9707387744465,0.0,2.0,2.0,0.0,4.0,0.0499999999999999,1.055,5.885,3.0
C102758,Company_2758,France,Europe,1,Healthcare,10-Jan,2082.31,Starter,SMB_Inside,Inbound,2023-01-09,,1,0.58,3.7,0,372.0,1.1071428571428572,336,152.0,0.4523809523809524,4867.720775306792,14.487264212222597,215,2741.99,157.0,2125.730775306792,1.0,0.0,1.0,0.0,2.0,-0.28,4.02,5.99,2.0
C102759,Company_2759,France,Europe,1,Professional Services,Nov-50,3863.03,Growth,SMB_Inside,SelfServe,2023-05-05,,1,0.34,5.8,0,1391.0,4.1398809523809526,336,532.0,1.5833333333333333,9135.8104063173,27.189911923563397,752,5008.59,639.0,4127.2204063173,2.0,0.0,2.0,0.0,4.0,0.045,18.085,21.645,4.0
C102760,Company_2760,Australia,North America,0,Hospitality,10-Jan,2331.58,Growth,SMB_Inside,Outbound,2023-08-31,,1,0.13,3.7,0,1484.0,4.054644808743169,366,519.0,1.4180327868852458,9743.06817638014,26.620404853497647,718,4873.76,766.0,4869.308176380138,0.0,0.0,1.0,2.0,3.0,0.13,1.4433333333333334,4.786666666666667,3.0
C102761,Company_2761,Netherlands,Europe,1,Unknown,51-200,39539.46,Starter,MidMarket,Outbound,2023-10-05,2024-10-05,0,0.28,5.8,0,257.0,0.7648809523809523,336,104.0,0.3095238095238095,3644.155677132477,10.845701420037134,199,2765.4,58.0,878.755677132477,0.0,1.0,0.0,0.0,1.0,0.41,6.94,17.51,1.0
C102762,Company_2762,Netherlands,Europe,1,Unknown,51-200,18523.65,Enterprise,MidMarket,Partner,2023-07-06,2024-07-06,0,0.21,7.3,0,1868.0,5.559523809523809,336,665.0,1.9791666666666667,5571.334261096199,16.581351967548212,1806,5390.16,62.0,181.17426109619936,0.0,0.0,1.0,0.0,1.0,0.47,3.83,4.53,1.0
C102763,Company_2763,UK,Europe,1,Manufacturing,10-Jan,2954.9,Starter,SMB_Inside,Partner,2023-11-11,2024-05-12,0,0.21,5.1,1,119.0,0.3541666666666667,336,36.0,0.1071428571428571,1808.3,5.381845238095238,119,1808.3,0.0,0.0,0.0,0.0,0.0,0.0,0.0,0.0,0.0,0.0,0.0
C102764,Company_2764,Netherlands,Europe,1,Unknown,201-1000,91914.89,Starter,Enterprise,SelfServe,2024-01-12,2025-01-12,0,0.09,7.5,0,348.0,1.0357142857142858,336,122.0,0.3630952380952381,4609.164468209743,13.71775139348138,164,2220.45,184.0,2388.714468209743,0.0,1.0,0.0,1.0,2.0,-0.0249999999999999,4.97,11.245,2.0
C102765,Company_2765,US,North America,0,Logistics,51-200,11097.26,Growth,MidMarket,Outbound,2023-10-08,2024-10-08,0,0.23,4.5,0,1072.0,2.92896174863388,366,391.0,1.0683060109289615,7437.412964189377,20.320800448604857,681,4762.03,391.0,2675.3829641893767,0.0,0.0,0.0,0.0,0.0,0.0,0.0,0.0,0.0
C102766,Company_2766,US,North America,0,Retail,51-200,19057.71,Growth,MidMarket,Outbound,2024-01-10,2025-01-10,0,0.08,9.4,0,1480.0,4.043715846994536,366,523.0,1.4289617486338797,9551.87397037836,26.098016312509184,727,4652.98,753.0,4898.893970378362,0.0,0.0,1.0,2.0,3.0,-0.1466666666666666,4.77,13.453333333333331,3.0
C102767,Company_2767,Netherlands,Europe,1,Unknown,51-200,39729.05,Growth,MidMarket,Outbound,2023-01-30,2024-01-31,0,0.4,6.1,1,129.0,0.3839285714285714,336,48.0,0.1428571428571428,803.98,2.3927976190476192,129,803.98,0.0,0.0,0.0,0.0,0.0,0.0,0.0,0.0,0.0,0.0,0.0
C102768,Company_2768,Germany,Europe,1,Unknown,Nov-50,9956.53,Starter,SMB_Inside,Outbound,2024-02-06,2024-08-07,0,0.09,8.2,0,185.0,0.5505952380952381,336,65.0,0.1934523809523809,2546.8245606432965,7.579835001914573,146,2079.94,39.0,466.8845606432964,1.0,0.0,0.0,2.0,3.0,-0.0033333333333333,1.5599999999999998,9.623333333333331,3.0
C102769,Company_2769,UK,Europe,1,Healthcare,10-Jan,2021.58,Growth,SMB_Inside,Inbound,2023-12-02,,1,0.17,7.0,0,1328.0,3.952380952380953,336,485.0,1.443452380952381,8875.158912497644,26.41416343005251,716,4849.18,612.0,4025.9789124976433,1.0,1.0,1.0,0.0,3.0,0.0033333333333333,1.9433333333333336,9.78,3.0
C102770,Company_2770,Germany,Europe,1,Wholesale,Nov-50,9444.92,Growth,SMB_Inside,SelfServe,2023-03-15,,1,0.22,4.6,0,1386.0,4.125,336,484.0,1.4404761904761905,8994.49003714432,26.769315586739047,723,4897.2,663.0,4097.29003714432,0.0,1.0,0.0,1.0,2.0,0.13,9.895,14.57,1.0
C102771,Company_2771,UK,Europe,1,Professional Services,51-200,34706.18,Growth,MidMarket,Outbound,2023-07-21,2024-07-21,0,0.11,5.3,0,870.0,2.5892857142857144,336,316.0,0.9404761904761904,5665.827713056778,16.862582479335646,780,5051.98,90.0,613.8477130567779,0.0,0.0,0.0,1.0,1.0,-0.45,0.85,3.73,1.0
C102772,Company_2772,Germany,Europe,1,Healthcare,Nov-50,8620.92,Growth,SMB_Inside,Inbound,2023-02-09,2024-02-10,0,0.2,4.5,1,168.0,0.5,336,51.0,0.1517857142857142,1014.84,3.0203571428571427,168,1014.84,0.0,0.0,1.0,2.0,0.0,0.0,3.0,0.1433333333333333,1.78,14.673333333333334,2.0
C102773,Company_2773,Australia,North America,0,Manufacturing,201-1000,103067.84,Growth,Enterprise,Partner,2023-12-11,2024-12-11,0,0.1,5.7,0,1320.0,3.60655737704918,366,440.0,1.2021857923497268,8943.375502819223,24.435452193495145,686,4782.57,634.0,4160.805502819224,1.0,0.0,1.0,2.0,4.0,-0.005,3.6575,7.7325,3.0
C102774,Company_2774,Germany,Europe,1,Hospitality,51-200,14617.4,Enterprise,MidMarket,Inbound,2024-02-12,2025-02-12,0,0.1,8.4,0,2799.0,8.330357142857142,336,948.0,2.8214285714285716,8805.606934475487,26.20716349546276,1321,4152.28,1478.0,4653.326934475487,1.0,1.0,1.0,3.0,6.0,-0.1766666666666666,2.4283333333333332,11.155,6.0
C102775,Company_2775,Spain,Europe,1,Wholesale,1000+,178491.84,Growth,Enterprise,SelfServe,2023-12-20,,1,0.1,5.7,0,1381.0,4.1101190476190474,336,494.0,1.4702380952380951,9045.663083388985,26.921616319610074,744,4880.74,637.0,4164.923083388986,0.0,1.0,0.0,1.0,2.0,0.145,2.96,6.35,2.0
C102776,Company_2776,Netherlands,Europe,1,Manufacturing,1000+,416900.94,Growth,Enterprise,Inbound,2024-03-14,2025-03-15,0,0.02,8.5,0,1038.0,3.0892857142857144,336,399.0,1.1875,7122.570411234631,21.198126223912592,421,2924.21,617.0,4198.360411234631,0.0,0.0,0.0,1.0,1.0,-0.1,9.56,11.99,1.0
C102777,Company_2777,US,North America,0,Wholesale,10-Jan,1199.9,Starter,SMB_Inside,SelfServe,2024-03-13,2024-09-12,0,0.31,4.0,0,181.0,0.494535519125683,366,60.0,0.1639344262295081,2394.0282458374477,6.5410607809766335,111,1387.31,70.0,1006.7182458374476,0.0,0.0,0.0,1.0,1.0,-0.21,0.1,1.08,1.0
C102778,Company_2778,UK,Europe,1,Wholesale,10-Jan,2533.07,Growth,SMB_Inside,Outbound,2023-05-21,,1,0.09,7.8,0,1371.0,4.080357142857143,336,476.0,1.4166666666666667,9188.608534949237,27.34704921115844,758,5127.37,613.0,4061.238534949237,0.0,0.0,1.0,1.0,2.0,0.21,4.205,6.415,2.0
C102779,Company_2779,US,North America,0,Unknown,10-Jan,2334.75,Growth,SMB_Field,SelfServe,2024-02-28,2024-08-29,0,0.16,8.4,0,772.0,2.109289617486339,366,274.0,0.7486338797814208,5053.703997609114,13.807934419697032,506,3374.41,266.0,1679.293997609114,0.0,0.0,1.0,0.0,1.0,-0.11,11.95,13.82,1.0
C102780,Company_2780,Germany,Europe,1,Ecommerce,201-1000,144825.28,Enterprise,Enterprise,Inbound,2024-02-07,2024-08-08,0,0.3,3.7,0,1886.0,5.613095238095238,336,665.0,1.9791666666666667,5503.520921580933,16.379526552324204,1491,4347.18,395.0,1156.3409215809324,0.0,1.0,2.0,1.0,4.0,-0.095,1.3025,4.5275,2.0
C102781,Company_2781,UK,Europe,1,Unknown,51-200,27108.65,Growth,MidMarket,SelfServe,2023-11-11,2024-11-11,0,0.16,6.5,0,1121.0,3.3363095238095237,336,372.0,1.1071428571428572,7312.963479113198,21.76477225926547,739,4667.53,382.0,2645.4334791131987,0.0,0.0,1.0,0.0,1.0,-0.01,5.51,15.87,1.0
C102782,Company_2782,Netherlands,Europe,1,Ecommerce,Nov-50,9195.77,Starter,SMB_Inside,Outbound,2023-10-28,2024-10-28,0,0.53,4.9,0,257.0,0.7648809523809523,336,89.0,0.2648809523809524,3669.6901669281383,10.921696925381363,158,2387.88,99.0,1281.8101669281382,0.0,1.0,0.0,0.0,1.0,-0.27,4.0,16.36,1.0
C102783,Company_2783,US,North America,0,Ecommerce,201-1000,90176.82,Enterprise,Enterprise,Inbound,2023-04-10,,1,0.23,5.3,0,3673.0,10.03551912568306,366,1304.0,3.5628415300546448,10861.835662873857,29.677146619873923,1880,5352.76,1793.0,5509.075662873857,0.0,0.0,1.0,1.0,2.0,-0.025,3.575,4.505,2.0
C102784,Company_2784,Canada,North America,0,Retail,10-Jan,1001.19,Starter,SMB_Inside,SelfServe,2023-02-23,2023-05-25,0,0.21,5.8,1,0.0,0.0,366,0.0,0.0,0.0,0.0,0,0.0,0.0,0.0,0.0,1.0,0.0,1.0,2.0,-0.195,4.765,12.975,1.0
C102785,Company_2785,France,Europe,1,Unknown,Nov-50,3591.6,Starter,SMB_Inside,Partner,2024-03-25,2025-03-26,0,0.06,4.4,0,241.0,0.7172619047619048,336,85.0,0.2529761904761904,3490.9958168778526,10.389868502612655,95,1308.89,146.0,2182.1058168778527,0.0,1.0,0.0,0.0,1.0,-0.54,2.56,3.03,0.0
C102786,Company_2786,Australia,North America,0,Hospitality,10-Jan,1520.19,Starter,SMB_Field,SelfServe,2023-04-22,,1,0.07,7.7,0,383.0,1.046448087431694,366,123.0,0.3360655737704918,5171.243608775006,14.129080898292363,194,2658.22,189.0,2513.023608775006,0.0,1.0,0.0,1.0,2.0,0.42,6.535,10.11,2.0
C102787,Company_2787,France,Europe,1,Logistics,10-Jan,1793.32,Starter,SMB_Inside,Inbound,2023-04-09,2024-04-09,0,0.12,3.8,1,99.0,0.2946428571428571,336,29.0,0.0863095238095238,1397.63,4.159613095238096,99,1397.63,0.0,0.0,0.0,1.0,1.0,1.0,3.0,0.2266666666666666,4.3566666666666665,18.743333333333332,3.0
C102788,Company_2788,Canada,North America,0,Unknown,51-200,12739.05,Growth,MidMarket,Partner,2023-11-18,,1,0.17,6.6,0,1466.0,4.005464480874317,366,494.0,1.349726775956284,9546.485666186289,26.083294169907887,726,4688.99,740.0,4857.495666186287,0.0,0.0,0.0,1.0,1.0,-0.06,2.62,11.25,1.0
C102789,Company_2789,Australia,North America,0,Ecommerce,10-Jan,2144.7,Starter,SMB_Inside,Partner,2023-12-26,,1,0.42,6.4,0,374.0,1.0218579234972678,366,134.0,0.366120218579235,5179.229599080217,14.150900543935018,193,2780.29,181.0,2398.939599080217,0.0,0.0,0.0,0.0,0.0,0.0,0.0,0.0,0.0
C102790,Company_2790,US,North America,0,Wholesale,10-Jan,2028.95,Starter,SMB_Inside,Outbound,2024-01-23,2025-01-23,0,0.04,6.7,0,331.0,0.9043715846994536,366,126.0,0.3442622950819672,4920.563003731532,13.444161212381236,160,2277.23,171.0,2643.333003731532,0.0,0.0,1.0,0.0,1.0,-0.33,2.59,9.13,1.0
C102791,Company_2791,Spain,Europe,1,Retail,Nov-50,3152.23,Growth,SMB_Field,Partner,2024-02-22,2025-02-22,0,0.11,6.5,0,1143.0,3.4017857142857144,336,426.0,1.2678571428571428,7698.804479280059,22.91310856928589,524,3517.56,619.0,4181.244479280059,1.0,0.0,0.0,1.0,2.0,0.11,3.32,22.86,0.0
C102792,Company_2792,Canada,North America,0,Unknown,10-Jan,2193.53,Starter,SMB_Inside,SelfServe,2024-03-02,2024-09-01,0,0.1,4.2,0,188.0,0.5136612021857924,366,68.0,0.1857923497267759,2526.0520351018267,6.901781516671658,125,1713.38,63.0,812.6720351018269,0.0,0.0,0.0,0.0,0.0,0.0,0.0,0.0,0.0
C102793,Company_2793,Germany,Europe,1,Logistics,51-200,39821.66,Enterprise,MidMarket,Inbound,2023-01-08,,1,0.17,7.6,0,3380.0,10.05952380952381,336,1156.0,3.4404761904761907,10028.317047609204,29.846181689313102,1802,5292.63,1578.0,4735.687047609203,1.0,0.0,2.0,0.0,3.0,0.0233333333333333,1.2033333333333334,9.103333333333332,3.0
C102794,Company_2794,Spain,Europe,1,Unknown,51-200,12122.47,Growth,MidMarket,Outbound,2023-06-28,,1,0.15,6.5,0,1296.0,3.857142857142857,336,454.0,1.3511904761904765,9053.493385084908,26.94492078894318,702,4995.25,594.0,4058.243385084909,0.0,2.0,0.0,0.0,2.0,-0.11,1.19,11.0,2.0
C102795,Company_2795,Germany,Europe,1,Hospitality,10-Jan,1357.11,Starter,SMB_Inside,Inbound,2023-06-25,,1,0.19,5.4,0,324.0,0.9642857142857144,336,124.0,0.369047619047619,4498.824217301203,13.389357789586914,164,2331.61,160.0,2167.214217301203,0.0,0.0,0.0,0.0,0.0,0.0,0.0,0.0,0.0
C102796,Company_2796,France,Europe,1,Healthcare,51-200,11840.39,Growth,MidMarket,SelfServe,2024-01-22,2024-07-23,0,0.16,5.2,0,732.0,2.1785714285714284,336,221.0,0.6577380952380952,4907.209782316958,14.60479101880047,643,4260.82,89.0,646.3897823169575,1.0,1.0,0.0,0.0,2.0,-0.07,1.75,8.575,1.0
C102797,Company_2797,France,Europe,1,Wholesale,10-Jan,2437.63,Starter,SMB_Inside,Inbound,2023-03-10,2024-03-10,0,0.47,5.4,1,93.0,0.2767857142857143,336,37.0,0.1101190476190476,1102.72,3.281904761904762,93,1102.72,0.0,0.0,0.0,0.0,0.0,0.0,0.0,0.0,0.0,0.0,0.0
C102798,Company_2798,UK,Europe,1,Unknown,10-Jan,2043.82,Growth,SMB_Field,Partner,2024-02-04,2024-08-05,0,0.17,2.3,0,718.0,2.136904761904762,336,245.0,0.7291666666666666,5082.556982458759,15.126657685889164,584,4129.62,134.0,952.9369824587592,0.0,0.0,1.0,0.0,1.0,0.05,14.76,16.72,1.0
C102799,Company_2799,UK,Europe,1,Wholesale,1000+,157173.42,Growth,Enterprise,Inbound,2024-03-01,2024-08-31,0,0.19,5.8,0,713.0,2.1220238095238093,336,247.0,0.7351190476190477,4860.026261241826,14.464363872743531,469,3229.6,244.0,1630.4262612418263,0.0,0.0,0.0,1.0,1.0,0.16,0.1,6.07,1.0
C102800,Company_2800,Germany,Europe,1,Logistics,Nov-50,7625.85,Starter,SMB_Inside,SelfServe,2023-04-22,,1,0.27,6.2,0,321.0,0.9553571428571428,336,125.0,0.3720238095238095,4456.3708821508835,13.26300857783001,179,2380.07,142.0,2076.300882150883,0.0,1.0,1.0,0.0,2.0,-0.415,13.105,21.165,1.0
C102801,Company_2801,Spain,Europe,1,Hospitality,10-Jan,1599.12,Starter,SMB_Field,Outbound,2023-11-29,,1,0.18,5.7,0,358.0,1.0654761904761905,336,130.0,0.3869047619047619,4600.52304147833,13.692032861542648,191,2565.73,167.0,2034.7930414783305,1.0,0.0,1.0,0.0,2.0,0.19,3.655,18.82,2.0
C102802,Company_2802,Australia,North America,0,Unknown,Nov-50,6595.73,Growth,SMB_Field,SelfServe,2023-10-04,2024-10-04,0,0.07,7.8,0,1088.0,2.9726775956284155,366,394.0,1.0765027322404372,7344.245708304075,20.066245104655945,734,4911.66,354.0,2432.5857083040755,0.0,0.0,0.0,0.0,0.0,0.0,0.0,0.0,0.0
C102803,Company_2803,France,Europe,1,Wholesale,10-Jan,2690.82,Growth,SMB_Inside,SelfServe,2023-07-21,,1,0.34,6.3,0,1361.0,4.050595238095238,336,497.0,1.4791666666666667,8904.490607024802,26.50146013995477,729,4800.96,632.0,4103.530607024802,1.0,0.0,0.0,0.0,1.0,-0.2,2.77,7.04,1.0
C102804,Company_2804,France,Europe,1,Manufacturing,10-Jan,2602.79,Starter,SMB_Field,Inbound,2023-05-05,,1,0.16,5.3,0,311.0,0.925595238095238,336,132.0,0.3928571428571428,4615.062439123661,13.735304878344229,171,2482.61,140.0,2132.4524391236605,0.0,1.0,1.0,1.0,3.0,-0.0466666666666666,3.31,7.163333333333334,3.0
C102805,Company_2805,France,Europe,1,Manufacturing,10-Jan,1471.81,Starter,SMB_Inside,Outbound,2023-07-29,2023-10-28,0,0.26,8.4,1,0.0,0.0,336,0.0,0.0,0.0,0.0,0,0.0,0.0,0.0,0.0,0.0,0.0,0.0,0.0,0.0,0.0,0.0,0.0
C102806,Company_2806,France,Europe,1,Hospitality,Nov-50,7567.74,Starter,SMB_Inside,Inbound,2023-02-25,2024-02-26,0,0.45,6.4,1,57.0,0.1696428571428571,336,13.0,0.0386904761904761,857.38,2.5517261904761903,57,857.38,0.0,0.0,0.0,1.0,1.0,0.0,2.0,0.135,1.37,5.195,2.0
C102807,Company_2807,Australia,North America,0,Unknown,10-Jan,2909.76,Growth,SMB_Inside,Partner,2023-06-14,,1,0.02,5.2,0,1486.0,4.060109289617486,366,519.0,1.4180327868852458,9691.385051215724,26.47919412900471,690,4711.97,796.0,4979.415051215724,2.0,0.0,1.0,1.0,4.0,0.0499999999999999,10.325,12.365,3.0
C102808,Company_2808,Spain,Europe,1,Professional Services,Nov-50,3834.27,Enterprise,SMB_Inside,Inbound,2023-12-26,2024-12-26,0,0.39,6.0,0,3177.0,9.455357142857142,336,1106.0,3.2916666666666665,9929.11061721314,29.550924455991485,1767,5504.07,1410.0,4425.040617213138,0.0,1.0,1.0,0.0,2.0,0.0849999999999999,0.69,4.859999999999999,2.0
C102809,Company_2809,Netherlands,Europe,1,Hospitality,51-200,25488.6,Enterprise,MidMarket,Partner,2023-02-11,,1,0.22,6.3,0,3403.0,10.12797619047619,336,1145.0,3.4077380952380953,9903.197300038402,29.47380148820953,1842,5379.32,1561.0,4523.8773000384035,0.0,1.0,2.0,4.0,7.0,-0.2085714285714285,1.2571428571428571,5.451428571428572,7.0
C102810,Company_2810,Germany,Europe,1,Unknown,10-Jan,2113.1,Starter,SMB_Inside,Partner,2024-01-16,2024-07-17,0,0.18,4.3,0,178.0,0.5297619047619048,336,50.0,0.1488095238095238,2713.6692619348864,8.076396612901448,158,2391.81,20.0,321.85926193488643,0.0,0.0,0.0,0.0,0.0,0.0,0.0,0.0,0.0
C102811,Company_2811,France,Europe,1,Hospitality,51-200,32127.25,Enterprise,MidMarket,Outbound,2023-01-10,,1,0.42,4.8,0,3354.0,9.982142857142858,336,1185.0,3.5267857142857144,10134.848263773672,30.163238880278787,1817,5437.14,1537.0,4697.708263773673,2.0,0.0,2.0,2.0,6.0,-0.1666666666666666,2.075,9.133333333333336,5.0
C102812,Company_2812,Australia,North America,0,Logistics,Nov-50,9207.38,Enterprise,SMB_Field,Partner,2023-03-07,,1,0.27,5.4,0,3788.0,10.349726775956285,366,1307.0,3.57103825136612,11211.073428983484,30.63134816662154,1887,5572.09,1901.0,5638.9834289834835,2.0,1.0,0.0,1.0,4.0,-0.08,2.0725,12.87,4.0
C102813,Company_2813,Germany,Europe,1,Unknown,Nov-50,4077.93,Growth,SMB_Inside,Inbound,2023-10-03,2024-10-03,0,0.08,4.7,0,1000.0,2.9761904761904763,336,355.0,1.056547619047619,6886.462479912271,20.49542404735795,744,5126.22,256.0,1760.242479912271,2.0,0.0,2.0,0.0,4.0,-0.395,12.2875,20.85,4.0
C102814,Company_2814,UK,Europe,1,Unknown,51-200,31788.13,Enterprise,MidMarket,Outbound,2023-11-12,2024-05-13,0,0.12,6.5,1,1340.0,3.988095238095238,336,475.0,1.4136904761904765,3844.5,11.441964285714286,1340,3844.5,0.0,0.0,1.0,2.0,3.0,0.0,6.0,-0.1283333333333333,2.376666666666667,10.903333333333334,6.0
C102815,Company_2815,France,Europe,1,Manufacturing,Nov-50,7602.68,Enterprise,SMB_Inside,SelfServe,2023-10-29,,1,0.11,4.6,0,3163.0,9.413690476190476,336,1101.0,3.2767857142857144,10097.141703837277,30.051016975706176,1701,5443.27,1462.0,4653.871703837274,2.0,0.0,1.0,0.0,3.0,0.2566666666666666,2.0533333333333332,19.843333333333337,3.0
C102816,Company_2816,Netherlands,Europe,1,Retail,10-Jan,2369.56,Starter,SMB_Inside,Inbound,2023-07-30,,1,0.23,7.4,0,360.0,1.0714285714285714,336,111.0,0.3303571428571428,4802.5339652519115,14.293255848964025,184,2386.45,176.0,2416.083965251911,0.0,1.0,0.0,0.0,1.0,0.18,1.64,6.88,1.0
C102817,Company_2817,US,North America,0,Manufacturing,51-200,24005.45,Growth,MidMarket,Inbound,2023-01-17,,1,0.23,6.9,0,1406.0,3.841530054644809,366,493.0,1.3469945355191255,9564.753387894609,26.13320597785412,690,4834.69,716.0,4730.063387894608,2.0,0.0,0.0,0.0,2.0,-0.315,2.84,9.715,2.0
C102818,Company_2818,Netherlands,Europe,1,Ecommerce,10-Jan,2910.69,Starter,SMB_Field,Inbound,2023-05-04,,1,0.09,2.1,0,334.0,0.9940476190476192,336,117.0,0.3482142857142857,4615.349897456556,13.736160409096891,186,2632.39,148.0,1982.959897456556,0.0,0.0,1.0,0.0,1.0,0.28,6.32,21.71,1.0
C102819,Company_2819,Spain,Europe,1,Unknown,201-1000,128410.75,Growth,Enterprise,Outbound,2023-07-12,,1,0.07,7.0,0,1320.0,3.928571428571429,336,454.0,1.3511904761904765,8849.127694626997,26.336689567342255,769,4916.51,551.0,3932.6176946269966,0.0,1.0,1.0,0.0,2.0,-0.045,8.675,11.42,2.0
C102820,Company_2820,France,Europe,1,Unknown,10-Jan,2900.98,Starter,SMB_Inside,SelfServe,2023-11-24,,1,0.1,6.1,0,316.0,0.9404761904761904,336,124.0,0.369047619047619,4573.297756451972,13.611005227535632,171,2558.86,145.0,2014.4377564519723,0.0,0.0,1.0,1.0,2.0,-0.1,6.989999999999999,9.54,2.0
C102821,Company_2821,France,Europe,1,Retail,10-Jan,2980.94,Starter,SMB_Inside,Outbound,2024-01-30,,1,0.32,8.3,0,292.0,0.8690476190476191,336,109.0,0.3244047619047619,3913.259164021492,11.64660465482587,143,1979.69,149.0,1933.569164021492,0.0,0.0,0.0,0.0,0.0,0.0,0.0,0.0,0.0
C102822,Company_2822,Netherlands,Europe,1,Retail,10-Jan,2640.91,Growth,SMB_Inside,Partner,2023-07-27,2023-10-26,0,0.43,4.7,1,0.0,0.0,336,0.0,0.0,0.0,0.0,0,0.0,0.0,0.0,0.0,0.0,1.0,0.0,1.0,0.24,0.39,5.64,1.0
C102823,Company_2823,Australia,North America,0,Logistics,51-200,18315.2,Growth,MidMarket,SelfServe,2023-11-01,2024-11-01,0,0.14,5.4,0,1206.0,3.295081967213114,366,418.0,1.1420765027322404,8138.040438861963,22.235083166289517,719,4983.06,487.0,3154.9804388619623,1.0,0.0,1.0,0.0,2.0,0.335,16.925,17.98,2.0
C102824,Company_2824,Australia,North America,0,Unknown,51-200,31233.05,Growth,MidMarket,Outbound,2023-01-25,,1,0.26,6.5,0,1456.0,3.978142076502732,366,503.0,1.3743169398907105,9825.271593215324,26.845004353047333,729,4838.84,727.0,4986.431593215324,0.0,1.0,0.0,0.0,1.0,0.03,1.45,6.54,1.0
C102825,Company_2825,Australia,North America,0,Unknown,1000+,263904.4,Growth,Enterprise,SelfServe,2023-11-17,2024-11-17,0,0.22,6.8,0,1313.0,3.587431693989071,366,439.0,1.1994535519125684,8943.798946316954,24.436609142942498,763,5069.58,550.0,3874.2189463169534,0.0,0.0,1.0,2.0,3.0,-0.25,0.91,4.1000000000000005,2.0
C102826,Company_2826,Canada,North America,0,Wholesale,10-Jan,1013.99,Starter,SMB_Inside,Outbound,2023-04-24,,1,0.1,5.6,0,378.0,1.0327868852459017,366,139.0,0.3797814207650273,5025.904131790515,13.731978502159876,188,2528.21,190.0,2497.6941317905153,0.0,0.0,0.0,0.0,0.0,0.0,0.0,0.0,0.0
C102827,Company_2827,Australia,North America,0,Logistics,10-Jan,2951.05,Growth,SMB_Field,SelfServe,2024-02-27,2024-05-28,0,0.06,6.0,1,361.0,0.9863387978142076,366,130.0,0.3551912568306011,2541.75,6.944672131147541,361,2541.75,0.0,0.0,0.0,1.0,0.0,0.0,1.0,-0.19,8.61,8.66,1.0
C102828,Company_2828,Germany,Europe,1,Hospitality,10-Jan,1736.42,Growth,SMB_Field,SelfServe,2023-09-28,,1,0.13,4.8,0,1338.0,3.982142857142857,336,477.0,1.4196428571428572,9066.059177448968,26.98231898050288,699,4956.26,639.0,4109.799177448968,0.0,0.0,0.0,3.0,3.0,0.2333333333333333,5.64,15.11,3.0
C102829,Company_2829,UK,Europe,1,Wholesale,10-Jan,1892.9,Starter,SMB_Field,Inbound,2023-10-21,,1,0.15,6.4,0,332.0,0.988095238095238,336,115.0,0.3422619047619047,4651.712577046991,13.844382669782712,171,2334.05,161.0,2317.6625770469914,0.0,1.0,0.0,1.0,2.0,-0.03,4.015000000000001,12.85,2.0
C102830,Company_2830,Germany,Europe,1,Wholesale,10-Jan,2984.82,Starter,SMB_Inside,SelfServe,2024-01-07,,1,0.11,6.0,0,318.0,0.9464285714285714,336,117.0,0.3482142857142857,4512.747285052445,13.430795491227514,177,2476.23,141.0,2036.5172850524448,1.0,1.0,1.0,0.0,3.0,0.18,3.85,25.003333333333337,2.0
C102831,Company_2831,Germany,Europe,1,Professional Services,10-Jan,2390.47,Growth,SMB_Inside,Inbound,2024-03-13,2024-09-12,0,0.34,8.3,0,678.0,2.017857142857143,336,240.0,0.7142857142857143,4352.05058098398,12.952531491023748,427,2740.82,251.0,1611.2305809839795,0.0,1.0,0.0,1.0,2.0,-0.3349999999999999,8.715,15.155,2.0
C102832,Company_2832,UK,Europe,1,Ecommerce,Nov-50,9413.56,Starter,SMB_Inside,Inbound,2023-04-28,,1,0.06,9.3,0,328.0,0.9761904761904762,336,132.0,0.3928571428571428,4551.670577891636,13.546638624677488,178,2577.67,150.0,1974.0005778916357,0.0,0.0,0.0,0.0,0.0,0.0,0.0,0.0,0.0
C102833,Company_2833,Germany,Europe,1,Unknown,Nov-50,3432.61,Growth,SMB_Inside,SelfServe,2023-04-10,,1,0.06,9.3,0,1331.0,3.961309523809524,336,439.0,1.306547619047619,9025.668487292016,26.862108593131,719,4982.03,612.0,4043.6384872920153,1.0,1.0,0.0,0.0,2.0,-0.095,2.305,16.555,2.0
C102834,Company_2834,UK,Europe,1,Manufacturing,10-Jan,1073.46,Starter,SMB_Field,Outbound,2023-01-19,,1,0.1,6.9,0,296.0,0.8809523809523809,336,102.0,0.3035714285714285,4237.147846798008,12.610559067851211,164,2342.39,132.0,1894.757846798008,0.0,0.0,0.0,1.0,1.0,-0.11,10.62,11.5,1.0
C102835,Company_2835,US,North America,0,Ecommerce,10-Jan,1052.8,Starter,SMB_Inside,Inbound,2023-07-25,2024-01-24,0,0.17,6.0,1,29.0,0.0792349726775956,366,7.0,0.0191256830601092,333.67,0.9116666666666668,29,333.67,0.0,0.0,0.0,0.0,1.0,0.0,1.0,0.16,0.75,2.26,1.0
C102836,Company_2836,France,Europe,1,Professional Services,51-200,16081.29,Enterprise,MidMarket,Partner,2023-12-10,2024-12-10,0,0.1,6.6,0,3017.0,8.979166666666666,336,1051.0,3.1279761904761907,9319.173652918986,27.735635871782694,1754,5459.78,1263.0,3859.393652918985,0.0,1.0,0.0,1.0,2.0,-0.03,0.615,6.455,2.0
C102837,Company_2837,Spain,Europe,1,Unknown,10-Jan,2607.54,Growth,SMB_Inside,SelfServe,2023-04-13,,1,0.15,6.4,0,1330.0,3.9583333333333335,336,468.0,1.3928571428571428,8921.296272294372,26.55147700087611,721,4837.48,609.0,4083.816272294372,0.0,1.0,0.0,0.0,1.0,-0.28,0.37,4.11,1.0
C102838,Company_2838,Australia,North America,0,Professional Services,10-Jan,2528.75,Starter,SMB_Inside,Inbound,2023-09-03,2023-12-03,0,0.08,6.3,1,0.0,0.0,366,0.0,0.0,0.0,0.0,0,0.0,0.0,0.0,0.0,0.0,0.0,0.0,0.0,0.0,0.0,0.0,0.0
C102839,Company_2839,Canada,North America,0,Unknown,51-200,11582.53,Growth,MidMarket,Inbound,2024-01-12,2025-01-12,0,0.13,5.6,0,1466.0,4.005464480874317,366,524.0,1.4316939890710385,9749.331857514802,26.63751873637924,699,4771.19,767.0,4978.141857514803,1.0,1.0,1.0,3.0,6.0,-0.235,5.1066666666666665,17.46,5.0
C102840,Company_2840,Spain,Europe,1,Unknown,10-Jan,1969.92,Growth,SMB_Inside,Inbound,2023-10-15,2024-10-15,0,0.33,5.4,0,1069.0,3.181547619047619,336,374.0,1.113095238095238,6796.094818983122,20.226472675545008,737,4903.79,332.0,1892.3048189831225,0.0,1.0,0.0,0.0,1.0,-0.09,4.92,24.78,1.0
C102841,Company_2841,Canada,North America,0,Wholesale,10-Jan,2866.98,Starter,SMB_Field,Inbound,2023-11-21,2024-11-21,0,0.25,7.6,0,337.0,0.9207650273224044,366,110.0,0.3005464480874317,4440.328387514127,12.132044774628762,188,2374.13,149.0,2066.1983875141264,0.0,2.0,1.0,0.0,3.0,0.08,2.3233333333333337,8.656666666666668,3.0
C102842,Company_2842,Australia,North America,0,Unknown,10-Jan,2931.34,Starter,SMB_Field,Inbound,2023-11-29,2024-11-29,0,0.1,5.5,0,331.0,0.9043715846994536,366,134.0,0.366120218579235,4477.004748462875,12.232253411100752,195,2448.47,136.0,2028.5347484628753,0.0,0.0,0.0,0.0,0.0,0.0,0.0,0.0,0.0
C102843,Company_2843,France,Europe,1,Hospitality,51-200,37800.89,Enterprise,MidMarket,Inbound,2024-02-05,2025-02-05,0,0.13,8.7,0,2959.0,8.806547619047619,336,1046.0,3.113095238095238,9252.219614097225,27.536367899098884,1413,4586.62,1546.0,4665.599614097224,2.0,1.0,1.0,0.0,4.0,0.1175,2.6775,6.3275,4.0
C102844,Company_2844,Germany,Europe,1,Unknown,Nov-50,5527.11,Growth,SMB_Inside,Inbound,2023-09-07,2024-09-07,0,0.28,6.5,0,960.0,2.857142857142857,336,322.0,0.9583333333333334,6598.381355320114,19.63803974797653,733,4936.22,227.0,1662.1613553201146,0.0,0.0,1.0,0.0,1.0,0.27,9.44,18.42,1.0
C102845,Company_2845,Spain,Europe,1,Healthcare,Nov-50,6419.63,Starter,SMB_Inside,Inbound,2023-03-20,,1,0.05,5.7,0,316.0,0.9404761904761904,336,127.0,0.3779761904761904,4637.972536941473,13.803489693278191,167,2601.54,149.0,2036.4325369414728,0.0,0.0,0.0,0.0,0.0,0.0,0.0,0.0,0.0
C102846,Company_2846,France,Europe,1,Professional Services,10-Jan,1067.54,Growth,SMB_Field,Outbound,2023-12-09,2024-06-09,0,0.13,8.1,1,607.0,1.806547619047619,336,218.0,0.6488095238095238,4148.29,12.34610119047619,607,4148.29,0.0,0.0,1.0,1.0,1.0,1.0,4.0,-0.2724999999999999,1.63,12.8725,4.0
C102847,Company_2847,France,Europe,1,Unknown,51-200,35425.2,Starter,MidMarket,Partner,2023-08-26,,1,0.46,7.8,0,335.0,0.9970238095238096,336,129.0,0.3839285714285714,4798.900191467937,14.282441046035526,173,2555.75,162.0,2243.150191467937,0.0,0.0,0.0,0.0,0.0,0.0,0.0,0.0,0.0
C102848,Company_2848,Spain,Europe,1,Unknown,10-Jan,1586.82,Starter,SMB_Inside,Partner,2024-03-15,2024-09-14,0,0.03,8.1,0,169.0,0.5029761904761905,336,63.0,0.1875,2354.0965718523344,7.006239797179567,110,1514.21,59.0,839.8865718523342,0.0,0.0,0.0,1.0,1.0,-0.24,19.55,23.2,1.0
C102849,Company_2849,US,North America,0,Unknown,Nov-50,5481.28,Growth,SMB_Inside,SelfServe,2024-03-08,2025-03-09,0,0.13,7.9,0,1195.0,3.2650273224043715,366,429.0,1.1721311475409837,8106.618915664777,22.14923201001305,506,3151.5,689.0,4955.118915664777,0.0,2.0,1.0,0.0,3.0,-0.32,3.1733333333333333,9.99,3.0
C102850,Company_2850,US,North America,0,Unknown,10-Jan,2956.45,Starter,SMB_Inside,SelfServe,2024-03-03,,1,0.31,4.4,0,322.0,0.8797814207650273,366,112.0,0.3060109289617486,4302.749713594639,11.756146758455298,129,1610.83,193.0,2691.9197135946383,0.0,0.0,1.0,1.0,2.0,-0.165,2.515,8.91,2.0
C102851,Company_2851,US,North America,0,Hospitality,51-200,19257.62,Enterprise,MidMarket,Outbound,2023-11-13,,1,0.41,8.9,0,3641.0,9.948087431693988,366,1302.0,3.557377049180328,11149.145244214003,30.462145475994543,1814,5523.9,1827.0,5625.245244214004,1.0,0.0,2.0,1.0,4.0,-0.0525,2.555,5.535,4.0
C102852,Company_2852,Spain,Europe,1,Ecommerce,51-200,10506.96,Enterprise,MidMarket,Inbound,2023-05-27,,1,0.3,7.8,0,3349.0,9.967261904761903,336,1191.0,3.544642857142857,10117.175218353448,30.110640530813832,1838,5508.32,1511.0,4608.8552183534475,1.0,2.0,2.0,1.0,6.0,-0.15,1.49,6.113333333333333,6.0
C102853,Company_2853,Germany,Europe,1,Logistics,10-Jan,2696.63,Growth,SMB_Inside,Inbound,2023-07-02,2024-01-01,0,0.31,2.2,1,4.0,0.0119047619047619,336,1.0,0.0029761904761904,30.31,0.0902083333333333,4,30.31,0.0,0.0,0.0,1.0,0.0,1.0,2.0,-0.285,0.51,8.875,2.0
C102854,Company_2854,Germany,Europe,1,Unknown,Nov-50,7437.77,Starter,SMB_Inside,Inbound,2023-05-23,,1,0.18,7.8,0,346.0,1.0297619047619049,336,125.0,0.3720238095238095,4641.7251904344,13.814658304864286,190,2508.12,156.0,2133.605190434401,0.0,0.0,0.0,0.0,0.0,0.0,0.0,0.0,0.0
C102855,Company_2855,Germany,Europe,1,Hospitality,Nov-50,7207.36,Growth,SMB_Inside,Inbound,2024-03-23,2025-03-24,0,0.04,4.6,0,1024.0,3.047619047619047,336,349.0,1.0386904761904765,7083.34925809505,21.08139660147336,367,2598.43,657.0,4484.919258095049,0.0,1.0,1.0,1.0,3.0,-0.1566666666666666,4.056666666666667,6.803333333333334,3.0
C102856,Company_2856,Canada,North America,0,Professional Services,1000+,446847.6,Enterprise,Enterprise,Inbound,2024-01-11,2024-07-12,0,0.16,7.2,0,1841.0,5.030054644808743,366,656.0,1.7923497267759565,5391.279677571165,14.730272343090617,1707,5009.77,134.0,381.5096775711652,0.0,2.0,2.0,3.0,7.0,0.0614285714285714,2.0485714285714285,5.597142857142857,6.0
C102857,Company_2857,France,Europe,1,Healthcare,Nov-50,5543.69,Growth,SMB_Inside,SelfServe,2023-09-08,2024-09-08,0,0.14,5.0,0,962.0,2.863095238095238,336,344.0,1.0238095238095235,6428.731738742405,19.133130174828587,729,4885.2,233.0,1543.5317387424047,1.0,0.0,0.0,0.0,1.0,-0.21,7.51,15.08,1.0
C102858,Company_2858,Spain,Europe,1,Unknown,51-200,28025.88,Starter,MidMarket,Partner,2023-11-30,2024-11-30,0,0.12,5.9,0,301.0,0.8958333333333334,336,108.0,0.3214285714285714,4445.177409722772,13.229694671793965,167,2453.15,134.0,1992.027409722772,0.0,0.0,0.0,1.0,1.0,-0.49,8.76,16.14,0.0
C102859,Company_2859,France,Europe,1,Unknown,51-200,23088.58,Growth,MidMarket,Outbound,2023-04-03,,1,0.12,10.0,0,1321.0,3.931547619047619,336,453.0,1.3482142857142858,8694.218103662943,25.87564911804447,724,4754.85,597.0,3939.3681036629423,0.0,0.0,0.0,1.0,1.0,-0.23,6.43,7.41,1.0
C102860,Company_2860,UK,Europe,1,Wholesale,51-200,37060.63,Growth,MidMarket,SelfServe,2023-10-18,2024-10-18,0,0.28,4.8,0,1091.0,3.2470238095238093,336,355.0,1.056547619047619,7233.613376016247,21.52861123814359,738,5029.86,353.0,2203.7533760162464,1.0,2.0,1.0,0.0,4.0,-0.2825,2.645,17.7825,3.0
C102861,Company_2861,Germany,Europe,1,Unknown,201-1000,82700.54,Starter,Enterprise,Outbound,2024-02-24,2025-02-24,0,0.09,5.4,0,284.0,0.8452380952380952,336,98.0,0.2916666666666667,3925.070346914374,11.681756984864208,119,1594.73,165.0,2330.340346914374,0.0,0.0,0.0,2.0,2.0,-0.105,2.54,3.854999999999999,2.0
C102862,Company_2862,UK,Europe,1,Professional Services,Nov-50,4362.29,Starter,SMB_Field,SelfServe,2023-04-04,,1,0.18,4.1,0,312.0,0.9285714285714286,336,107.0,0.3184523809523809,4377.524368191427,13.028346333903055,175,2388.06,137.0,1989.4643681914272,0.0,0.0,1.0,1.0,2.0,0.12,1.805,10.245,2.0
C102863,Company_2863,Netherlands,Europe,1,Logistics,51-200,33906.3,Enterprise,MidMarket,SelfServe,2023-12-15,2024-12-15,0,0.3,4.9,0,3168.0,9.428571428571429,336,1104.0,3.2857142857142856,9651.32526911458,28.724182348555296,1818,5435.44,1350.0,4215.8852691145785,1.0,3.0,1.0,2.0,7.0,-0.2628571428571428,3.04,10.618571428571428,6.0
C102864,Company_2864,Germany,Europe,1,Ecommerce,201-1000,67108.97,Enterprise,Enterprise,Inbound,2023-06-25,,1,0.12,9.1,0,3406.0,10.136904761904765,336,1194.0,3.5535714285714284,10209.46792796179,30.385321214171995,1843,5488.66,1563.0,4720.8079279617905,2.0,1.0,0.0,0.0,3.0,-0.0866666666666666,2.3800000000000003,14.43,3.0
C102865,Company_2865,UK,Europe,1,Logistics,Nov-50,9427.87,Starter,SMB_Field,SelfServe,2024-01-30,2025-01-30,0,0.32,4.8,0,294.0,0.875,336,106.0,0.3154761904761904,4313.06163567115,12.836492963306991,139,1965.1,155.0,2347.96163567115,1.0,0.0,0.0,0.0,1.0,0.19,2.75,5.58,1.0
C102866,Company_2866,France,Europe,1,Manufacturing,201-1000,144932.99,Enterprise,Enterprise,Outbound,2023-07-26,2024-07-26,0,0.3,7.3,0,2088.0,6.214285714285714,336,735.0,2.1875,6061.773542384318,18.04099268566761,1824,5280.5,264.0,781.2735423843176,0.0,0.0,2.0,4.0,6.0,0.0183333333333333,2.3983333333333334,13.134999999999998,4.0
C102867,Company_2867,UK,Europe,1,Professional Services,10-Jan,2032.27,Enterprise,SMB_Field,Partner,2023-03-07,,1,0.27,4.1,0,3188.0,9.488095238095235,336,1099.0,3.2708333333333335,9973.118363151074,29.681899890330577,1742,5424.11,1446.0,4549.008363151074,1.0,0.0,0.0,2.0,3.0,-0.0733333333333333,1.32,6.433333333333333,3.0
C102868,Company_2868,France,Europe,1,Unknown,Nov-50,7656.33,Growth,SMB_Inside,Inbound,2023-10-19,2024-10-19,0,0.07,5.3,0,1106.0,3.2916666666666665,336,397.0,1.181547619047619,7022.080027009547,20.899047699433176,734,4724.17,372.0,2297.910027009547,2.0,0.0,0.0,1.0,3.0,-0.2366666666666667,9.15,17.19333333333333,3.0
C102869,Company_2869,Germany,Europe,1,Retail,1000+,274860.82,Growth,Enterprise,Partner,2023-05-26,,1,0.24,7.4,0,1289.0,3.836309523809524,336,465.0,1.3839285714285714,8855.085507002046,26.354421151791804,678,4701.25,611.0,4153.835507002047,0.0,1.0,1.0,0.0,2.0,0.0549999999999999,7.265,38.125,2.0
C102870,Company_2870,UK,Europe,1,Wholesale,Nov-50,7698.55,Growth,SMB_Inside,Partner,2023-07-28,2024-07-28,0,0.38,6.4,0,795.0,2.3660714285714284,336,262.0,0.7797619047619048,5719.922808436826,17.023579787014363,673,4897.47,122.0,822.4528084368264,0.0,0.0,1.0,0.0,1.0,-0.03,4.76,6.6,1.0
C102871,Company_2871,UK,Europe,1,Unknown,201-1000,132924.17,Enterprise,Enterprise,SelfServe,2023-11-18,2024-11-18,0,0.25,7.2,0,2890.0,8.601190476190476,336,994.0,2.9583333333333335,8667.144788877475,25.795073776421056,1814,5409.05,1076.0,3258.0947888774754,2.0,2.0,0.0,2.0,6.0,-0.04,1.495,8.08,6.0
C102872,Company_2872,Australia,North America,0,Wholesale,10-Jan,2704.75,Starter,SMB_Inside,Outbound,2023-02-27,,1,0.22,6.8,0,374.0,1.0218579234972678,366,149.0,0.407103825136612,5069.95019958,13.852322949672132,184,2738.27,190.0,2331.68019958,0.0,0.0,0.0,0.0,0.0,0.0,0.0,0.0,0.0
C102873,Company_2873,UK,Europe,1,Hospitality,10-Jan,1518.54,Growth,SMB_Field,SelfServe,2023-10-07,2024-10-07,0,0.32,7.5,0,1028.0,3.0595238095238093,336,355.0,1.056547619047619,6930.45718072453,20.626360656918244,760,5132.01,268.0,1798.4471807245304,1.0,2.0,2.0,1.0,6.0,-0.0066666666666666,9.833333333333334,20.2,6.0
C102874,Company_2874,US,North America,0,Ecommerce,10-Jan,2075.14,Starter,SMB_Field,Outbound,2024-02-07,2024-05-08,0,0.17,6.0,1,97.0,0.2650273224043716,366,32.0,0.087431693989071,1270.82,3.472185792349727,97,1270.82,0.0,0.0,0.0,0.0,0.0,0.0,0.0,0.0,0.0,0.0,0.0
C102875,Company_2875,UK,Europe,1,Retail,51-200,30396.08,Starter,MidMarket,SelfServe,2023-07-02,2024-07-02,0,0.56,4.2,0,181.0,0.5386904761904762,336,64.0,0.1904761904761904,2469.8676000243013,7.350796428643754,180,2467.61,1.0,2.257600024301392,0.0,0.0,0.0,0.0,0.0,0.0,0.0,0.0,0.0
C102876,Company_2876,US,North America,0,Wholesale,51-200,32810.31,Growth,MidMarket,SelfServe,2023-04-19,,1,0.2,6.7,0,1465.0,4.002732240437158,366,491.0,1.3415300546448088,9752.88198160912,26.647218528986667,728,4789.17,737.0,4963.711981609121,0.0,0.0,0.0,0.0,0.0,0.0,0.0,0.0,0.0
C102877,Company_2877,Australia,North America,0,Ecommerce,Nov-50,4585.08,Starter,SMB_Inside,Partner,2023-01-17,,1,0.05,7.1,0,364.0,0.994535519125683,366,137.0,0.3743169398907104,5131.551511423844,14.02063254487389,182,2662.83,182.0,2468.721511423844,0.0,0.0,1.0,0.0,1.0,0.17,0.22,0.33,1.0
C102878,Company_2878,Spain,Europe,1,Unknown,10-Jan,2156.15,Starter,SMB_Inside,Outbound,2023-08-08,2023-11-07,0,0.2,7.3,1,0.0,0.0,336,0.0,0.0,0.0,0.0,0,0.0,0.0,0.0,0.0,0.0,0.0,1.0,1.0,-0.58,17.75,25.35,1.0
C102879,Company_2879,UK,Europe,1,Retail,10-Jan,2740.07,Growth,SMB_Field,Inbound,2023-03-05,,1,0.11,7.1,0,1295.0,3.8541666666666665,336,455.0,1.3541666666666667,8923.66168531257,26.55851692057313,699,4716.1,596.0,4207.56168531257,0.0,1.0,1.0,0.0,2.0,-0.085,3.01,41.15,2.0
C102880,Company_2880,Canada,North America,0,Retail,10-Jan,2593.41,Starter,SMB_Inside,SelfServe,2023-10-16,2024-04-16,0,0.24,7.1,1,111.0,0.3032786885245901,366,42.0,0.1147540983606557,1433.46,3.916557377049181,111,1433.46,0.0,0.0,0.0,1.0,0.0,0.0,1.0,0.26,26.29,30.4,1.0
C102881,Company_2881,France,Europe,1,Unknown,10-Jan,2932.18,Starter,SMB_Inside,Partner,2023-10-28,2024-10-28,0,0.17,7.4,0,273.0,0.8125,336,99.0,0.2946428571428571,3551.9039255755088,10.571142635641396,172,2401.16,101.0,1150.743925575509,1.0,0.0,1.0,0.0,2.0,-0.1649999999999999,3.22,5.975,2.0
C102882,Company_2882,US,North America,0,Unknown,Nov-50,5911.21,Growth,SMB_Inside,SelfServe,2024-03-06,2024-09-05,0,0.51,9.0,0,721.0,1.969945355191257,366,235.0,0.6420765027322405,4828.3724267236785,13.192274389955406,449,3068.65,272.0,1759.7224267236782,0.0,0.0,0.0,1.0,1.0,-0.29,6.15,7.19,1.0
C102883,Company_2883,Canada,North America,0,Hospitality,Nov-50,7642.81,Starter,SMB_Inside,Outbound,2023-07-25,2024-07-25,0,0.06,6.8,0,216.0,0.5901639344262295,366,77.0,0.2103825136612022,2812.333377684789,7.683970977280844,193,2446.8,23.0,365.53337768478906,0.0,1.0,0.0,0.0,1.0,0.33,6.94,7.7,1.0
C102884,Company_2884,Netherlands,Europe,1,Ecommerce,201-1000,106174.52,Enterprise,Enterprise,Outbound,2023-02-09,,1,0.08,7.2,0,3353.0,9.979166666666666,336,1165.0,3.4672619047619047,10162.54281106853,30.245663128180148,1815,5566.41,1538.0,4596.132811068529,1.0,2.0,4.0,2.0,9.0,0.1477777777777777,1.8922222222222225,9.282222222222224,9.0
C102885,Company_2885,US,North America,0,Retail,10-Jan,1939.83,Starter,SMB_Field,Inbound,2023-11-15,2024-05-16,0,0.1,5.8,1,129.0,0.3524590163934426,366,37.0,0.1010928961748633,1835.94,5.016229508196721,129,1835.94,0.0,0.0,0.0,0.0,0.0,0.0,0.0,0.0,0.0,0.0,0.0
C102886,Company_2886,UK,Europe,1,Logistics,10-Jan,2721.25,Enterprise,SMB_Field,Outbound,2023-12-03,,1,0.31,4.7,0,3365.0,10.014880952380953,336,1153.0,3.431547619047619,10263.249663681732,30.54538590381468,1834,5586.56,1531.0,4676.689663681733,0.0,1.0,1.0,4.0,6.0,-0.3416666666666667,1.1483333333333332,8.168333333333333,5.0
C102887,Company_2887,Australia,North America,0,Retail,10-Jan,2825.78,Growth,SMB_Inside,Inbound,2023-02-12,,1,0.24,5.5,0,1517.0,4.144808743169399,366,502.0,1.371584699453552,10099.549428652566,27.594397346045263,756,5109.29,761.0,4990.259428652566,0.0,0.0,1.0,0.0,1.0,-0.26,12.98,24.53,1.0
C102888,Company_2888,UK,Europe,1,Healthcare,10-Jan,2710.28,Starter,SMB_Inside,SelfServe,2024-03-21,2024-09-20,0,0.38,4.8,0,162.0,0.4821428571428571,336,66.0,0.1964285714285714,2185.8350931054383,6.505461586623328,103,1383.82,59.0,802.0150931054385,1.0,1.0,0.0,0.0,2.0,0.095,5.015000000000001,22.905,2.0
C102889,Company_2889,Canada,North America,0,Retail,10-Jan,1960.07,Starter,SMB_Inside,Outbound,2023-08-04,2024-08-04,0,0.31,5.4,0,236.0,0.644808743169399,366,78.0,0.2131147540983606,3311.946131185558,9.049033145315732,205,2809.96,31.0,501.986131185558,0.0,0.0,0.0,0.0,0.0,0.0,0.0,0.0,0.0
C102890,Company_2890,Australia,North America,0,Unknown,Nov-50,5016.83,Growth,SMB_Inside,Partner,2024-03-24,2025-03-25,0,0.22,8.2,0,1166.0,3.185792349726776,366,418.0,1.1420765027322404,7658.304505386885,20.924329249690945,405,2687.93,761.0,4970.374505386884,0.0,0.0,1.0,0.0,1.0,0.58,11.26,15.82,1.0
C102891,Company_2891,UK,Europe,1,Retail,10-Jan,2770.38,Starter,SMB_Inside,Outbound,2023-07-06,2024-07-06,0,0.35,7.1,0,191.0,0.5684523809523809,336,76.0,0.2261904761904762,2458.8815815508947,7.318099945091949,188,2385.82,3.0,73.06158155089472,2.0,1.0,0.0,0.0,3.0,0.1033333333333333,15.313333333333333,24.986666666666668,3.0
C102892,Company_2892,France,Europe,1,Retail,51-200,13220.48,Growth,MidMarket,Outbound,2023-08-07,2024-08-07,0,0.25,8.2,0,865.0,2.574404761904762,336,293.0,0.8720238095238095,5807.285777954148,17.283588624863537,727,4829.01,138.0,978.275777954148,0.0,0.0,0.0,0.0,0.0,0.0,0.0,0.0,0.0
C102893,Company_2893,US,North America,0,Unknown,10-Jan,2135.78,Growth,SMB_Field,Partner,2023-12-16,2024-06-16,0,0.2,4.2,1,669.0,1.8278688524590163,366,233.0,0.6366120218579235,4322.82,11.810983606557375,669,4322.82,0.0,0.0,0.0,0.0,0.0,1.0,1.0,-0.41,0.18,15.6,0.0
C102894,Company_2894,Germany,Europe,1,Logistics,51-200,19343.54,Growth,MidMarket,Partner,2023-04-22,,1,0.37,7.7,0,1274.0,3.7916666666666665,336,443.0,1.318452380952381,9056.299732235428,26.95327301260544,696,4977.11,578.0,4079.189732235427,0.0,0.0,0.0,1.0,1.0,0.29,8.02,8.27,1.0
C102895,Company_2895,Canada,North America,0,Ecommerce,201-1000,108208.86,Enterprise,Enterprise,Inbound,2023-03-12,,1,0.15,4.7,0,3829.0,10.46174863387978,366,1312.0,3.584699453551913,10861.38505601498,29.675915453592843,1883,5281.83,1946.0,5579.55505601498,2.0,2.0,0.0,1.0,5.0,-0.1,1.282,12.33,4.0
C102896,Company_2896,Netherlands,Europe,1,Ecommerce,Nov-50,8416.15,Enterprise,SMB_Field,Partner,2023-07-14,2024-07-14,0,0.28,7.6,0,2013.0,5.991071428571429,336,703.0,2.0922619047619047,6007.088374661149,17.87823921030104,1889,5566.44,124.0,440.6483746611485,2.0,2.0,0.0,1.0,5.0,-0.0939999999999999,1.988,16.454,5.0
C102897,Company_2897,Canada,North America,0,Hospitality,10-Jan,2311.73,Starter,SMB_Inside,Inbound,2023-07-30,2024-01-29,0,0.08,7.9,1,31.0,0.0846994535519125,366,6.0,0.0163934426229508,488.34,1.3342622950819674,31,488.34,0.0,0.0,0.0,0.0,0.0,0.0,0.0,0.0,0.0,0.0,0.0
C102898,Company_2898,Spain,Europe,1,Unknown,1000+,490358.01,Growth,Enterprise,Outbound,2023-11-09,2024-11-09,0,0.14,7.0,0,1115.0,3.318452380952381,336,397.0,1.181547619047619,7593.986647739413,22.60115073731968,697,4762.1,418.0,2831.886647739414,1.0,1.0,0.0,1.0,3.0,-0.3866666666666666,5.43,11.61,3.0
C102899,Company_2899,Australia,North America,0,Healthcare,51-200,30411.9,Growth,MidMarket,Partner,2023-05-04,,1,0.2,9.2,0,1431.0,3.9098360655737703,366,501.0,1.3688524590163935,10004.13232893514,27.333694887800924,738,4936.8,693.0,5067.332328935139,0.0,0.0,0.0,0.0,0.0,0.0,0.0,0.0,0.0
C102900,Company_2900,France,Europe,1,Healthcare,10-Jan,1252.72,Starter,SMB_Inside,Partner,2023-03-26,2023-06-25,0,0.48,3.9,1,0.0,0.0,336,0.0,0.0,0.0,0.0,0,0.0,0.0,0.0,1.0,0.0,0.0,0.0,1.0,-0.52,1.15,14.54,1.0
C102901,Company_2901,US,North America,0,Healthcare,201-1000,149908.74,Growth,Enterprise,Partner,2023-07-26,,1,0.11,6.2,0,1411.0,3.8551912568306017,366,492.0,1.3442622950819672,9687.41559058337,26.468348608151285,693,4730.02,718.0,4957.39559058337,1.0,0.0,0.0,1.0,2.0,-0.0549999999999999,2.24,8.535,2.0
C102902,Company_2902,Netherlands,Europe,1,Ecommerce,51-200,17569.68,Growth,MidMarket,Inbound,2024-03-07,2024-09-06,0,0.09,3.5,0,723.0,2.1517857142857144,336,242.0,0.7202380952380952,4753.454284259771,14.147185369820749,461,3147.09,262.0,1606.3642842597717,0.0,0.0,1.0,1.0,2.0,0.055,12.555,15.9,0.0
C102903,Company_2903,Germany,Europe,1,Logistics,10-Jan,1912.29,Starter,SMB_Inside,Partner,2023-07-26,,1,0.4,6.4,0,321.0,0.9553571428571428,336,113.0,0.3363095238095238,4453.626820062994,13.254841726377958,175,2445.68,146.0,2007.9468200629935,0.0,0.0,2.0,0.0,2.0,-0.26,5.905,15.64,2.0
C102904,Company_2904,US,North America,0,Unknown,10-Jan,2580.96,Enterprise,SMB_Field,Outbound,2023-09-13,,1,0.11,5.4,0,3637.0,9.937158469945356,366,1284.0,3.5081967213114753,10989.768165802758,30.026688977603165,1807,5500.78,1830.0,5488.988165802757,1.0,1.0,0.0,0.0,2.0,0.0349999999999999,1.19,22.26,2.0
C102905,Company_2905,France,Europe,1,Healthcare,Nov-50,3877.78,Enterprise,SMB_Inside,Outbound,2023-01-23,,1,0.24,7.0,0,3371.0,10.032738095238097,336,1206.0,3.5892857142857144,9829.751614332004,29.255213137892863,1856,5399.73,1515.0,4430.021614332002,1.0,1.0,1.0,1.0,4.0,-0.1625,2.1799999999999997,6.915,3.0
C102906,Company_2906,US,North America,0,Ecommerce,201-1000,127109.41,Enterprise,Enterprise,Inbound,2023-09-24,2024-09-24,0,0.21,7.7,0,2658.0,7.262295081967213,366,942.0,2.5737704918032787,8102.248388708747,22.137290679532097,1823,5536.85,835.0,2565.3983887087475,3.0,0.0,1.0,0.0,4.0,-0.19,1.22,10.82,4.0
C102907,Company_2907,Germany,Europe,1,Manufacturing,Nov-50,6711.21,Starter,SMB_Inside,Outbound,2023-03-11,2024-03-11,0,0.28,3.8,1,53.0,0.1577380952380952,336,23.0,0.0684523809523809,867.37,2.5814583333333334,53,867.37,0.0,0.0,1.0,1.0,0.0,0.0,2.0,0.145,2.755,8.155,1.0
C102908,Company_2908,Netherlands,Europe,1,Hospitality,51-200,39097.75,Enterprise,MidMarket,Outbound,2023-06-19,,1,0.16,6.0,0,3260.0,9.702380952380953,336,1132.0,3.369047619047619,9926.50853672459,29.543180168823184,1731,5382.03,1529.0,4544.47853672459,2.0,0.0,1.0,0.0,3.0,-0.43,1.39,30.03333333333333,3.0
C102909,Company_2909,France,Europe,1,Healthcare,10-Jan,1830.48,Starter,SMB_Inside,Inbound,2024-03-04,,1,0.19,6.7,0,285.0,0.8482142857142857,336,85.0,0.2529761904761904,3969.75684560304,11.814752516675716,126,1697.59,159.0,2272.16684560304,0.0,0.0,0.0,0.0,0.0,0.0,0.0,0.0,0.0
C102910,Company_2910,Germany,Europe,1,Logistics,51-200,11526.01,Enterprise,MidMarket,Inbound,2023-05-28,,1,0.14,6.4,0,3299.0,9.81845238095238,336,1113.0,3.3125,10188.69285394807,30.32349063675021,1768,5548.53,1531.0,4640.16285394807,0.0,2.0,1.0,1.0,4.0,0.03,2.0325,5.415,4.0
C102911,Company_2911,Spain,Europe,1,Retail,10-Jan,2366.49,Growth,SMB_Inside,SelfServe,2023-06-14,2024-06-14,0,0.05,8.1,1,631.0,1.8779761904761905,336,225.0,0.6696428571428571,4433.87,13.196041666666666,631,4433.87,0.0,0.0,1.0,1.0,0.0,0.0,2.0,0.005,4.785,7.04,2.0
C102912,Company_2912,US,North America,0,Wholesale,201-1000,111298.86,Growth,Enterprise,Inbound,2023-03-28,,1,0.31,4.7,0,1455.0,3.9754098360655736,366,523.0,1.4289617486338797,9779.43956597512,26.7197802349047,735,4764.72,720.0,5014.7195659751205,0.0,0.0,2.0,2.0,4.0,-0.165,1.5175,7.1225,4.0
C102913,Company_2913,US,North America,0,Unknown,51-200,21136.23,Growth,MidMarket,Inbound,2024-02-06,2024-08-07,0,0.04,7.0,0,687.0,1.8770491803278688,366,235.0,0.6420765027322405,4767.092807132563,13.024843735334873,535,3677.98,152.0,1089.1128071325631,0.0,0.0,1.0,0.0,1.0,0.01,3.09,11.32,0.0
C102914,Company_2914,UK,Europe,1,Wholesale,51-200,39876.64,Growth,MidMarket,Outbound,2023-07-18,2024-07-18,0,0.4,4.5,0,750.0,2.232142857142857,336,267.0,0.7946428571428571,5277.258492769715,15.706126466576531,688,4776.37,62.0,500.8884927697157,3.0,0.0,0.0,0.0,3.0,0.0333333333333333,6.1066666666666665,9.946666666666667,3.0
C102915,Company_2915,Germany,Europe,1,Retail,51-200,39778.91,Enterprise,MidMarket,Outbound,2024-01-14,2025-01-14,0,0.45,6.5,0,3260.0,9.702380952380953,336,1103.0,3.2827380952380953,9784.141411217892,29.119468485767538,1678,5193.12,1582.0,4591.021411217893,3.0,2.0,1.0,0.0,6.0,-0.0533333333333333,1.5466666666666666,12.01,5.0
C102916,Company_2916,Canada,North America,0,Unknown,Nov-50,7945.66,Starter,SMB_Field,Inbound,2024-02-26,2025-02-26,0,0.47,5.4,0,320.0,0.8743169398907104,366,97.0,0.2650273224043716,4269.060101743124,11.664098638642416,123,1582.36,197.0,2686.700101743123,0.0,0.0,0.0,0.0,0.0,0.0,0.0,0.0,0.0
C102917,Company_2917,Germany,Europe,1,Unknown,Nov-50,4442.41,Starter,SMB_Field,Inbound,2023-02-20,,1,0.11,3.7,0,289.0,0.8601190476190477,336,118.0,0.3511904761904761,4492.284472102054,13.369894262208494,153,2374.6,136.0,2117.684472102054,0.0,0.0,0.0,0.0,0.0,0.0,0.0,0.0,0.0
C102918,Company_2918,Netherlands,Europe,1,Wholesale,201-1000,120485.34,Growth,Enterprise,Partner,2023-10-01,2024-10-01,0,0.25,4.9,0,971.0,2.889880952380953,336,346.0,1.0297619047619049,6515.574079160655,19.391589521311474,714,4902.32,257.0,1613.254079160655,0.0,0.0,1.0,1.0,2.0,-0.18,1.61,4.675,2.0
C102919,Company_2919,Canada,North America,0,Unknown,10-Jan,2552.41,Starter,SMB_Inside,Inbound,2023-03-03,2023-09-02,0,0.09,6.6,1,0.0,0.0,366,0.0,0.0,0.0,0.0,0,0.0,0.0,0.0,0.0,0.0,0.0,0.0,0.0,0.0,0.0,0.0,0.0
C102920,Company_2920,UK,Europe,1,Ecommerce,10-Jan,2753.12,Starter,SMB_Inside,Inbound,2023-06-30,2023-12-30,0,0.22,4.4,1,0.0,0.0,336,0.0,0.0,0.0,0.0,0,0.0,0.0,0.0,1.0,0.0,1.0,0.0,2.0,0.325,4.6049999999999995,5.85,2.0
C102921,Company_2921,US,North America,0,Ecommerce,Nov-50,3007.05,Growth,SMB_Inside,Partner,2023-10-08,,1,0.2,5.7,0,1443.0,3.942622950819672,366,518.0,1.4153005464480874,9702.042238589229,26.508312127292974,746,4946.75,697.0,4755.292238589229,0.0,0.0,1.0,0.0,1.0,0.25,1.94,8.2,1.0
C102922,Company_2922,Netherlands,Europe,1,Healthcare,10-Jan,2223.73,Starter,SMB_Field,Inbound,2023-08-17,,1,0.2,6.9,0,346.0,1.0297619047619049,336,132.0,0.3928571428571428,4532.139534770665,13.488510520150788,201,2513.56,145.0,2018.5795347706648,0.0,0.0,1.0,0.0,1.0,0.13,3.11,19.36,1.0
C102923,Company_2923,US,North America,0,Ecommerce,201-1000,130674.46,Enterprise,Enterprise,Partner,2023-04-28,,1,0.29,7.7,0,3745.0,10.23224043715847,366,1314.0,3.5901639344262297,10818.023576861657,29.55744146683513,1871,5380.72,1874.0,5437.303576861656,3.0,2.0,0.0,0.0,5.0,0.03,1.33,12.5,5.0
C102924,Company_2924,France,Europe,1,Healthcare,10-Jan,2055.58,Starter,SMB_Inside,Inbound,2023-04-06,,1,0.02,6.6,0,360.0,1.0714285714285714,336,124.0,0.369047619047619,4956.559036774644,14.751663799924534,206,2804.93,154.0,2151.6290367746433,0.0,0.0,0.0,0.0,0.0,0.0,0.0,0.0,0.0
C102925,Company_2925,Netherlands,Europe,1,Healthcare,Nov-50,5211.72,Growth,SMB_Field,Outbound,2023-01-18,,1,0.37,8.9,0,1368.0,4.071428571428571,336,482.0,1.4345238095238095,9144.7853216555,27.21662298111756,743,4917.88,625.0,4226.905321655499,0.0,0.0,1.0,2.0,3.0,-0.3333333333333333,13.963333333333331,22.413333333333338,3.0
C102926,Company_2926,UK,Europe,1,Unknown,10-Jan,2820.07,Growth,SMB_Inside,Outbound,2023-11-11,,1,0.06,6.6,0,1307.0,3.889880952380953,336,459.0,1.3660714285714286,8718.852617077226,25.948966122253648,728,4730.48,579.0,3988.3726170772266,0.0,2.0,1.0,1.0,4.0,0.09,6.5725,10.4725,4.0
C102927,Company_2927,Germany,Europe,1,Retail,10-Jan,1304.55,Starter,SMB_Inside,Outbound,2024-02-20,2024-05-21,0,0.33,7.2,1,86.0,0.2559523809523809,336,31.0,0.0922619047619047,1250.69,3.722291666666667,86,1250.69,0.0,0.0,1.0,0.0,0.0,0.0,1.0,0.03,11.23,37.33,1.0
C102928,Company_2928,Canada,North America,0,Manufacturing,10-Jan,1540.3,Starter,SMB_Field,Inbound,2023-01-23,2024-01-24,0,0.09,4.3,1,22.0,0.0601092896174863,366,8.0,0.0218579234972677,346.25,0.9460382513661202,22,346.25,0.0,0.0,0.0,1.0,0.0,0.0,1.0,-0.2,5.69,10.41,1.0
C102929,Company_2929,UK,Europe,1,Manufacturing,51-200,39013.39,Enterprise,MidMarket,Partner,2023-08-05,,1,0.2,7.1,0,3370.0,10.029761904761903,336,1192.0,3.547619047619047,10195.890528505472,30.34491228721867,1883,5553.63,1487.0,4642.260528505474,1.0,1.0,1.0,1.0,4.0,0.0375,2.5175,13.94,4.0
C102930,Company_2930,Australia,North America,0,Healthcare,201-1000,81699.08,Growth,Enterprise,Outbound,2023-07-17,2024-07-17,0,0.3,5.7,0,788.0,2.1530054644808745,366,273.0,0.7459016393442623,5159.166888449465,14.096084394670669,716,4703.79,72.0,455.3768884494644,0.0,0.0,0.0,1.0,1.0,0.24,1.59,7.64,1.0
C102931,Company_2931,Canada,North America,0,Ecommerce,Nov-50,4668.23,Growth,SMB_Field,Partner,2023-03-22,,1,0.34,10.0,0,1525.0,4.166666666666667,366,523.0,1.4289617486338797,9876.788004334365,26.985759574684053,789,4968.13,736.0,4908.658004334364,0.0,1.0,2.0,1.0,4.0,0.0725,2.8675,6.495,4.0
C102932,Company_2932,US,North America,0,Manufacturing,51-200,38373.9,Growth,MidMarket,Outbound,2023-01-23,2023-07-25,0,0.09,6.4,1,0.0,0.0,366,0.0,0.0,0.0,0.0,0,0.0,0.0,0.0,0.0,1.0,2.0,0.0,3.0,0.1433333333333333,3.323333333333333,15.186666666666667,2.0
C102933,Company_2933,Spain,Europe,1,Manufacturing,Nov-50,6262.35,Starter,SMB_Inside,Partner,2023-10-28,2024-10-28,0,0.2,6.0,0,283.0,0.8422619047619048,336,108.0,0.3214285714285714,3924.013730317842,11.678612292612623,194,2603.69,89.0,1320.323730317842,0.0,0.0,0.0,0.0,0.0,0.0,0.0,0.0,0.0
C102934,Company_2934,US,North America,0,Unknown,51-200,14403.94,Growth,MidMarket,Outbound,2023-11-08,2024-11-08,0,0.2,6.6,0,1225.0,3.3469945355191255,366,432.0,1.180327868852459,7981.192040713003,21.806535630363395,695,4547.97,530.0,3433.222040713003,0.0,0.0,0.0,0.0,0.0,0.0,0.0,0.0,0.0
C102935,Company_2935,Australia,North America,0,Unknown,Nov-50,5624.52,Growth,SMB_Inside,Outbound,2024-01-04,2025-01-04,0,0.18,8.5,0,1509.0,4.122950819672131,366,502.0,1.371584699453552,9838.142417561405,26.880170539785254,755,4855.11,754.0,4983.032417561404,0.0,0.0,1.0,2.0,3.0,0.03,8.356666666666666,11.386666666666663,3.0
C102936,Company_2936,US,North America,0,Wholesale,Nov-50,9626.32,Starter,SMB_Inside,Inbound,2023-10-16,2024-10-16,0,0.34,2.9,0,313.0,0.855191256830601,366,100.0,0.273224043715847,4039.883162703799,11.03793213853497,188,2533.19,125.0,1506.693162703799,0.0,0.0,0.0,1.0,1.0,-0.7,1.54,17.74,1.0
C102937,Company_2937,US,North America,0,Hospitality,10-Jan,1753.04,Growth,SMB_Field,SelfServe,2024-01-17,2024-07-18,0,0.03,8.3,0,727.0,1.9863387978142075,366,251.0,0.6857923497267759,4844.121104211558,13.235303563419558,663,4364.36,64.0,479.761104211558,0.0,0.0,0.0,0.0,0.0,0.0,0.0,0.0,0.0
C102938,Company_2938,Germany,Europe,1,Healthcare,Nov-50,7818.17,Growth,SMB_Field,Inbound,2023-01-01,,1,0.15,10.0,0,1357.0,4.038690476190476,336,440.0,1.3095238095238095,9053.781128388337,26.94577716782243,730,4930.94,627.0,4122.841128388336,0.0,1.0,0.0,1.0,2.0,-0.0999999999999999,4.9399999999999995,9.22,1.0
C102939,Company_2939,Spain,Europe,1,Ecommerce,10-Jan,2729.87,Starter,SMB_Inside,Partner,2023-03-07,,1,0.08,5.7,0,327.0,0.9732142857142856,336,127.0,0.3779761904761904,4575.033300376095,13.616170536833616,177,2357.94,150.0,2217.0933003760956,0.0,1.0,0.0,0.0,1.0,-0.18,4.85,6.84,1.0
C102940,Company_2940,Canada,North America,0,Logistics,Nov-50,6993.23,Growth,SMB_Inside,Outbound,2023-04-07,,1,0.23,5.2,0,1445.0,3.948087431693989,366,493.0,1.3469945355191255,9793.638356689533,26.75857474505336,737,4869.13,708.0,4924.508356689531,0.0,1.0,0.0,1.0,2.0,-0.4499999999999999,3.79,22.61,2.0
C102941,Company_2941,Australia,North America,0,Manufacturing,10-Jan,1173.51,Starter,SMB_Field,Partner,2024-02-22,2024-08-23,0,0.17,6.1,0,209.0,0.5710382513661202,366,80.0,0.2185792349726776,2779.3383392576957,7.593820599064743,152,1973.59,57.0,805.7483392576956,0.0,1.0,0.0,2.0,3.0,0.2133333333333333,7.206666666666666,13.493333333333334,3.0
C102942,Company_2942,Australia,North America,0,Healthcare,Nov-50,8028.36,Growth,SMB_Inside,Inbound,2023-09-02,2024-09-02,0,0.16,6.7,0,981.0,2.680327868852459,366,332.0,0.907103825136612,6682.655578694973,18.25862179971304,744,4927.81,237.0,1754.845578694973,1.0,0.0,1.0,0.0,2.0,0.0849999999999999,4.09,29.1,2.0
C102943,Company_2943,Australia,North America,0,Unknown,51-200,34294.81,Enterprise,MidMarket,Partner,2023-10-05,2024-10-05,0,0.08,7.0,0,2858.0,7.808743169398907,366,1019.0,2.7841530054644807,8473.499383121747,23.15163765880259,1868,5570.48,990.0,2903.0193831217466,1.0,1.0,0.0,1.0,3.0,0.3133333333333333,1.7699999999999998,9.096666666666666,2.0
C102944,Company_2944,UK,Europe,1,Unknown,201-1000,92321.11,Growth,Enterprise,Partner,2023-02-20,,1,0.03,8.1,0,1327.0,3.949404761904762,336,449.0,1.3363095238095235,9122.90010564156,27.1514884096475,714,5011.81,613.0,4111.090105641559,0.0,0.0,2.0,2.0,4.0,-0.16,2.9825,6.805,3.0
C102945,Company_2945,US,North America,0,Hospitality,51-200,22749.03,Growth,MidMarket,Partner,2023-12-07,2024-12-07,0,0.18,6.7,0,1394.0,3.808743169398907,366,482.0,1.3169398907103824,9342.766738880666,25.526685078908923,759,4990.47,635.0,4352.296738880666,0.0,3.0,1.0,1.0,5.0,0.0679999999999999,6.975999999999999,16.624000000000002,5.0
C102946,Company_2946,France,Europe,1,Unknown,51-200,33305.85,Growth,MidMarket,Inbound,2023-11-30,2024-05-31,0,0.21,7.8,1,610.0,1.8154761904761905,336,207.0,0.6160714285714286,4017.79,11.957708333333333,610,4017.79,0.0,0.0,0.0,1.0,1.0,1.0,3.0,0.1,6.303333333333334,12.883333333333333,2.0
C102947,Company_2947,US,North America,0,Professional Services,51-200,19673.56,Enterprise,MidMarket,Partner,2023-03-23,,1,0.18,6.1,0,3667.0,10.019125683060109,366,1293.0,3.5327868852459017,10844.199471525577,29.628960304714692,1819,5421.45,1848.0,5422.749471525576,0.0,1.0,1.0,3.0,5.0,-0.162,1.004,5.9,5.0
C102948,Company_2948,Spain,Europe,1,Healthcare,Nov-50,6380.33,Growth,SMB_Inside,Outbound,2023-10-19,,1,0.12,7.0,0,1345.0,4.002976190476191,336,500.0,1.488095238095238,9059.209304977196,26.96193245528928,752,4964.93,593.0,4094.2793049771976,1.0,1.0,1.0,1.0,4.0,-0.0049999999999999,5.38,12.5725,4.0
C102949,Company_2949,Netherlands,Europe,1,Ecommerce,51-200,29785.34,Growth,MidMarket,Inbound,2024-02-14,2025-02-14,0,0.15,5.8,0,1144.0,3.4047619047619047,336,410.0,1.2202380952380951,7974.63626466666,23.734036501984107,533,3708.93,611.0,4265.706264666661,1.0,0.0,0.0,0.0,1.0,-0.36,4.36,7.1,1.0
C102950,Company_2950,UK,Europe,1,Unknown,Nov-50,3304.33,Growth,SMB_Inside,Outbound,2024-03-23,2025-03-24,0,0.1,6.6,0,938.0,2.7916666666666665,336,329.0,0.9791666666666666,6539.951175015674,19.464140401832363,359,2548.03,579.0,3991.9211750156737,2.0,0.0,0.0,0.0,2.0,0.075,4.41,5.619999999999999,2.0
C102951,Company_2951,US,North America,0,Retail,Nov-50,9933.75,Growth,SMB_Field,Outbound,2023-03-23,,1,0.35,6.2,0,1428.0,3.901639344262295,366,531.0,1.4508196721311477,9487.184060335772,25.92126792441468,689,4599.72,739.0,4887.464060335773,0.0,0.0,0.0,1.0,1.0,-0.33,1.12,7.86,1.0
C102952,Company_2952,Canada,North America,0,Unknown,10-Jan,2575.49,Starter,SMB_Inside,Partner,2023-09-01,,1,0.09,8.2,0,388.0,1.0601092896174864,366,131.0,0.3579234972677595,5031.745181894013,13.747937655448125,185,2269.64,203.0,2762.1051818940127,0.0,0.0,0.0,1.0,1.0,0.05,8.34,25.55,1.0
C102953,Company_2953,France,Europe,1,Professional Services,1000+,474855.06,Starter,Enterprise,SelfServe,2023-09-24,2024-09-24,0,0.39,5.9,0,271.0,0.8065476190476191,336,75.0,0.2232142857142857,3381.435222598739,10.06379530535339,204,2474.13,67.0,907.3052225987392,0.0,0.0,0.0,0.0,0.0,0.0,0.0,0.0,0.0
C102954,Company_2954,Canada,North America,0,Unknown,1000+,202074.52,Growth,Enterprise,SelfServe,2023-12-29,2024-12-29,0,0.55,3.9,0,1431.0,3.9098360655737703,366,501.0,1.3688524590163935,9862.414549340656,26.94648783972857,733,4984.18,698.0,4878.2345493406565,0.0,0.0,0.0,0.0,0.0,0.0,0.0,0.0,0.0
C102955,Company_2955,Netherlands,Europe,1,Unknown,10-Jan,2885.26,Growth,SMB_Inside,Inbound,2023-09-22,2024-09-22,0,0.06,7.0,0,975.0,2.9017857142857144,336,329.0,0.9791666666666666,6390.1220092915,19.01822026574851,744,4837.32,231.0,1552.8020092914996,2.0,1.0,1.0,1.0,5.0,0.0479999999999999,9.52,14.557999999999998,4.0
C102956,Company_2956,France,Europe,1,Unknown,51-200,13691.72,Enterprise,MidMarket,Outbound,2023-08-30,2024-08-30,0,0.35,6.1,0,2391.0,7.116071428571429,336,870.0,2.5892857142857144,7098.491158501444,21.1264617812543,1763,5411.52,628.0,1686.9711585014447,2.0,1.0,0.0,0.0,3.0,-0.1733333333333333,2.8033333333333332,14.910000000000002,3.0
C102957,Company_2957,Spain,Europe,1,Wholesale,Nov-50,6275.69,Growth,SMB_Inside,Inbound,2023-02-10,,1,0.01,7.5,0,1358.0,4.041666666666667,336,486.0,1.4464285714285714,9153.027877486544,27.24115439728138,723,4995.45,635.0,4157.577877486543,1.0,2.0,0.0,0.0,3.0,0.2333333333333333,4.756666666666667,9.916666666666666,3.0
C102958,Company_2958,US,North America,0,Hospitality,51-200,20225.04,Growth,MidMarket,Outbound,2024-02-25,2025-02-25,0,0.19,6.4,0,1229.0,3.3579234972677594,366,414.0,1.1311475409836065,8609.434259773663,23.5230444256111,497,3518.5,732.0,5090.934259773662,0.0,0.0,0.0,0.0,0.0,0.0,0.0,0.0,0.0
C102959,Company_2959,Netherlands,Europe,1,Hospitality,10-Jan,1322.64,Starter,SMB_Inside,Outbound,2024-03-18,,1,0.09,6.2,0,245.0,0.7291666666666666,336,87.0,0.2589285714285714,3404.969498872228,10.133837794262584,115,1463.84,130.0,1941.129498872228,0.0,0.0,0.0,3.0,3.0,-0.0033333333333333,1.68,2.94,3.0
C102960,Company_2960,UK,Europe,1,Professional Services,Nov-50,9332.38,Growth,SMB_Inside,Inbound,2023-01-12,,1,0.45,5.1,0,1394.0,4.148809523809524,336,509.0,1.5148809523809523,9017.44080955744,26.83762145701619,715,4724.7,679.0,4292.74080955744,1.0,0.0,0.0,1.0,2.0,0.0849999999999999,7.31,17.485,2.0
C102961,Company_2961,Spain,Europe,1,Unknown,Nov-50,4363.97,Growth,SMB_Inside,Outbound,2023-03-30,,1,0.11,7.8,0,1324.0,3.9404761904761902,336,458.0,1.363095238095238,8918.1051058068,26.541979481567857,696,4751.76,628.0,4166.3451058068,1.0,1.0,0.0,0.0,2.0,-0.04,6.5200000000000005,13.145,2.0
C102962,Company_2962,France,Europe,1,Retail,201-1000,141518.74,Growth,Enterprise,Inbound,2023-01-16,2023-07-18,0,0.3,4.2,1,0.0,0.0,336,0.0,0.0,0.0,0.0,0,0.0,0.0,0.0,0.0,0.0,0.0,0.0,0.0,0.0,0.0,0.0,0.0
C102963,Company_2963,Spain,Europe,1,Manufacturing,10-Jan,2486.09,Starter,SMB_Inside,Partner,2023-12-29,,1,0.34,4.7,0,358.0,1.0654761904761905,336,125.0,0.3720238095238095,4688.9816354387385,13.955302486424817,187,2364.36,171.0,2324.6216354387384,2.0,1.0,1.0,2.0,6.0,-0.2116666666666666,2.7533333333333334,7.543333333333333,4.0
C102964,Company_2964,Netherlands,Europe,1,Hospitality,51-200,14538.81,Enterprise,MidMarket,Inbound,2023-06-27,,1,0.45,3.4,0,3380.0,10.05952380952381,336,1152.0,3.4285714285714284,10303.21520831804,30.664330977137027,1774,5494.06,1606.0,4809.15520831804,0.0,2.0,1.0,1.0,4.0,-0.0725,1.14,7.18,4.0
C102965,Company_2965,Spain,Europe,1,Logistics,Nov-50,9207.06,Starter,SMB_Field,Outbound,2023-11-14,2024-11-14,0,0.22,3.0,0,324.0,0.9642857142857144,336,117.0,0.3482142857142857,3969.9256947843014,11.815255044000898,193,2447.23,131.0,1522.6956947843014,0.0,0.0,0.0,0.0,0.0,0.0,0.0,0.0,0.0
C102966,Company_2966,Netherlands,Europe,1,Hospitality,51-200,13680.54,Enterprise,MidMarket,Inbound,2023-01-06,,1,0.09,7.3,0,3306.0,9.839285714285714,336,1208.0,3.5952380952380953,10288.22709066684,30.6197234841275,1773,5573.12,1533.0,4715.107090666839,2.0,1.0,2.0,2.0,7.0,-0.0471428571428571,2.0557142857142856,10.101428571428572,6.0
C102967,Company_2967,UK,Europe,1,Professional Services,10-Jan,1564.08,Starter,SMB_Inside,Partner,2023-07-21,,1,0.16,5.2,0,342.0,1.0178571428571428,336,126.0,0.375,4788.0087772143415,14.250026122661732,175,2488.4,167.0,2299.608777214342,0.0,0.0,1.0,0.0,1.0,0.27,0.36,18.37,1.0
C102968,Company_2968,Germany,Europe,1,Ecommerce,201-1000,117382.0,Enterprise,Enterprise,SelfServe,2023-01-05,,1,0.24,5.1,0,3280.0,9.761904761904765,336,1118.0,3.327380952380953,10215.383834451111,30.402928078723544,1803,5634.39,1477.0,4580.993834451111,5.0,0.0,1.0,0.0,6.0,0.0566666666666666,1.875,9.865,5.0
C102969,Company_2969,Germany,Europe,1,Healthcare,10-Jan,1717.33,Enterprise,SMB_Field,Outbound,2023-08-24,2024-02-23,0,0.18,6.1,1,537.0,1.5982142857142858,336,222.0,0.6607142857142857,1581.75,4.707589285714286,537,1581.75,0.0,0.0,2.0,5.0,2.0,2.0,11.0,-0.1381818181818181,1.1490909090909092,9.402727272727274,11.0
C102970,Company_2970,Spain,Europe,1,Logistics,Nov-50,8975.06,Starter,SMB_Inside,Outbound,2023-07-02,2024-01-01,0,0.06,6.2,1,1.0,0.0029761904761904,336,0.0,0.0,19.39,0.0577083333333333,1,19.39,0.0,0.0,0.0,0.0,0.0,0.0,0.0,0.0,0.0,0.0,0.0
C102971,Company_2971,Spain,Europe,1,Unknown,10-Jan,1811.19,Starter,SMB_Inside,Partner,2023-04-10,2024-04-10,0,0.04,6.7,1,96.0,0.2857142857142857,336,32.0,0.0952380952380952,1337.55,3.980803571428571,96,1337.55,0.0,0.0,0.0,0.0,0.0,0.0,0.0,0.0,0.0,0.0,0.0
C102972,Company_2972,Canada,North America,0,Unknown,10-Jan,2553.82,Starter,SMB_Inside,Outbound,2023-05-29,,1,0.17,7.3,0,358.0,0.9781420765027322,366,124.0,0.3387978142076502,5137.364683194501,14.036515527853828,177,2639.31,181.0,2498.0546831945007,0.0,0.0,1.0,0.0,1.0,-0.06,4.59,5.45,1.0
C102973,Company_2973,Spain,Europe,1,Hospitality,10-Jan,2530.07,Starter,SMB_Inside,Partner,2023-08-28,2023-11-27,0,0.31,5.7,1,0.0,0.0,336,0.0,0.0,0.0,0.0,0,0.0,0.0,0.0,0.0,0.0,1.0,0.0,1.0,-0.06,18.21,22.12,1.0
C102974,Company_2974,UK,Europe,1,Ecommerce,10-Jan,1723.86,Starter,SMB_Inside,SelfServe,2023-05-14,2023-11-13,0,0.19,6.9,1,0.0,0.0,336,0.0,0.0,0.0,0.0,0,0.0,0.0,0.0,0.0,0.0,1.0,1.0,2.0,-0.325,7.97,11.795,2.0
C102975,Company_2975,Canada,North America,0,Professional Services,Nov-50,6480.61,Growth,SMB_Inside,Partner,2023-05-04,,1,0.13,8.2,0,1456.0,3.978142076502732,366,515.0,1.407103825136612,9671.026776977113,26.423570428899215,721,4915.27,735.0,4755.756776977112,0.0,0.0,1.0,1.0,2.0,0.035,10.815,14.175,2.0
C102976,Company_2976,Australia,North America,0,Unknown,1000+,189314.72,Enterprise,Enterprise,Inbound,2023-07-30,2024-07-30,0,0.36,4.1,0,2099.0,5.7349726775956285,366,726.0,1.9836065573770492,6339.266676998582,17.320400756826725,1794,5393.25,305.0,946.0166769985816,1.0,0.0,2.0,0.0,3.0,-0.0533333333333333,1.153333333333333,13.94,3.0
C102977,Company_2977,Spain,Europe,1,Hospitality,201-1000,125513.76,Growth,Enterprise,Inbound,2023-01-24,,1,0.2,4.3,0,1336.0,3.976190476190476,336,453.0,1.3482142857142858,8906.337784089988,26.506957690744013,685,4807.98,651.0,4098.357784089988,1.0,1.0,1.0,0.0,3.0,0.03,7.576666666666667,17.62,3.0
C102978,Company_2978,Canada,North America,0,Unknown,10-Jan,2821.95,Starter,SMB_Field,SelfServe,2023-09-29,,1,0.11,7.7,0,370.0,1.010928961748634,366,117.0,0.319672131147541,4607.198781002895,12.58797481148332,164,2276.78,206.0,2330.4187810028952,0.0,0.0,0.0,0.0,0.0,0.0,0.0,0.0,0.0
C102979,Company_2979,UK,Europe,1,Retail,Nov-50,4139.95,Starter,SMB_Field,Inbound,2023-06-02,,1,0.07,6.5,0,359.0,1.068452380952381,336,112.0,0.3333333333333333,4716.774469744224,14.038019255191143,191,2529.78,168.0,2186.9944697442243,1.0,0.0,0.0,0.0,1.0,-0.03,0.35,18.95,1.0
C102980,Company_2980,Canada,North America,0,Logistics,10-Jan,1831.47,Starter,SMB_Inside,Outbound,2024-03-24,2025-03-25,0,0.19,6.3,0,295.0,0.8060109289617486,366,101.0,0.2759562841530054,3691.7239046518066,10.086677335114226,105,1380.28,190.0,2311.4439046518064,0.0,0.0,0.0,0.0,0.0,0.0,0.0,0.0,0.0
C102981,Company_2981,France,Europe,1,Wholesale,10-Jan,2011.06,Starter,SMB_Inside,Inbound,2023-03-06,2023-06-05,0,0.31,3.8,1,0.0,0.0,336,0.0,0.0,0.0,0.0,0,0.0,0.0,0.0,1.0,1.0,0.0,1.0,3.0,-0.12,8.213333333333333,11.340000000000002,3.0
C102982,Company_2982,Germany,Europe,1,Unknown,201-1000,122111.49,Growth,Enterprise,Inbound,2024-03-13,2025-03-14,0,0.44,5.5,0,1051.0,3.1279761904761907,336,378.0,1.125,6948.83904320578,20.681068580969583,442,2884.31,609.0,4064.529043205781,2.0,0.0,1.0,2.0,5.0,-0.19,5.651999999999999,12.484,4.0
C102983,Company_2983,Spain,Europe,1,Unknown,51-200,25748.97,Growth,MidMarket,Partner,2023-08-01,2024-08-01,0,0.1,5.5,0,860.0,2.5595238095238093,336,298.0,0.8869047619047619,5938.526995407372,17.674187486331466,721,5062.66,139.0,875.8669954073716,0.0,0.0,1.0,0.0,1.0,0.11,7.3,8.74,1.0
C102984,Company_2984,Australia,North America,0,Unknown,201-1000,89752.57,Enterprise,Enterprise,Inbound,2023-09-11,2024-09-11,0,0.07,5.5,0,2509.0,6.855191256830601,366,846.0,2.3114754098360657,7587.187491256635,20.7300204679143,1781,5535.48,728.0,2051.707491256634,0.0,0.0,4.0,1.0,5.0,-0.094,2.0439999999999996,13.047999999999998,5.0
C102985,Company_2985,Canada,North America,0,Unknown,10-Jan,1554.66,Starter,SMB_Field,Outbound,2023-03-30,,1,0.27,4.4,0,363.0,0.9918032786885246,366,124.0,0.3387978142076502,4966.9576678763,13.570922589825956,160,2415.47,203.0,2551.4876678763,0.0,0.0,1.0,0.0,1.0,0.09,5.18,6.61,1.0
C102986,Company_2986,Spain,Europe,1,Unknown,51-200,20681.41,Starter,MidMarket,SelfServe,2023-11-15,2024-11-15,0,0.12,6.5,0,281.0,0.8363095238095238,336,106.0,0.3154761904761904,3867.192423758754,11.509501261186768,168,2455.12,113.0,1412.072423758754,1.0,0.0,0.0,0.0,1.0,-0.14,17.62,23.01,0.0
C102987,Company_2987,Netherlands,Europe,1,Hospitality,Nov-50,6842.54,Growth,SMB_Field,SelfServe,2023-01-15,,1,0.08,7.3,0,1327.0,3.949404761904762,336,471.0,1.4017857142857142,8994.05039740622,26.76800713513756,696,4934.57,631.0,4059.4803974062193,1.0,1.0,0.0,1.0,3.0,-0.0633333333333333,7.346666666666667,10.7,3.0
C102988,Company_2988,France,Europe,1,Retail,Nov-50,9014.07,Starter,SMB_Inside,Inbound,2023-04-09,,1,0.16,6.5,0,314.0,0.9345238095238096,336,128.0,0.3809523809523809,4048.0673099130263,12.04781937474115,168,2130.19,146.0,1917.877309913027,0.0,1.0,1.0,0.0,2.0,-0.005,1.19,42.985,1.0
C102989,Company_2989,Canada,North America,0,Unknown,51-200,11518.88,Enterprise,MidMarket,SelfServe,2024-01-25,2025-01-25,0,0.04,5.0,0,3382.0,9.240437158469945,366,1185.0,3.237704918032787,10227.491163606532,27.9439649278867,1531,4846.44,1851.0,5381.051163606532,1.0,1.0,1.0,3.0,6.0,-0.0316666666666666,1.0566666666666666,8.566666666666666,6.0
C102990,Company_2990,Netherlands,Europe,1,Wholesale,51-200,29377.23,Enterprise,MidMarket,Outbound,2023-03-10,,1,0.14,8.0,0,3416.0,10.166666666666666,336,1251.0,3.7232142857142856,10151.190548410206,30.211876632173233,1871,5420.15,1545.0,4731.040548410206,1.0,3.0,1.0,0.0,5.0,-0.07,2.434,16.494,5.0
C102991,Company_2991,France,Europe,1,Unknown,201-1000,130340.84,Enterprise,Enterprise,Outbound,2023-06-15,,1,0.18,5.8,0,3417.0,10.169642857142858,336,1138.0,3.386904761904762,10173.893817289932,30.279445884791464,1897,5552.39,1520.0,4621.503817289932,0.0,2.0,1.0,2.0,5.0,-0.0179999999999999,1.66,8.768,5.0
C102992,Company_2992,Canada,North America,0,Unknown,51-200,31124.01,Enterprise,MidMarket,Outbound,2023-05-26,,1,0.17,8.1,0,3624.0,9.901639344262296,366,1297.0,3.5437158469945356,11365.423576072246,31.053069879978818,1847,5615.17,1777.0,5750.253576072245,0.0,3.0,0.0,2.0,5.0,0.194,1.648,5.566,5.0
C102993,Company_2993,US,North America,0,Wholesale,201-1000,47080.52,Enterprise,Enterprise,Outbound,2024-02-23,2025-02-23,0,0.16,7.9,0,3145.0,8.592896174863387,366,1118.0,3.0546448087431695,9280.21429873973,25.35577677251292,1299,3760.48,1846.0,5519.734298739729,1.0,1.0,0.0,1.0,3.0,-0.04,1.0633333333333332,22.676666666666662,3.0
C102994,Company_2994,Spain,Europe,1,Ecommerce,10-Jan,1260.82,Growth,SMB_Inside,Inbound,2024-03-20,2024-06-19,0,0.23,5.9,1,339.0,1.0089285714285714,336,115.0,0.3422619047619047,2550.72,7.591428571428571,339,2550.72,0.0,0.0,0.0,0.0,0.0,0.0,0.0,0.0,0.0,0.0,0.0
C102995,Company_2995,Canada,North America,0,Healthcare,Nov-50,7347.89,Growth,SMB_Inside,Inbound,2023-03-10,,1,0.12,8.6,0,1463.0,3.9972677595628414,366,498.0,1.360655737704918,9798.340365470149,26.77142176357964,711,4848.05,752.0,4950.290365470149,0.0,2.0,0.0,0.0,2.0,0.28,7.49,22.345,2.0
C102996,Company_2996,UK,Europe,1,Hospitality,1000+,381926.86,Enterprise,Enterprise,Outbound,2023-05-24,,1,0.15,7.0,0,3457.0,10.288690476190476,336,1196.0,3.5595238095238093,10059.899553763791,29.940177243344618,1868,5420.97,1589.0,4638.929553763791,0.0,1.0,0.0,1.0,2.0,-0.145,3.955,9.195,2.0
C102997,Company_2997,UK,Europe,1,Unknown,201-1000,116504.64,Growth,Enterprise,Inbound,2023-03-10,,1,0.06,7.2,0,1386.0,4.125,336,513.0,1.5267857142857142,9200.389696333368,27.38211219146836,792,4942.58,594.0,4257.809696333368,0.0,0.0,1.0,1.0,2.0,-0.315,3.715,5.555,2.0
C102998,Company_2998,Spain,Europe,1,Manufacturing,1000+,461427.14,Growth,Enterprise,Outbound,2023-07-18,,1,0.18,4.8,0,1409.0,4.193452380952381,336,519.0,1.5446428571428572,8885.189995485063,26.444017843705545,732,4819.53,677.0,4065.659995485064,1.0,0.0,0.0,0.0,1.0,-0.62,0.82,3.14,1.0
C102999,Company_2999,US,North America,0,Unknown,1000+,296642.77,Enterprise,Enterprise,Inbound,2023-09-20,,1,0.07,6.3,0,3747.0,10.237704918032788,366,1309.0,3.5765027322404372,11141.608071678264,30.441552108410555,1869,5539.61,1878.0,5601.998071678263,1.0,0.0,3.0,2.0,6.0,-0.09,1.7133333333333336,11.608333333333333,5.0
